mun_code,mun_name_drought,anio,tipo_eleccion,fecha_eleccion,fecha_clima,archivo_clima,drought_spei12_pre_election_pct_15,drought_spei12_pre_election_pct_20,spei12_pre_election_mean
006072,Saavedra,2011,PASO,2011-08-14,2011-07-01,SPEI12_genlogistic_global_era5_moda_ref1991to2020_201107.nc,0,0,-0.6635794639587402
006073,"Castelli, Maipú, Tordillo",2011,PASO,2011-08-14,2011-07-01,SPEI12_genlogistic_global_era5_moda_ref1991to2020_201107.nc,62.094664573669434,0,-1.5332883596420288
066013,Chicoana,2011,PASO,2011-08-14,2011-07-01,SPEI12_genlogistic_global_era5_moda_ref1991to2020_201107.nc,0,0,-0.09562820941209793
018016,"General Alvear, San Martín",2011,PASO,2011-08-14,2011-07-01,SPEI12_genlogistic_global_era5_moda_ref1991to2020_201107.nc,0,0,-0.48870527744293213
006071,"General La Madrid, Laprida",2011,PASO,2011-08-14,2011-07-01,SPEI12_genlogistic_global_era5_moda_ref1991to2020_201107.nc,0,0,-0.3685486912727356
070012,"9 de Julio, San Martín",2011,PASO,2011-08-14,2011-07-01,SPEI12_genlogistic_global_era5_moda_ref1991to2020_201107.nc,0,0,0.2526280879974365
006070,Monte,2011,PASO,2011-08-14,2011-07-01,SPEI12_genlogistic_global_era5_moda_ref1991to2020_201107.nc,100,0,-1.565360426902771
006069,Mar Chiquita,2011,PASO,2011-08-14,2011-07-01,SPEI12_genlogistic_global_era5_moda_ref1991to2020_201107.nc,0,0,-0.5615217685699463
062007,"Conesa, Pichi Mahuida",2011,PASO,2011-08-14,2011-07-01,SPEI12_genlogistic_global_era5_moda_ref1991to2020_201107.nc,0.1616181223653257,0,-0.9201934337615967
046006,"Chamical, General Belgrano",2011,PASO,2011-08-14,2011-07-01,SPEI12_genlogistic_global_era5_moda_ref1991to2020_201107.nc,0,0,-0.7896409034729004
078004,"Lago Buenos Aires, Magallanes, Río Chico",2011,PASO,2011-08-14,2011-07-01,SPEI12_genlogistic_global_era5_moda_ref1991to2020_201107.nc,0,0,-0.10154663771390915
082019,Garay,2011,PASO,2011-08-14,2011-07-01,SPEI12_genlogistic_global_era5_moda_ref1991to2020_201107.nc,0,0,-1.0490466356277466
086015,Avellaneda,2011,PASO,2011-08-14,2011-07-01,SPEI12_genlogistic_global_era5_moda_ref1991to2020_201107.nc,0,0,-0.1887231469154358
066012,"Cafayate, La Vina",2011,PASO,2011-08-14,2011-07-01,SPEI12_genlogistic_global_era5_moda_ref1991to2020_201107.nc,0,0,0.530494749546051
074005,Chacabuco,2011,PASO,2011-08-14,2011-07-01,SPEI12_genlogistic_global_era5_moda_ref1991to2020_201107.nc,0,0,-0.865298867225647
042007,"Hucal, Utracán",2011,PASO,2011-08-14,2011-07-01,SPEI12_genlogistic_global_era5_moda_ref1991to2020_201107.nc,0,0,-0.5387072563171387
070011,Sarmiento,2011,PASO,2011-08-14,2011-07-01,SPEI12_genlogistic_global_era5_moda_ref1991to2020_201107.nc,0,0,-0.6690593361854553
006068,Carlos Casares,2011,PASO,2011-08-14,2011-07-01,SPEI12_genlogistic_global_era5_moda_ref1991to2020_201107.nc,32.05544650554657,0,-1.3920820951461792
026006,"Cushamen, Languiñeo",2011,PASO,2011-08-14,2011-07-01,SPEI12_genlogistic_global_era5_moda_ref1991to2020_201107.nc,0,0,-0.5690833926200867
018015,"Itatí, San Cosme",2011,PASO,2011-08-14,2011-07-01,SPEI12_genlogistic_global_era5_moda_ref1991to2020_201107.nc,0,0,-0.4246336817741394
086014,"Figueroa, Sarmiento",2011,PASO,2011-08-14,2011-07-01,SPEI12_genlogistic_global_era5_moda_ref1991to2020_201107.nc,0,0,-0.143488809466362
006067,San Andrés de Giles,2011,PASO,2011-08-14,2011-07-01,SPEI12_genlogistic_global_era5_moda_ref1991to2020_201107.nc,60.46029329299927,0,-1.4777796268463135
010007,"Antofagasta de la Sierra, Tinogasta",2011,PASO,2011-08-14,2011-07-01,SPEI12_genlogistic_global_era5_moda_ref1991to2020_201107.nc,0,0,0.695275068283081
018014,Saladas,2011,PASO,2011-08-14,2011-07-01,SPEI12_genlogistic_global_era5_moda_ref1991to2020_201107.nc,0,0,-0.672866702079773
046005,"Arauco, Castro Barros, San Blas de los Sauces",2011,PASO,2011-08-14,2011-07-01,SPEI12_genlogistic_global_era5_moda_ref1991to2020_201107.nc,0,0,0.16106627881526947
006066,Rojas,2011,PASO,2011-08-14,2011-07-01,SPEI12_genlogistic_global_era5_moda_ref1991to2020_201107.nc,99.694061279296875,0,-1.6187299489974976
006065,"Carlos Tejedor, Florentino Ameghino, General Pinto",2011,PASO,2011-08-14,2011-07-01,SPEI12_genlogistic_global_era5_moda_ref1991to2020_201107.nc,0.512602785602212,0,-1.287328839302063
086013,"Aguirre, Belgrano, Mitre, Rivadavia",2011,PASO,2011-08-14,2011-07-01,SPEI12_genlogistic_global_era5_moda_ref1991to2020_201107.nc,0,0,-0.5672392249107361
070010,"Calingasta, Iglesia, Ullúm, Zonda",2011,PASO,2011-08-14,2011-07-01,SPEI12_genlogistic_global_era5_moda_ref1991to2020_201107.nc,0,0,0.31891104578971863
086012,"Ojo de Agua, Quebrachos",2011,PASO,2011-08-14,2011-07-01,SPEI12_genlogistic_global_era5_moda_ref1991to2020_201107.nc,0,0,-0.5255809426307678
070009,Albardón,2011,PASO,2011-08-14,2011-07-01,SPEI12_genlogistic_global_era5_moda_ref1991to2020_201107.nc,0,0,0.35606420040130615
022015,Maipú,2011,PASO,2011-08-14,2011-07-01,SPEI12_genlogistic_global_era5_moda_ref1991to2020_201107.nc,0,0,-0.3732614815235138
006064,Las Flores,2011,PASO,2011-08-14,2011-07-01,SPEI12_genlogistic_global_era5_moda_ref1991to2020_201107.nc,7.031432539224625,0,-1.4359641075134277
006063,Colón,2011,PASO,2011-08-14,2011-07-01,SPEI12_genlogistic_global_era5_moda_ref1991to2020_201107.nc,58.06743502616882,0,-1.5630074739456177
022014,Bermejo,2011,PASO,2011-08-14,2011-07-01,SPEI12_genlogistic_global_era5_moda_ref1991to2020_201107.nc,0,0,-0.5004907250404358
006062,"Adolfo Alsina, Salliqueló",2011,PASO,2011-08-14,2011-07-01,SPEI12_genlogistic_global_era5_moda_ref1991to2020_201107.nc,0,0,-0.557738721370697
030011,Tala,2011,PASO,2011-08-14,2011-07-01,SPEI12_genlogistic_global_era5_moda_ref1991to2020_201107.nc,0,0,-1.0335890054702759
042006,"Caleu-Caleu, Cura-Co, Chalileo, Chical-Có, Lihuel Calel, Limay Mahuida, Leventué, Puelén",2011,PASO,2011-08-14,2011-07-01,SPEI12_genlogistic_global_era5_moda_ref1991to2020_201107.nc,0,0,-0.7592220902442932
050017,"La Paz, Santa Rosa",2011,PASO,2011-08-14,2011-07-01,SPEI12_genlogistic_global_era5_moda_ref1991to2020_201107.nc,0,0,-0.6743510961532593
066011,"Cachí, La Poma, Los Andes, Molinos, San Carlos",2011,PASO,2011-08-14,2011-07-01,SPEI12_genlogistic_global_era5_moda_ref1991to2020_201107.nc,0,0,0.8436155915260315
006061,Brandsen,2011,PASO,2011-08-14,2011-07-01,SPEI12_genlogistic_global_era5_moda_ref1991to2020_201107.nc,86.10215783119202,0,-1.58775794506073
046004,"General Ocampo, General San Martín, Rosario Vera Peñaloza",2011,PASO,2011-08-14,2011-07-01,SPEI12_genlogistic_global_era5_moda_ref1991to2020_201107.nc,0,0,-0.6714717149734497
006060,"Daireaux, Hipólito Yrigoyen",2011,PASO,2011-08-14,2011-07-01,SPEI12_genlogistic_global_era5_moda_ref1991to2020_201107.nc,0,0,-0.8357018828392029
006059,Dolores,2011,PASO,2011-08-14,2011-07-01,SPEI12_genlogistic_global_era5_moda_ref1991to2020_201107.nc,93.60378980636597,0,-1.6452115774154663
070008,"Jachal, Valle Fértil",2011,PASO,2011-08-14,2011-07-01,SPEI12_genlogistic_global_era5_moda_ref1991to2020_201107.nc,0,0,0.41839921474456787
078003,"Corpen Aike, Lago Argentino",2011,PASO,2011-08-14,2011-07-01,SPEI12_genlogistic_global_era5_moda_ref1991to2020_201107.nc,0,0,0.22502194344997406
054015,Candelaria,2011,PASO,2011-08-14,2011-07-01,SPEI12_genlogistic_global_era5_moda_ref1991to2020_201107.nc,0,0,0.16254818439483643
054014,25 de Mayo,2011,PASO,2011-08-14,2011-07-01,SPEI12_genlogistic_global_era5_moda_ref1991to2020_201107.nc,0,0,0.5908757448196411
042005,"Chapaleufú, Realicó",2011,PASO,2011-08-14,2011-07-01,SPEI12_genlogistic_global_era5_moda_ref1991to2020_201107.nc,12.052261084318161,0,-1.269255518913269
074004,Junín,2011,PASO,2011-08-14,2011-07-01,SPEI12_genlogistic_global_era5_moda_ref1991to2020_201107.nc,0,0,-0.9951549172401428
050016,Malargue,2011,PASO,2011-08-14,2011-07-01,SPEI12_genlogistic_global_era5_moda_ref1991to2020_201107.nc,0,0,-0.7511734366416931
066010,Rivadavia,2011,PASO,2011-08-14,2011-07-01,SPEI12_genlogistic_global_era5_moda_ref1991to2020_201107.nc,0,0,-0.4925655424594879
018013,Lavalle,2011,PASO,2011-08-14,2011-07-01,SPEI12_genlogistic_global_era5_moda_ref1991to2020_201107.nc,0,0,-0.5819241404533386
006058,"General Belgrano, General Paz",2011,PASO,2011-08-14,2011-07-01,SPEI12_genlogistic_global_era5_moda_ref1991to2020_201107.nc,77.71954536437988,0,-1.544245719909668
086011,"Loreto, Silipica",2011,PASO,2011-08-14,2011-07-01,SPEI12_genlogistic_global_era5_moda_ref1991to2020_201107.nc,0,0,-0.5565657615661621
010006,"Ancasti, El Alto, La Paz",2011,PASO,2011-08-14,2011-07-01,SPEI12_genlogistic_global_era5_moda_ref1991to2020_201107.nc,0,0,-0.6890649199485779
034005,"Matacos, Ramón Lista",2011,PASO,2011-08-14,2011-07-01,SPEI12_genlogistic_global_era5_moda_ref1991to2020_201107.nc,0,0,-0.717242956161499
006057,Exaltación de la Cruz,2011,PASO,2011-08-14,2011-07-01,SPEI12_genlogistic_global_era5_moda_ref1991to2020_201107.nc,0,0,-1.3573484420776367
006056,Arrecifes,2011,PASO,2011-08-14,2011-07-01,SPEI12_genlogistic_global_era5_moda_ref1991to2020_201107.nc,19.919408857822418,0,-1.4041987657546997
082018,9 de Julio,2011,PASO,2011-08-14,2011-07-01,SPEI12_genlogistic_global_era5_moda_ref1991to2020_201107.nc,0,0,-0.5126806497573853
062006,San Antonio,2011,PASO,2011-08-14,2011-07-01,SPEI12_genlogistic_global_era5_moda_ref1991to2020_201107.nc,54.84092831611633,0,-1.5445879697799683
006055,Patagones,2011,PASO,2011-08-14,2011-07-01,SPEI12_genlogistic_global_era5_moda_ref1991to2020_201107.nc,0,0,-0.7746560573577881
086010,Copo,2011,PASO,2011-08-14,2011-07-01,SPEI12_genlogistic_global_era5_moda_ref1991to2020_201107.nc,0,0,-0.27825525403022766
014021,"Río Seco, Sobremonte, Tulumba",2011,PASO,2011-08-14,2011-07-01,SPEI12_genlogistic_global_era5_moda_ref1991to2020_201107.nc,3.5298150032758713,3.5298150032758713,-1.146028995513916
054013,San Pedro,2011,PASO,2011-08-14,2011-07-01,SPEI12_genlogistic_global_era5_moda_ref1991to2020_201107.nc,0,0,0.4647485017776489
006054,"General Juan Madariaga, Pinamar, Villa Gesell",2011,PASO,2011-08-14,2011-07-01,SPEI12_genlogistic_global_era5_moda_ref1991to2020_201107.nc,19.098523259162903,0,-1.1789206266403198
018012,Esquina,2011,PASO,2011-08-14,2011-07-01,SPEI12_genlogistic_global_era5_moda_ref1991to2020_201107.nc,0,0,-0.8322480916976929
022013,Chacabuco,2011,PASO,2011-08-14,2011-07-01,SPEI12_genlogistic_global_era5_moda_ref1991to2020_201107.nc,0,0,-0.7024694085121155
006053,General Villegas,2011,PASO,2011-08-14,2011-07-01,SPEI12_genlogistic_global_era5_moda_ref1991to2020_201107.nc,9.46275144815445,0,-1.3923403024673462
038006,"Humahuaca, Tilcara, Valle Grande",2011,PASO,2011-08-14,2011-07-01,SPEI12_genlogistic_global_era5_moda_ref1991to2020_201107.nc,0,0,-0.22730161249637604
006052,"General Arenales, Leandro N. Alem",2011,PASO,2011-08-14,2011-07-01,SPEI12_genlogistic_global_era5_moda_ref1991to2020_201107.nc,95.64136266708374,0,-1.6183397769927979
086009,"Atamisqui, Salavina, San Martín",2011,PASO,2011-08-14,2011-07-01,SPEI12_genlogistic_global_era5_moda_ref1991to2020_201107.nc,0,0,-0.20581717789173126
046003,"Coronel Felipe Varela, Famatina, General Angel V. Peñaloza, General Juan F. Quiroga, General Lamadrid, Vinchina, Independencia, Sanagasta",2011,PASO,2011-08-14,2011-07-01,SPEI12_genlogistic_global_era5_moda_ref1991to2020_201107.nc,0,0,0.2392367571592331
054012,"Concepción, San Javier",2011,PASO,2011-08-14,2011-07-01,SPEI12_genlogistic_global_era5_moda_ref1991to2020_201107.nc,0,0,0.007337423041462898
082017,San Javier,2011,PASO,2011-08-14,2011-07-01,SPEI12_genlogistic_global_era5_moda_ref1991to2020_201107.nc,0,0,-0.6947763562202454
006051,Baradero,2011,PASO,2011-08-14,2011-07-01,SPEI12_genlogistic_global_era5_moda_ref1991to2020_201107.nc,0,0,-1.2814518213272095
006050,Saladillo,2011,PASO,2011-08-14,2011-07-01,SPEI12_genlogistic_global_era5_moda_ref1991to2020_201107.nc,73.44041466712952,0,-1.5841702222824097
050015,Tupungato,2011,PASO,2011-08-14,2011-07-01,SPEI12_genlogistic_global_era5_moda_ref1991to2020_201107.nc,0,0,-1.1681028604507446
050014,San Carlos,2011,PASO,2011-08-14,2011-07-01,SPEI12_genlogistic_global_era5_moda_ref1991to2020_201107.nc,0.6530356593430042,0,-1.1105726957321167
006049,Salto,2011,PASO,2011-08-14,2011-07-01,SPEI12_genlogistic_global_era5_moda_ref1991to2020_201107.nc,85.82367300987244,0,-1.5231966972351074
006048,Ramallo,2011,PASO,2011-08-14,2011-07-01,SPEI12_genlogistic_global_era5_moda_ref1991to2020_201107.nc,0,0,-1.1507242918014526
022012,"12 de Octubre, 2 de Abril, Fray Justo Sta. María de Oro",2011,PASO,2011-08-14,2011-07-01,SPEI12_genlogistic_global_era5_moda_ref1991to2020_201107.nc,0,0,-0.784424901008606
022011,Quitilipi,2011,PASO,2011-08-14,2011-07-01,SPEI12_genlogistic_global_era5_moda_ref1991to2020_201107.nc,0,0,-0.5457648038864136
022010,Almirante Brown,2011,PASO,2011-08-14,2011-07-01,SPEI12_genlogistic_global_era5_moda_ref1991to2020_201107.nc,0,0,0.07596411556005478
022009,"General Belgrano, Independencia",2011,PASO,2011-08-14,2011-07-01,SPEI12_genlogistic_global_era5_moda_ref1991to2020_201107.nc,0,0,-0.588346540927887
042004,"Atreucó, Catriló, Guatrache, Quemú-Quemú",2011,PASO,2011-08-14,2011-07-01,SPEI12_genlogistic_global_era5_moda_ref1991to2020_201107.nc,0,0,-0.7736344337463379
062005,Avellaneda,2011,PASO,2011-08-14,2011-07-01,SPEI12_genlogistic_global_era5_moda_ref1991to2020_201107.nc,0,0,-1.1856554746627808
030010,Victoria,2011,PASO,2011-08-14,2011-07-01,SPEI12_genlogistic_global_era5_moda_ref1991to2020_201107.nc,0,0,-1.1293433904647827
066009,Cerrillos,2011,PASO,2011-08-14,2011-07-01,SPEI12_genlogistic_global_era5_moda_ref1991to2020_201107.nc,0,0,-0.2640109360218048
010005,"Ambato, Capayán, Paclín, Santa Rosa",2011,PASO,2011-08-14,2011-07-01,SPEI12_genlogistic_global_era5_moda_ref1991to2020_201107.nc,0,0,-0.42945876717567444
086008,"Jiménez, Pellegrini",2011,PASO,2011-08-14,2011-07-01,SPEI12_genlogistic_global_era5_moda_ref1991to2020_201107.nc,0,0,-0.27024516463279724
014020,General Roca,2011,PASO,2011-08-14,2011-07-01,SPEI12_genlogistic_global_era5_moda_ref1991to2020_201107.nc,14.854802191257477,0,-1.3474003076553345
014019,San Alberto,2011,PASO,2011-08-14,2011-07-01,SPEI12_genlogistic_global_era5_moda_ref1991to2020_201107.nc,0,0,-0.9655004143714905
054011,Montecarlo,2011,PASO,2011-08-14,2011-07-01,SPEI12_genlogistic_global_era5_moda_ref1991to2020_201107.nc,0,0,0.31481096148490906
014018,Presidente Roque Saénz Peña,2011,PASO,2011-08-14,2011-07-01,SPEI12_genlogistic_global_era5_moda_ref1991to2020_201107.nc,0,0,-1.3635791540145874
050013,Lavalle,2011,PASO,2011-08-14,2011-07-01,SPEI12_genlogistic_global_era5_moda_ref1991to2020_201107.nc,0,0,-0.3226079046726227
006047,"Capitán Sarmiento, San Antonio de Areco",2011,PASO,2011-08-14,2011-07-01,SPEI12_genlogistic_global_era5_moda_ref1991to2020_201107.nc,14.032301306724548,0,-1.4317505359649658
018011,Monte Caseros,2011,PASO,2011-08-14,2011-07-01,SPEI12_genlogistic_global_era5_moda_ref1991to2020_201107.nc,0,0,-1.1937181949615479
010004,"Belén, Pomán",2011,PASO,2011-08-14,2011-07-01,SPEI12_genlogistic_global_era5_moda_ref1991to2020_201107.nc,3.6757100373506546,3.6757100373506546,-0.031710151582956314
058005,Zapala,2011,PASO,2011-08-14,2011-07-01,SPEI12_genlogistic_global_era5_moda_ref1991to2020_201107.nc,0,0,-1.08401358127594
006046,"Guaminí, Pellegrini, Rivadavia, Tres Lomas",2011,PASO,2011-08-14,2011-07-01,SPEI12_genlogistic_global_era5_moda_ref1991to2020_201107.nc,0,0,-0.9007827043533325
018010,Bella Vista,2011,PASO,2011-08-14,2011-07-01,SPEI12_genlogistic_global_era5_moda_ref1991to2020_201107.nc,0,0,-0.6938492059707642
006045,Coronel Suárez,2011,PASO,2011-08-14,2011-07-01,SPEI12_genlogistic_global_era5_moda_ref1991to2020_201107.nc,0,0,-0.7443586587905884
058004,"Chos Malal, Pehuenches",2011,PASO,2011-08-14,2011-07-01,SPEI12_genlogistic_global_era5_moda_ref1991to2020_201107.nc,0,0,-0.5180572867393494
090005,Burruyacú,2011,PASO,2011-08-14,2011-07-01,SPEI12_genlogistic_global_era5_moda_ref1991to2020_201107.nc,0,0,-0.46359407901763916
050012,Junín,2011,PASO,2011-08-14,2011-07-01,SPEI12_genlogistic_global_era5_moda_ref1991to2020_201107.nc,0,0,-0.5640304684638977
066008,"Guachipas, La Candelaria, Rosario de la Frontera",2011,PASO,2011-08-14,2011-07-01,SPEI12_genlogistic_global_era5_moda_ref1991to2020_201107.nc,0,0,0.13063013553619385
006044,Pehuajó,2011,PASO,2011-08-14,2011-07-01,SPEI12_genlogistic_global_era5_moda_ref1991to2020_201107.nc,0,0,-1.1283588409423828
086007,General Taboada,2011,PASO,2011-08-14,2011-07-01,SPEI12_genlogistic_global_era5_moda_ref1991to2020_201107.nc,0,0,-0.545218825340271
030009,Nogoyá,2011,PASO,2011-08-14,2011-07-01,SPEI12_genlogistic_global_era5_moda_ref1991to2020_201107.nc,0,0,-1.0379040241241455
026005,"Florentino Ameghino, Gaimán, Gastre, Mártires, Paso de los Indios, Río Senguer, Sarmiento, Tehuelches, Telsen",2011,PASO,2011-08-14,2011-07-01,SPEI12_genlogistic_global_era5_moda_ref1991to2020_201107.nc,7.266951352357864,0,-0.617041826248169
010003,"Fray Mamerto Esquiú, Valle Viejo",2011,PASO,2011-08-14,2011-07-01,SPEI12_genlogistic_global_era5_moda_ref1991to2020_201107.nc,0,0,-0.5777419209480286
066007,Metán,2011,PASO,2011-08-14,2011-07-01,SPEI12_genlogistic_global_era5_moda_ref1991to2020_201107.nc,0,0,0.030590340495109558
006043,"Adolfo González Chaves, Benito Juárez, San Cayetano",2011,PASO,2011-08-14,2011-07-01,SPEI12_genlogistic_global_era5_moda_ref1991to2020_201107.nc,0,0,-0.4381791353225708
018009,Mercedes,2011,PASO,2011-08-14,2011-07-01,SPEI12_genlogistic_global_era5_moda_ref1991to2020_201107.nc,0,0,-0.69847172498703
010002,"Andalgalá, Santa María",2011,PASO,2011-08-14,2011-07-01,SPEI12_genlogistic_global_era5_moda_ref1991to2020_201107.nc,0,0,0.607354462146759
018008,"Empedrado, Mburucuyá, San Luis del Palmar",2011,PASO,2011-08-14,2011-07-01,SPEI12_genlogistic_global_era5_moda_ref1991to2020_201107.nc,0,0,-0.5155191421508789
006042,Bragado,2011,PASO,2011-08-14,2011-07-01,SPEI12_genlogistic_global_era5_moda_ref1991to2020_201107.nc,100,0,-1.7591383457183838
006041,General Alvarado,2011,PASO,2011-08-14,2011-07-01,SPEI12_genlogistic_global_era5_moda_ref1991to2020_201107.nc,0,0,-0.41660794615745544
062004,"El Cuy, 9 de Julio, Ñorquincó, Pilcaniyeu, Valcheta, 25 de Mayo",2011,PASO,2011-08-14,2011-07-01,SPEI12_genlogistic_global_era5_moda_ref1991to2020_201107.nc,12.228959053754807,0,-1.2007908821105957
074003,"Ayacucho, Belgrano, Coronel Pringles, Libertador General San Martín",2011,PASO,2011-08-14,2011-07-01,SPEI12_genlogistic_global_era5_moda_ref1991to2020_201107.nc,0,0,-0.7723853588104248
018007,"Ituzaingó, San Miguel",2011,PASO,2011-08-14,2011-07-01,SPEI12_genlogistic_global_era5_moda_ref1991to2020_201107.nc,0,0,-0.003759648883715272
082016,San Justo,2011,PASO,2011-08-14,2011-07-01,SPEI12_genlogistic_global_era5_moda_ref1991to2020_201107.nc,0,0,-0.975415050983429
006040,"Carmen de Areco, Navarro, Suipacha",2011,PASO,2011-08-14,2011-07-01,SPEI12_genlogistic_global_era5_moda_ref1991to2020_201107.nc,93.26680302619934,0,-1.5721616744995117
006039,"Ayacucho, General Guido, Pila, Rauch",2011,PASO,2011-08-14,2011-07-01,SPEI12_genlogistic_global_era5_moda_ref1991to2020_201107.nc,11.894997954368591,0,-1.06796133518219
042003,"Conhello, Rancul, Toay, Trenel",2011,PASO,2011-08-14,2011-07-01,SPEI12_genlogistic_global_era5_moda_ref1991to2020_201107.nc,0,0,-0.9120950698852539
086006,"Choya, Guasayan",2011,PASO,2011-08-14,2011-07-01,SPEI12_genlogistic_global_era5_moda_ref1991to2020_201107.nc,0,0,-0.6471818089485168
054010,General Manuel Belgrano,2011,PASO,2011-08-14,2011-07-01,SPEI12_genlogistic_global_era5_moda_ref1991to2020_201107.nc,0,0,-0.08371279388666153
006038,Trenque Lauquen,2011,PASO,2011-08-14,2011-07-01,SPEI12_genlogistic_global_era5_moda_ref1991to2020_201107.nc,0,0,-1.1170934438705444
026004,Futaleufú,2011,PASO,2011-08-14,2011-07-01,SPEI12_genlogistic_global_era5_moda_ref1991to2020_201107.nc,0,0,-0.49522554874420166
054009,Apóstoles,2011,PASO,2011-08-14,2011-07-01,SPEI12_genlogistic_global_era5_moda_ref1991to2020_201107.nc,0,0,-0.058083631098270416
022008,"General Donovan, Libertad, Presidencia de La Plaza, Tapenaga",2011,PASO,2011-08-14,2011-07-01,SPEI12_genlogistic_global_era5_moda_ref1991to2020_201107.nc,0,0,-0.6979684829711914
006037,"Puan, Villarino",2011,PASO,2011-08-14,2011-07-01,SPEI12_genlogistic_global_era5_moda_ref1991to2020_201107.nc,0,0,-0.8809460401535034
038005,"Cochinoca, Rinconada, Santa Catalina, Susques, Tumbaya, Yaví",2011,PASO,2011-08-14,2011-07-01,SPEI12_genlogistic_global_era5_moda_ref1991to2020_201107.nc,0,0,0.4068083167076111
086005,Robles,2011,PASO,2011-08-14,2011-07-01,SPEI12_genlogistic_global_era5_moda_ref1991to2020_201107.nc,0,0,-0.13203555345535278
030008,Diamante,2011,PASO,2011-08-14,2011-07-01,SPEI12_genlogistic_global_era5_moda_ref1991to2020_201107.nc,0,0,-1.1096477508544922
082015,Belgrano,2011,PASO,2011-08-14,2011-07-01,SPEI12_genlogistic_global_era5_moda_ref1991to2020_201107.nc,7.6974548399448395,0,-1.4151005744934082
050011,General Alvear,2011,PASO,2011-08-14,2011-07-01,SPEI12_genlogistic_global_era5_moda_ref1991to2020_201107.nc,0,0,-0.8504461646080017
014017,Río Primero,2011,PASO,2011-08-14,2011-07-01,SPEI12_genlogistic_global_era5_moda_ref1991to2020_201107.nc,0,0,-1.161970615386963
006036,9 de Julio,2011,PASO,2011-08-14,2011-07-01,SPEI12_genlogistic_global_era5_moda_ref1991to2020_201107.nc,94.49310898780823,0,-1.604734182357788
066006,General Güemes,2011,PASO,2011-08-14,2011-07-01,SPEI12_genlogistic_global_era5_moda_ref1991to2020_201107.nc,0,0,-0.19565248489379883
066005,"La Caldera, Rosario de Lerma",2011,PASO,2011-08-14,2011-07-01,SPEI12_genlogistic_global_era5_moda_ref1991to2020_201107.nc,0,0,0.08550970256328583
054008,Libertador General San Martín,2011,PASO,2011-08-14,2011-07-01,SPEI12_genlogistic_global_era5_moda_ref1991to2020_201107.nc,0,0,0.49831703305244446
070007,Santa Lucía,2011,PASO,2011-08-14,2011-07-01,SPEI12_genlogistic_global_era5_moda_ref1991to2020_201107.nc,0,0,0.0018994967686012387
018006,Paso de los Libres,2011,PASO,2011-08-14,2011-07-01,SPEI12_genlogistic_global_era5_moda_ref1991to2020_201107.nc,0,0,-0.9153452515602112
022007,"9 de Julio, O'Higgins",2011,PASO,2011-08-14,2011-07-01,SPEI12_genlogistic_global_era5_moda_ref1991to2020_201107.nc,0,0,-0.7026411294937134
006035,Chacabuco,2011,PASO,2011-08-14,2011-07-01,SPEI12_genlogistic_global_era5_moda_ref1991to2020_201107.nc,100,0,-1.606439232826233
046002,Chilecito,2011,PASO,2011-08-14,2011-07-01,SPEI12_genlogistic_global_era5_moda_ref1991to2020_201107.nc,0,0,-0.10973890870809555
014016,"Ischilín, Totoral",2011,PASO,2011-08-14,2011-07-01,SPEI12_genlogistic_global_era5_moda_ref1991to2020_201107.nc,0,0,-0.993019700050354
050010,Tunuyán,2011,PASO,2011-08-14,2011-07-01,SPEI12_genlogistic_global_era5_moda_ref1991to2020_201107.nc,0,0,-1.0784848928451538
006034,"Coronel Dorrego, Coronel Pringles, Monte Hermoso, Tornquist",2011,PASO,2011-08-14,2011-07-01,SPEI12_genlogistic_global_era5_moda_ref1991to2020_201107.nc,0,0,-0.7052286863327026
006033,"General Las Heras, Lobos",2011,PASO,2011-08-14,2011-07-01,SPEI12_genlogistic_global_era5_moda_ref1991to2020_201107.nc,91.29600524902344,0,-1.5624136924743652
030007,Gualeguay,2011,PASO,2011-08-14,2011-07-01,SPEI12_genlogistic_global_era5_moda_ref1991to2020_201107.nc,0,0,-1.066426396369934
014015,Calamuchita,2011,PASO,2011-08-14,2011-07-01,SPEI12_genlogistic_global_era5_moda_ref1991to2020_201107.nc,0,0,-0.9718208312988281
082014,Vera,2011,PASO,2011-08-14,2011-07-01,SPEI12_genlogistic_global_era5_moda_ref1991to2020_201107.nc,0,0,-0.462312787771225
006032,Marcos Paz,2011,PASO,2011-08-14,2011-07-01,SPEI12_genlogistic_global_era5_moda_ref1991to2020_201107.nc,20.675194263458252,0,-1.4767985343933105
070006,Pocito,2011,PASO,2011-08-14,2011-07-01,SPEI12_genlogistic_global_era5_moda_ref1991to2020_201107.nc,0,0,-0.5558081269264221
018005,"Curuzú Cuatiá, Sauce",2011,PASO,2011-08-14,2011-07-01,SPEI12_genlogistic_global_era5_moda_ref1991to2020_201107.nc,0,0,-1.0240286588668823
014014,San Javier,2011,PASO,2011-08-14,2011-07-01,SPEI12_genlogistic_global_era5_moda_ref1991to2020_201107.nc,0,0,-0.8834158778190613
006031,Cañuelas,2011,PASO,2011-08-14,2011-07-01,SPEI12_genlogistic_global_era5_moda_ref1991to2020_201107.nc,100,0,-1.5775885581970215
006030,"Bolívar, General Alvear, Tapalqué",2011,PASO,2011-08-14,2011-07-01,SPEI12_genlogistic_global_era5_moda_ref1991to2020_201107.nc,15.936329960823059,0,-1.1341496706008911
054007,Cainguas,2011,PASO,2011-08-14,2011-07-01,SPEI12_genlogistic_global_era5_moda_ref1991to2020_201107.nc,0,0,0.576304018497467
058003,"Huiliches, Lácar, Los Lagos",2011,PASO,2011-08-14,2011-07-01,SPEI12_genlogistic_global_era5_moda_ref1991to2020_201107.nc,0,0,-0.38974469900131226
086004,Río Hondo,2011,PASO,2011-08-14,2011-07-01,SPEI12_genlogistic_global_era5_moda_ref1991to2020_201107.nc,0,0,-0.11784259974956512
022006,Mayor Luis J. Fontana,2011,PASO,2011-08-14,2011-07-01,SPEI12_genlogistic_global_era5_moda_ref1991to2020_201107.nc,0,0,-0.8061689138412476
090004,Leales,2011,PASO,2011-08-14,2011-07-01,SPEI12_genlogistic_global_era5_moda_ref1991to2020_201107.nc,0,0,-0.046885743737220764
058002,"Aluminé, Añelo, Catán-Lil, Collón-Cura, Loncopué, Minas, Ñorquin, Picún-Leufú, Picunches",2011,PASO,2011-08-14,2011-07-01,SPEI12_genlogistic_global_era5_moda_ref1991to2020_201107.nc,0,0,-0.6479266881942749
018004,"Berón de Astrada, Concepción, General Paz, San Roque",2011,PASO,2011-08-14,2011-07-01,SPEI12_genlogistic_global_era5_moda_ref1991to2020_201107.nc,0,0,-0.4995307922363281
050009,Rivadavia,2011,PASO,2011-08-14,2011-07-01,SPEI12_genlogistic_global_era5_moda_ref1991to2020_201107.nc,0,0,-0.771974503993988
006029,Ensenada,2011,PASO,2011-08-14,2011-07-01,SPEI12_genlogistic_global_era5_moda_ref1991to2020_201107.nc,0,0,-1.0647791624069214
006028,Tres Arroyos,2011,PASO,2011-08-14,2011-07-01,SPEI12_genlogistic_global_era5_moda_ref1991to2020_201107.nc,0,0,-0.6937782168388367
066004,Anta,2011,PASO,2011-08-14,2011-07-01,SPEI12_genlogistic_global_era5_moda_ref1991to2020_201107.nc,0,0,-0.32337793707847595
054006,San Ignacio,2011,PASO,2011-08-14,2011-07-01,SPEI12_genlogistic_global_era5_moda_ref1991to2020_201107.nc,0,0,0.41574808955192566
042002,Maracó,2011,PASO,2011-08-14,2011-07-01,SPEI12_genlogistic_global_era5_moda_ref1991to2020_201107.nc,0,0,-1.138285517692566
062003,Adolfo Alsina,2011,PASO,2011-08-14,2011-07-01,SPEI12_genlogistic_global_era5_moda_ref1991to2020_201107.nc,0,0,-0.7193495035171509
006027,San Pedro,2011,PASO,2011-08-14,2011-07-01,SPEI12_genlogistic_global_era5_moda_ref1991to2020_201107.nc,0,0,-1.2460646629333496
018003,Santo Tomé,2011,PASO,2011-08-14,2011-07-01,SPEI12_genlogistic_global_era5_moda_ref1991to2020_201107.nc,0,0,-0.1672368198633194
006026,"Alberti, Roque Pérez, 25 de Mayo",2011,PASO,2011-08-14,2011-07-01,SPEI12_genlogistic_global_era5_moda_ref1991to2020_201107.nc,96.65310382843018,0,-1.666477918624878
006025,"Chascomus, Magdalena, Punta Indio",2011,PASO,2011-08-14,2011-07-01,SPEI12_genlogistic_global_era5_moda_ref1991to2020_201107.nc,76.24248266220093,0,-1.559827208518982
006024,"General Viamonte, Lincoln",2011,PASO,2011-08-14,2011-07-01,SPEI12_genlogistic_global_era5_moda_ref1991to2020_201107.nc,51.183873414993286,0,-1.4985356330871582
022005,"San Lorenzo, Sargento Cabral, 25 de Mayo",2011,PASO,2011-08-14,2011-07-01,SPEI12_genlogistic_global_era5_moda_ref1991to2020_201107.nc,0,0,-0.6154104471206665
006023,Coronel de Marine L. Rosales,2011,PASO,2011-08-14,2011-07-01,SPEI12_genlogistic_global_era5_moda_ref1991to2020_201107.nc,0,0,-0.7799283266067505
006022,"Balcarce, Lobería",2011,PASO,2011-08-14,2011-07-01,SPEI12_genlogistic_global_era5_moda_ref1991to2020_201107.nc,0,0,-0.3678242862224579
006021,Mercedes,2011,PASO,2011-08-14,2011-07-01,SPEI12_genlogistic_global_era5_moda_ref1991to2020_201107.nc,92.03797578811646,0,-1.543568730354309
014013,Juárez Celman,2011,PASO,2011-08-14,2011-07-01,SPEI12_genlogistic_global_era5_moda_ref1991to2020_201107.nc,0.4232676699757576,0,-1.231161117553711
070005,"Angaco, Caucete, 25 de Mayo",2011,PASO,2011-08-14,2011-07-01,SPEI12_genlogistic_global_era5_moda_ref1991to2020_201107.nc,0,0,0.12325054407119751
082013,San Martín,2011,PASO,2011-08-14,2011-07-01,SPEI12_genlogistic_global_era5_moda_ref1991to2020_201107.nc,0,0,-1.1641746759414673
006020,Chivilcoy,2011,PASO,2011-08-14,2011-07-01,SPEI12_genlogistic_global_era5_moda_ref1991to2020_201107.nc,100,0,-1.6544110774993896
006019,Azul,2011,PASO,2011-08-14,2011-07-01,SPEI12_genlogistic_global_era5_moda_ref1991to2020_201107.nc,0,0,-0.7919456958770752
082012,Iriondo,2011,PASO,2011-08-14,2011-07-01,SPEI12_genlogistic_global_era5_moda_ref1991to2020_201107.nc,0,0,-1.3211085796356201
086003,"Alberdi, Juan F. Ibarra, Moreno",2011,PASO,2011-08-14,2011-07-01,SPEI12_genlogistic_global_era5_moda_ref1991to2020_201107.nc,0,0,-0.561928927898407
082011,San Cristóbal,2011,PASO,2011-08-14,2011-07-01,SPEI12_genlogistic_global_era5_moda_ref1991to2020_201107.nc,0,0,-0.8840267062187195
022004,General Güemes,2011,PASO,2011-08-14,2011-07-01,SPEI12_genlogistic_global_era5_moda_ref1991to2020_201107.nc,0,0,0.0938894972205162
030006,La Paz,2011,PASO,2011-08-14,2011-07-01,SPEI12_genlogistic_global_era5_moda_ref1991to2020_201107.nc,0,0,-0.9323702454566956
030005,Federación,2011,PASO,2011-08-14,2011-07-01,SPEI12_genlogistic_global_era5_moda_ref1991to2020_201107.nc,0,0,-1.2487179040908813
054005,Guaraní,2011,PASO,2011-08-14,2011-07-01,SPEI12_genlogistic_global_era5_moda_ref1991to2020_201107.nc,0,0,0.5965580344200134
014012,"Cruz del Eje, Minas, Pocho",2011,PASO,2011-08-14,2011-07-01,SPEI12_genlogistic_global_era5_moda_ref1991to2020_201107.nc,4.990774765610695,0,-0.9199321866035461
022003,"Libertador General San Martín, 1 de Mayo",2011,PASO,2011-08-14,2011-07-01,SPEI12_genlogistic_global_era5_moda_ref1991to2020_201107.nc,0,0,-0.352342814207077
094001,"Río Grande, Antarctic Argentina",2011,PASO,2011-08-14,2011-07-01,SPEI12_genlogistic_global_era5_moda_ref1991to2020_201107.nc,0,0,0.09726691246032715
006018,"General Lavalle, La Costa",2011,PASO,2011-08-14,2011-07-01,SPEI12_genlogistic_global_era5_moda_ref1991to2020_201107.nc,92.290598154068,0,-1.6357957124710083
038004,San Pedro,2011,PASO,2011-08-14,2011-07-01,SPEI12_genlogistic_global_era5_moda_ref1991to2020_201107.nc,0,0,-0.4223264157772064
054004,El Dorado,2011,PASO,2011-08-14,2011-07-01,SPEI12_genlogistic_global_era5_moda_ref1991to2020_201107.nc,0,0,0.22476743161678314
082010,Caseros,2011,PASO,2011-08-14,2011-07-01,SPEI12_genlogistic_global_era5_moda_ref1991to2020_201107.nc,57.83156752586365,0,-1.5139796733856201
026003,Biedma,2011,PASO,2011-08-14,2011-07-01,SPEI12_genlogistic_global_era5_moda_ref1991to2020_201107.nc,61.06400489807129,0,-1.5206042528152466
082009,San Jerónimo,2011,PASO,2011-08-14,2011-07-01,SPEI12_genlogistic_global_era5_moda_ref1991to2020_201107.nc,0,0,-1.1385219097137451
054003,Iguazú,2011,PASO,2011-08-14,2011-07-01,SPEI12_genlogistic_global_era5_moda_ref1991to2020_201107.nc,0,0,-0.010660015977919102
034004,"Bermejo, Patiño",2011,PASO,2011-08-14,2011-07-01,SPEI12_genlogistic_global_era5_moda_ref1991to2020_201107.nc,0,0,-0.35443660616874695
006017,"Presidente Perón, San Vicente",2011,PASO,2011-08-14,2011-07-01,SPEI12_genlogistic_global_era5_moda_ref1991to2020_201107.nc,71.3046669960022,0,-1.5332266092300415
070004,Rivadavia,2011,PASO,2011-08-14,2011-07-01,SPEI12_genlogistic_global_era5_moda_ref1991to2020_201107.nc,0,0,-0.33569082617759705
034003,Pilcomayo,2011,PASO,2011-08-14,2011-07-01,SPEI12_genlogistic_global_era5_moda_ref1991to2020_201107.nc,0,0,-0.4951549470424652
006016,General Rodríguez,2011,PASO,2011-08-14,2011-07-01,SPEI12_genlogistic_global_era5_moda_ref1991to2020_201107.nc,0.23894780315458775,0,-1.4700268507003784
070003,Chimbas,2011,PASO,2011-08-14,2011-07-01,SPEI12_genlogistic_global_era5_moda_ref1991to2020_201107.nc,0,0,-0.002497637877240777
006015,Berisso,2011,PASO,2011-08-14,2011-07-01,SPEI12_genlogistic_global_era5_moda_ref1991to2020_201107.nc,0,0,-1.2080734968185425
082008,Constitución,2011,PASO,2011-08-14,2011-07-01,SPEI12_genlogistic_global_era5_moda_ref1991to2020_201107.nc,22.597625851631165,0,-1.3295958042144775
006014,Junín,2011,PASO,2011-08-14,2011-07-01,SPEI12_genlogistic_global_era5_moda_ref1991to2020_201107.nc,100,0,-1.611952781677246
018002,Goya,2011,PASO,2011-08-14,2011-07-01,SPEI12_genlogistic_global_era5_moda_ref1991to2020_201107.nc,0,0,-0.5867512822151184
006013,Necochea,2011,PASO,2011-08-14,2011-07-01,SPEI12_genlogistic_global_era5_moda_ref1991to2020_201107.nc,0,0,-0.36359065771102905
006012,Campana,2011,PASO,2011-08-14,2011-07-01,SPEI12_genlogistic_global_era5_moda_ref1991to2020_201107.nc,0,0,-1.1362311840057373
014011,Santa María,2011,PASO,2011-08-14,2011-07-01,SPEI12_genlogistic_global_era5_moda_ref1991to2020_201107.nc,0,0,-1.1761482954025269
022002,Comandante Fernandez,2011,PASO,2011-08-14,2011-07-01,SPEI12_genlogistic_global_era5_moda_ref1991to2020_201107.nc,0,0,-0.6193585395812988
090003,"Chicligasta, Granero, Juan Bautista Alberdi, La Cocha, Monteros, Río Chico, Simoca",2011,PASO,2011-08-14,2011-07-01,SPEI12_genlogistic_global_era5_moda_ref1991to2020_201107.nc,0,0,-0.031058654189109802
034002,"Laishi, Pilagás, Pirané",2011,PASO,2011-08-14,2011-07-01,SPEI12_genlogistic_global_era5_moda_ref1991to2020_201107.nc,0,0,-0.4760952889919281
038003,"Ledesma, Santa Bárbara",2011,PASO,2011-08-14,2011-07-01,SPEI12_genlogistic_global_era5_moda_ref1991to2020_201107.nc,0,0,-0.5169896483421326
030004,Uruguay,2011,PASO,2011-08-14,2011-07-01,SPEI12_genlogistic_global_era5_moda_ref1991to2020_201107.nc,0,0,-0.9086421728134155
038002,"El Carmen, San Antonio",2011,PASO,2011-08-14,2011-07-01,SPEI12_genlogistic_global_era5_moda_ref1991to2020_201107.nc,0,0,-0.587337851524353
014010,Marcos Juárez,2011,PASO,2011-08-14,2011-07-01,SPEI12_genlogistic_global_era5_moda_ref1991to2020_201107.nc,69.10257339477539,0,-1.5699231624603271
014009,Unión,2011,PASO,2011-08-14,2011-07-01,SPEI12_genlogistic_global_era5_moda_ref1991to2020_201107.nc,52.00921297073364,0,-1.4769680500030518
042001,Capital,2011,PASO,2011-08-14,2011-07-01,SPEI12_genlogistic_global_era5_moda_ref1991to2020_201107.nc,0,0,-0.8925437927246094
014008,Río Segundo,2011,PASO,2011-08-14,2011-07-01,SPEI12_genlogistic_global_era5_moda_ref1991to2020_201107.nc,0,0,-1.2766292095184326
082007,Las Colonias,2011,PASO,2011-08-14,2011-07-01,SPEI12_genlogistic_global_era5_moda_ref1991to2020_201107.nc,0,0,-1.0918139219284058
006011,Luján,2011,PASO,2011-08-14,2011-07-01,SPEI12_genlogistic_global_era5_moda_ref1991to2020_201107.nc,22.640064358711243,0,-1.475402593612671
078002,Deseado,2011,PASO,2011-08-14,2011-07-01,SPEI12_genlogistic_global_era5_moda_ref1991to2020_201107.nc,0,0,-0.7536556124687195
006010,Pergamino,2011,PASO,2011-08-14,2011-07-01,SPEI12_genlogistic_global_era5_moda_ref1991to2020_201107.nc,11.702991276979446,0,-1.3773754835128784
054002,Oberá,2011,PASO,2011-08-14,2011-07-01,SPEI12_genlogistic_global_era5_moda_ref1991to2020_201107.nc,0,0,0.38289201259613037
006009,Olavarría,2011,PASO,2011-08-14,2011-07-01,SPEI12_genlogistic_global_era5_moda_ref1991to2020_201107.nc,0,0,-0.7048423886299133
070002,Capital,2011,PASO,2011-08-14,2011-07-01,SPEI12_genlogistic_global_era5_moda_ref1991to2020_201107.nc,0,0,0.0018994968850165606
014007,Tercero Arriba,2011,PASO,2011-08-14,2011-07-01,SPEI12_genlogistic_global_era5_moda_ref1991to2020_201107.nc,0,0,-1.1766506433486938
030003,"Gualeguaychú, Islas del Ibicuy",2011,PASO,2011-08-14,2011-07-01,SPEI12_genlogistic_global_era5_moda_ref1991to2020_201107.nc,0,0,-0.9422598481178284
050008,Capital,2011,PASO,2011-08-14,2011-07-01,SPEI12_genlogistic_global_era5_moda_ref1991to2020_201107.nc,0,0,-0.978655219078064
006008,Zárate,2011,PASO,2011-08-14,2011-07-01,SPEI12_genlogistic_global_era5_moda_ref1991to2020_201107.nc,0,0,-1.2002179622650146
078001,Guer Aike,2011,PASO,2011-08-14,2011-07-01,SPEI12_genlogistic_global_era5_moda_ref1991to2020_201107.nc,0,0,-0.29632022976875305
070001,Rawson,2011,PASO,2011-08-14,2011-07-01,SPEI12_genlogistic_global_era5_moda_ref1991to2020_201107.nc,0,0,-0.3127513527870178
050007,Luján de Cuyo,2011,PASO,2011-08-14,2011-07-01,SPEI12_genlogistic_global_era5_moda_ref1991to2020_201107.nc,0,0,-1.0365270376205444
050006,San Martín,2011,PASO,2011-08-14,2011-07-01,SPEI12_genlogistic_global_era5_moda_ref1991to2020_201107.nc,0,0,-0.31238988041877747
006007,Tandil,2011,PASO,2011-08-14,2011-07-01,SPEI12_genlogistic_global_era5_moda_ref1991to2020_201107.nc,0,0,-0.17563189566135406
014006,General San Martín,2011,PASO,2011-08-14,2011-07-01,SPEI12_genlogistic_global_era5_moda_ref1991to2020_201107.nc,2.6543019339442253,0,-1.3402680158615112
062002,Bariloche,2011,PASO,2011-08-14,2011-07-01,SPEI12_genlogistic_global_era5_moda_ref1991to2020_201107.nc,0,0,-0.349028080701828
026002,Rawson,2011,PASO,2011-08-14,2011-07-01,SPEI12_genlogistic_global_era5_moda_ref1991to2020_201107.nc,0,0,-1.0735349655151367
074002,"General Pedernera, Gobernador Dupuy",2011,PASO,2011-08-14,2011-07-01,SPEI12_genlogistic_global_era5_moda_ref1991to2020_201107.nc,0,0,-0.951549232006073
086002,Banda,2011,PASO,2011-08-14,2011-07-01,SPEI12_genlogistic_global_era5_moda_ref1991to2020_201107.nc,0,0,-0.14892414212226868
006006,San Nicolás,2011,PASO,2011-08-14,2011-07-01,SPEI12_genlogistic_global_era5_moda_ref1991to2020_201107.nc,0,0,-1.1577893495559692
066003,"Iruya, Orán, Santa Victoria",2011,PASO,2011-08-14,2011-07-01,SPEI12_genlogistic_global_era5_moda_ref1991to2020_201107.nc,0,0,-0.7984094619750977
082006,San Lorenzo,2011,PASO,2011-08-14,2011-07-01,SPEI12_genlogistic_global_era5_moda_ref1991to2020_201107.nc,0,0,-1.264976978302002
066002,General Jose de San Martín,2011,PASO,2011-08-14,2011-07-01,SPEI12_genlogistic_global_era5_moda_ref1991to2020_201107.nc,1.3133473694324493,0,-1.0462219715118408
010001,Capital,2011,PASO,2011-08-14,2011-07-01,SPEI12_genlogistic_global_era5_moda_ref1991to2020_201107.nc,0,0,-0.5086694955825806
006092,San Fernando,2011,PASO,2011-08-14,2011-07-01,SPEI12_genlogistic_global_era5_moda_ref1991to2020_201107.nc,0,0,-0.9707807302474976
014005,Punilla,2011,PASO,2011-08-14,2011-07-01,SPEI12_genlogistic_global_era5_moda_ref1991to2020_201107.nc,0,0,-1.2736096382141113
050005,Maipú,2011,PASO,2011-08-14,2011-07-01,SPEI12_genlogistic_global_era5_moda_ref1991to2020_201107.nc,0,0,-0.7785893082618713
082005,General Obligado,2011,PASO,2011-08-14,2011-07-01,SPEI12_genlogistic_global_era5_moda_ref1991to2020_201107.nc,0,0,-0.5524189472198486
082004,Castellanos,2011,PASO,2011-08-14,2011-07-01,SPEI12_genlogistic_global_era5_moda_ref1991to2020_201107.nc,0,0,-1.0593514442443848
046001,Capital,2011,PASO,2011-08-14,2011-07-01,SPEI12_genlogistic_global_era5_moda_ref1991to2020_201107.nc,0,0,-0.3156381845474243
090002,Cruz Alta,2011,PASO,2011-08-14,2011-07-01,SPEI12_genlogistic_global_era5_moda_ref1991to2020_201107.nc,0,0,-0.19518007338047028
030002,"Colón, Concordia, Federal, Feliciano, San Salvador, Villaguay",2011,PASO,2011-08-14,2011-07-01,SPEI12_genlogistic_global_era5_moda_ref1991to2020_201107.nc,0,0,-1.0668163299560547
050004,San Rafael,2011,PASO,2011-08-14,2011-07-01,SPEI12_genlogistic_global_era5_moda_ref1991to2020_201107.nc,1.743336021900177,0,-1.0698274374008179
026001,Escalante,2011,PASO,2011-08-14,2011-07-01,SPEI12_genlogistic_global_era5_moda_ref1991to2020_201107.nc,0,0,-0.4047715365886688
082003,General López,2011,PASO,2011-08-14,2011-07-01,SPEI12_genlogistic_global_era5_moda_ref1991to2020_201107.nc,68.09619665145874,0,-1.5523008108139038
050003,Godoy Cruz,2011,PASO,2011-08-14,2011-07-01,SPEI12_genlogistic_global_era5_moda_ref1991to2020_201107.nc,0,0,-1.0099937915802002
074001,La Capital,2011,PASO,2011-08-14,2011-07-01,SPEI12_genlogistic_global_era5_moda_ref1991to2020_201107.nc,0,0,-0.98042231798172
014004,San Justo,2011,PASO,2011-08-14,2011-07-01,SPEI12_genlogistic_global_era5_moda_ref1991to2020_201107.nc,4.698532819747925,4.698532819747925,-1.3436384201049805
050002,Las Heras,2011,PASO,2011-08-14,2011-07-01,SPEI12_genlogistic_global_era5_moda_ref1991to2020_201107.nc,0,0,-0.5893493890762329
006005,Escobar,2011,PASO,2011-08-14,2011-07-01,SPEI12_genlogistic_global_era5_moda_ref1991to2020_201107.nc,0,0,-1.1981879472732544
014003,Colón,2011,PASO,2011-08-14,2011-07-01,SPEI12_genlogistic_global_era5_moda_ref1991to2020_201107.nc,0,0,-1.2897101640701294
034001,Formosa,2011,PASO,2011-08-14,2011-07-01,SPEI12_genlogistic_global_era5_moda_ref1991to2020_201107.nc,0,0,-0.33609113097190857
014002,Río Cuarto,2011,PASO,2011-08-14,2011-07-01,SPEI12_genlogistic_global_era5_moda_ref1991to2020_201107.nc,0,0,-1.2270272970199585
038001,"Dr. Manuel Belgrano, Palpalá",2011,PASO,2011-08-14,2011-07-01,SPEI12_genlogistic_global_era5_moda_ref1991to2020_201107.nc,0,0,-0.5307652950286865
086001,Capital,2011,PASO,2011-08-14,2011-07-01,SPEI12_genlogistic_global_era5_moda_ref1991to2020_201107.nc,0,0,-0.307208389043808
006091,Vicente López,2011,PASO,2011-08-14,2011-07-01,SPEI12_genlogistic_global_era5_moda_ref1991to2020_201107.nc,0,0,-1.1778109073638916
050001,Guaymallén,2011,PASO,2011-08-14,2011-07-01,SPEI12_genlogistic_global_era5_moda_ref1991to2020_201107.nc,0,0,-0.9714236855506897
006090,San Isidro,2011,PASO,2011-08-14,2011-07-01,SPEI12_genlogistic_global_era5_moda_ref1991to2020_201107.nc,0,0,-1.1778109073638916
006004,Bahía Blanca,2011,PASO,2011-08-14,2011-07-01,SPEI12_genlogistic_global_era5_moda_ref1991to2020_201107.nc,0,0,-0.7521346211433411
006003,Pilar,2011,PASO,2011-08-14,2011-07-01,SPEI12_genlogistic_global_era5_moda_ref1991to2020_201107.nc,0,0,-1.3883640766143799
006089,"Esteban Echeverría, Ezeiza",2011,PASO,2011-08-14,2011-07-01,SPEI12_genlogistic_global_era5_moda_ref1991to2020_201107.nc,41.45172834396362,0,-1.4545345306396484
062001,General Roca,2011,PASO,2011-08-14,2011-07-01,SPEI12_genlogistic_global_era5_moda_ref1991to2020_201107.nc,0,0,-0.8379055857658386
006088,"Hurlingham, Ituzaingo, Morón",2011,PASO,2011-08-14,2011-07-01,SPEI12_genlogistic_global_era5_moda_ref1991to2020_201107.nc,0,0,-1.3805971145629883
054001,"Capital, Leandro N. Alem",2011,PASO,2011-08-14,2011-07-01,SPEI12_genlogistic_global_era5_moda_ref1991to2020_201107.nc,0,0,0.1202176958322525
006087,Berazategui,2011,PASO,2011-08-14,2011-07-01,SPEI12_genlogistic_global_era5_moda_ref1991to2020_201107.nc,0,0,-1.2675668001174927
006086,"General Sarmiento, Jose C. Paz, Malvinas Argentinas, San Miguel",2011,PASO,2011-08-14,2011-07-01,SPEI12_genlogistic_global_era5_moda_ref1991to2020_201107.nc,0,0,-1.3504990339279175
030001,Parana,2011,PASO,2011-08-14,2011-07-01,SPEI12_genlogistic_global_era5_moda_ref1991to2020_201107.nc,0,0,-1.1411597728729248
006085,Tres de Febrero,2011,PASO,2011-08-14,2011-07-01,SPEI12_genlogistic_global_era5_moda_ref1991to2020_201107.nc,0,0,-1.220946192741394
006084,Avellaneda,2011,PASO,2011-08-14,2011-07-01,SPEI12_genlogistic_global_era5_moda_ref1991to2020_201107.nc,0,0,-1.3316415548324585
018001,Capital,2011,PASO,2011-08-14,2011-07-01,SPEI12_genlogistic_global_era5_moda_ref1991to2020_201107.nc,0,0,-0.4692947566509247
058001,Confluencia,2011,PASO,2011-08-14,2011-07-01,SPEI12_genlogistic_global_era5_moda_ref1991to2020_201107.nc,0,0,-1.0338242053985596
006083,Tigre,2011,PASO,2011-08-14,2011-07-01,SPEI12_genlogistic_global_era5_moda_ref1991to2020_201107.nc,0,0,-1.147473931312561
022001,San Fernando,2011,PASO,2011-08-14,2011-07-01,SPEI12_genlogistic_global_era5_moda_ref1991to2020_201107.nc,0,0,-0.572883129119873
006082,General San Martín,2011,PASO,2011-08-14,2011-07-01,SPEI12_genlogistic_global_era5_moda_ref1991to2020_201107.nc,0,0,-1.1778109073638916
006081,Florencio Varela,2011,PASO,2011-08-14,2011-07-01,SPEI12_genlogistic_global_era5_moda_ref1991to2020_201107.nc,0,0,-1.3959795236587524
006080,Moreno,2011,PASO,2011-08-14,2011-07-01,SPEI12_genlogistic_global_era5_moda_ref1991to2020_201107.nc,0,0,-1.3895764350891113
006079,Lanus,2011,PASO,2011-08-14,2011-07-01,SPEI12_genlogistic_global_era5_moda_ref1991to2020_201107.nc,0,0,-1.3855777978897095
082002,La Capital,2011,PASO,2011-08-14,2011-07-01,SPEI12_genlogistic_global_era5_moda_ref1991to2020_201107.nc,0,0,-1.1626720428466797
066001,Capital,2011,PASO,2011-08-14,2011-07-01,SPEI12_genlogistic_global_era5_moda_ref1991to2020_201107.nc,0,0,-0.3749074935913086
006078,Merlo,2011,PASO,2011-08-14,2011-07-01,SPEI12_genlogistic_global_era5_moda_ref1991to2020_201107.nc,0,0,-1.4424803256988525
006077,Almirante Brown,2011,PASO,2011-08-14,2011-07-01,SPEI12_genlogistic_global_era5_moda_ref1991to2020_201107.nc,7.608547806739807,0,-1.3754940032958984
006076,Quilmes,2011,PASO,2011-08-14,2011-07-01,SPEI12_genlogistic_global_era5_moda_ref1991to2020_201107.nc,0,0,-1.3225311040878296
006002,General Pueyrredón,2011,PASO,2011-08-14,2011-07-01,SPEI12_genlogistic_global_era5_moda_ref1991to2020_201107.nc,0,0,-0.3623947501182556
006075,Lomas de Zamora,2011,PASO,2011-08-14,2011-07-01,SPEI12_genlogistic_global_era5_moda_ref1991to2020_201107.nc,0,0,-1.3987308740615845
006001,La Plata,2011,PASO,2011-08-14,2011-07-01,SPEI12_genlogistic_global_era5_moda_ref1991to2020_201107.nc,6.893846392631531,0,-1.3552807569503784
002001,City of Buenos Aires,2011,PASO,2011-08-14,2011-07-01,SPEI12_genlogistic_global_era5_moda_ref1991to2020_201107.nc,0,0,-1.2747654914855957
090001,"Famaillá, Lules, Capital, Tafí del Valle, Tafí Viajo, Trancas, Yerba Buena",2011,PASO,2011-08-14,2011-07-01,SPEI12_genlogistic_global_era5_moda_ref1991to2020_201107.nc,0,0,0.29390084743499756
082001,Rosario,2011,PASO,2011-08-14,2011-07-01,SPEI12_genlogistic_global_era5_moda_ref1991to2020_201107.nc,0,0,-1.2535344362258911
014001,Capital,2011,PASO,2011-08-14,2011-07-01,SPEI12_genlogistic_global_era5_moda_ref1991to2020_201107.nc,0,0,-1.2706929445266724
006074,La Matanza,2011,PASO,2011-08-14,2011-07-01,SPEI12_genlogistic_global_era5_moda_ref1991to2020_201107.nc,6.476227939128876,0,-1.4310905933380127
094002,Ushuaia,2011,PASO,2011-08-14,2011-07-01,SPEI12_genlogistic_global_era5_moda_ref1991to2020_201107.nc,43.83099377155304,0,-1.3500820398330688
006072,Saavedra,2011,GENERALES,2011-10-23,2011-09-01,SPEI12_genlogistic_global_era5_moda_ref1991to2020_201109.nc,0,0,-0.7609359622001648
006073,"Castelli, Maipú, Tordillo",2011,GENERALES,2011-10-23,2011-09-01,SPEI12_genlogistic_global_era5_moda_ref1991to2020_201109.nc,78.34672927856445,8.637803792953491,-2.2201578617095947
066013,Chicoana,2011,GENERALES,2011-10-23,2011-09-01,SPEI12_genlogistic_global_era5_moda_ref1991to2020_201109.nc,0,0,-0.510016679763794
018016,"General Alvear, San Martín",2011,GENERALES,2011-10-23,2011-09-01,SPEI12_genlogistic_global_era5_moda_ref1991to2020_201109.nc,0,0,-0.839739978313446
006071,"General La Madrid, Laprida",2011,GENERALES,2011-10-23,2011-09-01,SPEI12_genlogistic_global_era5_moda_ref1991to2020_201109.nc,0,0,-0.65884929895401
070012,"9 de Julio, San Martín",2011,GENERALES,2011-10-23,2011-09-01,SPEI12_genlogistic_global_era5_moda_ref1991to2020_201109.nc,0,0,0.09234736859798431
006070,Monte,2011,GENERALES,2011-10-23,2011-09-01,SPEI12_genlogistic_global_era5_moda_ref1991to2020_201109.nc,100,10.648296028375626,-1.8793869018554688
006069,Mar Chiquita,2011,GENERALES,2011-10-23,2011-09-01,SPEI12_genlogistic_global_era5_moda_ref1991to2020_201109.nc,0,0,-0.9943126440048218
062007,"Conesa, Pichi Mahuida",2011,GENERALES,2011-10-23,2011-09-01,SPEI12_genlogistic_global_era5_moda_ref1991to2020_201109.nc,0.1616181223653257,0,-0.9489301443099976
046006,"Chamical, General Belgrano",2011,GENERALES,2011-10-23,2011-09-01,SPEI12_genlogistic_global_era5_moda_ref1991to2020_201109.nc,0,0,-1.017340064048767
078004,"Lago Buenos Aires, Magallanes, Río Chico",2011,GENERALES,2011-10-23,2011-09-01,SPEI12_genlogistic_global_era5_moda_ref1991to2020_201109.nc,0,0,0.5269364714622498
082019,Garay,2011,GENERALES,2011-10-23,2011-09-01,SPEI12_genlogistic_global_era5_moda_ref1991to2020_201109.nc,0,0,-0.9711262583732605
086015,Avellaneda,2011,GENERALES,2011-10-23,2011-09-01,SPEI12_genlogistic_global_era5_moda_ref1991to2020_201109.nc,0,0,-0.34862324595451355
066012,"Cafayate, La Vina",2011,GENERALES,2011-10-23,2011-09-01,SPEI12_genlogistic_global_era5_moda_ref1991to2020_201109.nc,0,0,0.2098723202943802
074005,Chacabuco,2011,GENERALES,2011-10-23,2011-09-01,SPEI12_genlogistic_global_era5_moda_ref1991to2020_201109.nc,22.7695032954216,0,-1.4238672256469727
042007,"Hucal, Utracán",2011,GENERALES,2011-10-23,2011-09-01,SPEI12_genlogistic_global_era5_moda_ref1991to2020_201109.nc,0,0,-0.7988536357879639
070011,Sarmiento,2011,GENERALES,2011-10-23,2011-09-01,SPEI12_genlogistic_global_era5_moda_ref1991to2020_201109.nc,0,0,-0.9678188562393188
006068,Carlos Casares,2011,GENERALES,2011-10-23,2011-09-01,SPEI12_genlogistic_global_era5_moda_ref1991to2020_201109.nc,100,0,-1.8160591125488281
026006,"Cushamen, Languiñeo",2011,GENERALES,2011-10-23,2011-09-01,SPEI12_genlogistic_global_era5_moda_ref1991to2020_201109.nc,0.7935496978461742,0.7935496978461742,-0.5548022389411926
018015,"Itatí, San Cosme",2011,GENERALES,2011-10-23,2011-09-01,SPEI12_genlogistic_global_era5_moda_ref1991to2020_201109.nc,0,0,-0.6770299673080444
086014,"Figueroa, Sarmiento",2011,GENERALES,2011-10-23,2011-09-01,SPEI12_genlogistic_global_era5_moda_ref1991to2020_201109.nc,0,0,-0.41985103487968445
006067,San Andrés de Giles,2011,GENERALES,2011-10-23,2011-09-01,SPEI12_genlogistic_global_era5_moda_ref1991to2020_201109.nc,100,0,-1.686421513557434
010007,"Antofagasta de la Sierra, Tinogasta",2011,GENERALES,2011-10-23,2011-09-01,SPEI12_genlogistic_global_era5_moda_ref1991to2020_201109.nc,0,0,0.787864625453949
018014,Saladas,2011,GENERALES,2011-10-23,2011-09-01,SPEI12_genlogistic_global_era5_moda_ref1991to2020_201109.nc,0,0,-0.8871409893035889
046005,"Arauco, Castro Barros, San Blas de los Sauces",2011,GENERALES,2011-10-23,2011-09-01,SPEI12_genlogistic_global_era5_moda_ref1991to2020_201109.nc,0,0,-0.12482354044914246
006066,Rojas,2011,GENERALES,2011-10-23,2011-09-01,SPEI12_genlogistic_global_era5_moda_ref1991to2020_201109.nc,90.01215696334839,13.247363269329071,-2.5179145336151123
006065,"Carlos Tejedor, Florentino Ameghino, General Pinto",2011,GENERALES,2011-10-23,2011-09-01,SPEI12_genlogistic_global_era5_moda_ref1991to2020_201109.nc,55.338501930236816,0,-1.4795430898666382
086013,"Aguirre, Belgrano, Mitre, Rivadavia",2011,GENERALES,2011-10-23,2011-09-01,SPEI12_genlogistic_global_era5_moda_ref1991to2020_201109.nc,2.1689267829060555,2.1689267829060555,-0.7949510812759399
070010,"Calingasta, Iglesia, Ullúm, Zonda",2011,GENERALES,2011-10-23,2011-09-01,SPEI12_genlogistic_global_era5_moda_ref1991to2020_201109.nc,0,0,0.43006959557533264
086012,"Ojo de Agua, Quebrachos",2011,GENERALES,2011-10-23,2011-09-01,SPEI12_genlogistic_global_era5_moda_ref1991to2020_201109.nc,0,0,-0.7219560742378235
070009,Albardón,2011,GENERALES,2011-10-23,2011-09-01,SPEI12_genlogistic_global_era5_moda_ref1991to2020_201109.nc,0,0,0.13824455440044403
022015,Maipú,2011,GENERALES,2011-10-23,2011-09-01,SPEI12_genlogistic_global_era5_moda_ref1991to2020_201109.nc,0,0,-0.7259355783462524
006064,Las Flores,2011,GENERALES,2011-10-23,2011-09-01,SPEI12_genlogistic_global_era5_moda_ref1991to2020_201109.nc,93.91487240791321,0,-1.6524856090545654
006063,Colón,2011,GENERALES,2011-10-23,2011-09-01,SPEI12_genlogistic_global_era5_moda_ref1991to2020_201109.nc,94.75710988044739,0,-1.664561152458191
022014,Bermejo,2011,GENERALES,2011-10-23,2011-09-01,SPEI12_genlogistic_global_era5_moda_ref1991to2020_201109.nc,0,0,-0.6798313856124878
006062,"Adolfo Alsina, Salliqueló",2011,GENERALES,2011-10-23,2011-09-01,SPEI12_genlogistic_global_era5_moda_ref1991to2020_201109.nc,0,0,-0.8138629794120789
030011,Tala,2011,GENERALES,2011-10-23,2011-09-01,SPEI12_genlogistic_global_era5_moda_ref1991to2020_201109.nc,6.091924384236336,0,-1.2257977724075317
042006,"Caleu-Caleu, Cura-Co, Chalileo, Chical-Có, Lihuel Calel, Limay Mahuida, Leventué, Puelén",2011,GENERALES,2011-10-23,2011-09-01,SPEI12_genlogistic_global_era5_moda_ref1991to2020_201109.nc,15.60630351305008,0,-1.1811004877090454
050017,"La Paz, Santa Rosa",2011,GENERALES,2011-10-23,2011-09-01,SPEI12_genlogistic_global_era5_moda_ref1991to2020_201109.nc,0.13081911019980907,0,-1.0483598709106445
066011,"Cachí, La Poma, Los Andes, Molinos, San Carlos",2011,GENERALES,2011-10-23,2011-09-01,SPEI12_genlogistic_global_era5_moda_ref1991to2020_201109.nc,0,0,0.9226623773574829
006061,Brandsen,2011,GENERALES,2011-10-23,2011-09-01,SPEI12_genlogistic_global_era5_moda_ref1991to2020_201109.nc,100,52.98306941986084,-2.0162861347198486
046004,"General Ocampo, General San Martín, Rosario Vera Peñaloza",2011,GENERALES,2011-10-23,2011-09-01,SPEI12_genlogistic_global_era5_moda_ref1991to2020_201109.nc,0.22998813074082136,0,-1.0414190292358398
006060,"Daireaux, Hipólito Yrigoyen",2011,GENERALES,2011-10-23,2011-09-01,SPEI12_genlogistic_global_era5_moda_ref1991to2020_201109.nc,8.21189358830452,0,-1.194785714149475
006059,Dolores,2011,GENERALES,2011-10-23,2011-09-01,SPEI12_genlogistic_global_era5_moda_ref1991to2020_201109.nc,100,30.434781312942505,-3.6676697731018066
070008,"Jachal, Valle Fértil",2011,GENERALES,2011-10-23,2011-09-01,SPEI12_genlogistic_global_era5_moda_ref1991to2020_201109.nc,0,0,0.22985614836215973
078003,"Corpen Aike, Lago Argentino",2011,GENERALES,2011-10-23,2011-09-01,SPEI12_genlogistic_global_era5_moda_ref1991to2020_201109.nc,0,0,0.7401778697967529
054015,Candelaria,2011,GENERALES,2011-10-23,2011-09-01,SPEI12_genlogistic_global_era5_moda_ref1991to2020_201109.nc,0,0,0.041638076305389404
054014,25 de Mayo,2011,GENERALES,2011-10-23,2011-09-01,SPEI12_genlogistic_global_era5_moda_ref1991to2020_201109.nc,0,0,0.7990292310714722
042005,"Chapaleufú, Realicó",2011,GENERALES,2011-10-23,2011-09-01,SPEI12_genlogistic_global_era5_moda_ref1991to2020_201109.nc,90.45894742012024,6.098910421133041,-1.7437535524368286
074004,Junín,2011,GENERALES,2011-10-23,2011-09-01,SPEI12_genlogistic_global_era5_moda_ref1991to2020_201109.nc,35.370999574661255,0,-1.464892864227295
050016,Malargue,2011,GENERALES,2011-10-23,2011-09-01,SPEI12_genlogistic_global_era5_moda_ref1991to2020_201109.nc,0.17627454362809658,0,-0.754960834980011
066010,Rivadavia,2011,GENERALES,2011-10-23,2011-09-01,SPEI12_genlogistic_global_era5_moda_ref1991to2020_201109.nc,0,0,-0.9969692230224609
018013,Lavalle,2011,GENERALES,2011-10-23,2011-09-01,SPEI12_genlogistic_global_era5_moda_ref1991to2020_201109.nc,0,0,-0.7985931634902954
006058,"General Belgrano, General Paz",2011,GENERALES,2011-10-23,2011-09-01,SPEI12_genlogistic_global_era5_moda_ref1991to2020_201109.nc,100,9.327199310064316,-1.8198965787887573
086011,"Loreto, Silipica",2011,GENERALES,2011-10-23,2011-09-01,SPEI12_genlogistic_global_era5_moda_ref1991to2020_201109.nc,0,0,-0.7167653441429138
010006,"Ancasti, El Alto, La Paz",2011,GENERALES,2011-10-23,2011-09-01,SPEI12_genlogistic_global_era5_moda_ref1991to2020_201109.nc,0,0,-0.8902156949043274
034005,"Matacos, Ramón Lista",2011,GENERALES,2011-10-23,2011-09-01,SPEI12_genlogistic_global_era5_moda_ref1991to2020_201109.nc,0,0,-1.0947054624557495
006057,Exaltación de la Cruz,2011,GENERALES,2011-10-23,2011-09-01,SPEI12_genlogistic_global_era5_moda_ref1991to2020_201109.nc,100,0,-1.8167898654937744
006056,Arrecifes,2011,GENERALES,2011-10-23,2011-09-01,SPEI12_genlogistic_global_era5_moda_ref1991to2020_201109.nc,63.13120722770691,0,-1.4906553030014038
082018,9 de Julio,2011,GENERALES,2011-10-23,2011-09-01,SPEI12_genlogistic_global_era5_moda_ref1991to2020_201109.nc,0,0,-0.7516308426856995
062006,San Antonio,2011,GENERALES,2011-10-23,2011-09-01,SPEI12_genlogistic_global_era5_moda_ref1991to2020_201109.nc,82.96193480491638,0,-1.613643765449524
006055,Patagones,2011,GENERALES,2011-10-23,2011-09-01,SPEI12_genlogistic_global_era5_moda_ref1991to2020_201109.nc,0,0,-0.6508234739303589
086010,Copo,2011,GENERALES,2011-10-23,2011-09-01,SPEI12_genlogistic_global_era5_moda_ref1991to2020_201109.nc,0,0,-0.6905258297920227
014021,"Río Seco, Sobremonte, Tulumba",2011,GENERALES,2011-10-23,2011-09-01,SPEI12_genlogistic_global_era5_moda_ref1991to2020_201109.nc,10.06845012307167,9.02273803949356,-1.7100523710250854
054013,San Pedro,2011,GENERALES,2011-10-23,2011-09-01,SPEI12_genlogistic_global_era5_moda_ref1991to2020_201109.nc,0,0,1.0273828506469727
006054,"General Juan Madariaga, Pinamar, Villa Gesell",2011,GENERALES,2011-10-23,2011-09-01,SPEI12_genlogistic_global_era5_moda_ref1991to2020_201109.nc,51.128095388412476,1.5836359933018684,-1.5491585731506348
018012,Esquina,2011,GENERALES,2011-10-23,2011-09-01,SPEI12_genlogistic_global_era5_moda_ref1991to2020_201109.nc,0,0,-0.8668311834335327
022013,Chacabuco,2011,GENERALES,2011-10-23,2011-09-01,SPEI12_genlogistic_global_era5_moda_ref1991to2020_201109.nc,0,0,-1.0080331563949585
006053,General Villegas,2011,GENERALES,2011-10-23,2011-09-01,SPEI12_genlogistic_global_era5_moda_ref1991to2020_201109.nc,77.47386693954468,0,-1.607933759689331
038006,"Humahuaca, Tilcara, Valle Grande",2011,GENERALES,2011-10-23,2011-09-01,SPEI12_genlogistic_global_era5_moda_ref1991to2020_201109.nc,0,0,-0.32957059144973755
006052,"General Arenales, Leandro N. Alem",2011,GENERALES,2011-10-23,2011-09-01,SPEI12_genlogistic_global_era5_moda_ref1991to2020_201109.nc,100,0,-1.7258925437927246
086009,"Atamisqui, Salavina, San Martín",2011,GENERALES,2011-10-23,2011-09-01,SPEI12_genlogistic_global_era5_moda_ref1991to2020_201109.nc,0,0,-0.3850901126861572
046003,"Coronel Felipe Varela, Famatina, General Angel V. Peñaloza, General Juan F. Quiroga, General Lamadrid, Vinchina, Independencia, Sanagasta",2011,GENERALES,2011-10-23,2011-09-01,SPEI12_genlogistic_global_era5_moda_ref1991to2020_201109.nc,0,0,0.06881183385848999
054012,"Concepción, San Javier",2011,GENERALES,2011-10-23,2011-09-01,SPEI12_genlogistic_global_era5_moda_ref1991to2020_201109.nc,0,0,-0.17801453173160553
082017,San Javier,2011,GENERALES,2011-10-23,2011-09-01,SPEI12_genlogistic_global_era5_moda_ref1991to2020_201109.nc,0,0,-0.720824658870697
006051,Baradero,2011,GENERALES,2011-10-23,2011-09-01,SPEI12_genlogistic_global_era5_moda_ref1991to2020_201109.nc,65.99919199943542,0,-1.5441358089447021
006050,Saladillo,2011,GENERALES,2011-10-23,2011-09-01,SPEI12_genlogistic_global_era5_moda_ref1991to2020_201109.nc,100,0,-1.765238881111145
050015,Tupungato,2011,GENERALES,2011-10-23,2011-09-01,SPEI12_genlogistic_global_era5_moda_ref1991to2020_201109.nc,55.36484122276306,0,-1.1377935409545898
050014,San Carlos,2011,GENERALES,2011-10-23,2011-09-01,SPEI12_genlogistic_global_era5_moda_ref1991to2020_201109.nc,30.579334497451782,0,-1.1540395021438599
006049,Salto,2011,GENERALES,2011-10-23,2011-09-01,SPEI12_genlogistic_global_era5_moda_ref1991to2020_201109.nc,31.80311918258667,22.90032058954239,-3.01873779296875
006048,Ramallo,2011,GENERALES,2011-10-23,2011-09-01,SPEI12_genlogistic_global_era5_moda_ref1991to2020_201109.nc,0,0,-1.1982983350753784
022012,"12 de Octubre, 2 de Abril, Fray Justo Sta. María de Oro",2011,GENERALES,2011-10-23,2011-09-01,SPEI12_genlogistic_global_era5_moda_ref1991to2020_201109.nc,0,0,-1.043967843055725
022011,Quitilipi,2011,GENERALES,2011-10-23,2011-09-01,SPEI12_genlogistic_global_era5_moda_ref1991to2020_201109.nc,0,0,-0.8168049454689026
022010,Almirante Brown,2011,GENERALES,2011-10-23,2011-09-01,SPEI12_genlogistic_global_era5_moda_ref1991to2020_201109.nc,0,0,-0.4100104570388794
022009,"General Belgrano, Independencia",2011,GENERALES,2011-10-23,2011-09-01,SPEI12_genlogistic_global_era5_moda_ref1991to2020_201109.nc,0,0,-0.9300615787506104
042004,"Atreucó, Catriló, Guatrache, Quemú-Quemú",2011,GENERALES,2011-10-23,2011-09-01,SPEI12_genlogistic_global_era5_moda_ref1991to2020_201109.nc,12.393752485513687,0,-1.130565881729126
062005,Avellaneda,2011,GENERALES,2011-10-23,2011-09-01,SPEI12_genlogistic_global_era5_moda_ref1991to2020_201109.nc,47.54131734371185,0,-1.4435014724731445
030010,Victoria,2011,GENERALES,2011-10-23,2011-09-01,SPEI12_genlogistic_global_era5_moda_ref1991to2020_201109.nc,0,0,-1.197326421737671
066009,Cerrillos,2011,GENERALES,2011-10-23,2011-09-01,SPEI12_genlogistic_global_era5_moda_ref1991to2020_201109.nc,0,0,-0.6702401638031006
010005,"Ambato, Capayán, Paclín, Santa Rosa",2011,GENERALES,2011-10-23,2011-09-01,SPEI12_genlogistic_global_era5_moda_ref1991to2020_201109.nc,0,0,-0.7627220749855042
086008,"Jiménez, Pellegrini",2011,GENERALES,2011-10-23,2011-09-01,SPEI12_genlogistic_global_era5_moda_ref1991to2020_201109.nc,0,0,-0.5992605686187744
014020,General Roca,2011,GENERALES,2011-10-23,2011-09-01,SPEI12_genlogistic_global_era5_moda_ref1991to2020_201109.nc,100,7.6241739094257355,-1.8778183460235596
014019,San Alberto,2011,GENERALES,2011-10-23,2011-09-01,SPEI12_genlogistic_global_era5_moda_ref1991to2020_201109.nc,51.22888684272766,0,-1.4865219593048096
054011,Montecarlo,2011,GENERALES,2011-10-23,2011-09-01,SPEI12_genlogistic_global_era5_moda_ref1991to2020_201109.nc,0,0,0.691508412361145
014018,Presidente Roque Saénz Peña,2011,GENERALES,2011-10-23,2011-09-01,SPEI12_genlogistic_global_era5_moda_ref1991to2020_201109.nc,100,0,-1.7623783349990845
050013,Lavalle,2011,GENERALES,2011-10-23,2011-09-01,SPEI12_genlogistic_global_era5_moda_ref1991to2020_201109.nc,0,0,-0.5981169939041138
006047,"Capitán Sarmiento, San Antonio de Areco",2011,GENERALES,2011-10-23,2011-09-01,SPEI12_genlogistic_global_era5_moda_ref1991to2020_201109.nc,100,0,-1.7157514095306396
018011,Monte Caseros,2011,GENERALES,2011-10-23,2011-09-01,SPEI12_genlogistic_global_era5_moda_ref1991to2020_201109.nc,0,0,-1.168254017829895
010004,"Belén, Pomán",2011,GENERALES,2011-10-23,2011-09-01,SPEI12_genlogistic_global_era5_moda_ref1991to2020_201109.nc,0,0,0.15714974701404572
058005,Zapala,2011,GENERALES,2011-10-23,2011-09-01,SPEI12_genlogistic_global_era5_moda_ref1991to2020_201109.nc,0,0,-1.1476399898529053
006046,"Guaminí, Pellegrini, Rivadavia, Tres Lomas",2011,GENERALES,2011-10-23,2011-09-01,SPEI12_genlogistic_global_era5_moda_ref1991to2020_201109.nc,3.1478997319936752,0,-1.138231873512268
018010,Bella Vista,2011,GENERALES,2011-10-23,2011-09-01,SPEI12_genlogistic_global_era5_moda_ref1991to2020_201109.nc,0,0,-0.9221498966217041
006045,Coronel Suárez,2011,GENERALES,2011-10-23,2011-09-01,SPEI12_genlogistic_global_era5_moda_ref1991to2020_201109.nc,0,0,-0.841327428817749
058004,"Chos Malal, Pehuenches",2011,GENERALES,2011-10-23,2011-09-01,SPEI12_genlogistic_global_era5_moda_ref1991to2020_201109.nc,5.57527132332325,0,-0.5305444598197937
090005,Burruyacú,2011,GENERALES,2011-10-23,2011-09-01,SPEI12_genlogistic_global_era5_moda_ref1991to2020_201109.nc,10.386337339878082,0,-0.8891312479972839
050012,Junín,2011,GENERALES,2011-10-23,2011-09-01,SPEI12_genlogistic_global_era5_moda_ref1991to2020_201109.nc,0,0,-0.7947900295257568
066008,"Guachipas, La Candelaria, Rosario de la Frontera",2011,GENERALES,2011-10-23,2011-09-01,SPEI12_genlogistic_global_era5_moda_ref1991to2020_201109.nc,3.3272892236709595,0,-0.2360992580652237
006044,Pehuajó,2011,GENERALES,2011-10-23,2011-09-01,SPEI12_genlogistic_global_era5_moda_ref1991to2020_201109.nc,61.251527070999146,0,-1.5205754041671753
086007,General Taboada,2011,GENERALES,2011-10-23,2011-09-01,SPEI12_genlogistic_global_era5_moda_ref1991to2020_201109.nc,0,0,-0.705975353717804
030009,Nogoyá,2011,GENERALES,2011-10-23,2011-09-01,SPEI12_genlogistic_global_era5_moda_ref1991to2020_201109.nc,0,0,-1.200721263885498
026005,"Florentino Ameghino, Gaimán, Gastre, Mártires, Paso de los Indios, Río Senguer, Sarmiento, Tehuelches, Telsen",2011,GENERALES,2011-10-23,2011-09-01,SPEI12_genlogistic_global_era5_moda_ref1991to2020_201109.nc,1.868353970348835,0,-0.5559672713279724
010003,"Fray Mamerto Esquiú, Valle Viejo",2011,GENERALES,2011-10-23,2011-09-01,SPEI12_genlogistic_global_era5_moda_ref1991to2020_201109.nc,0,0,-0.9435186982154846
066007,Metán,2011,GENERALES,2011-10-23,2011-09-01,SPEI12_genlogistic_global_era5_moda_ref1991to2020_201109.nc,0,0,-0.3042134642601013
006043,"Adolfo González Chaves, Benito Juárez, San Cayetano",2011,GENERALES,2011-10-23,2011-09-01,SPEI12_genlogistic_global_era5_moda_ref1991to2020_201109.nc,0,0,-0.5771662592887878
018009,Mercedes,2011,GENERALES,2011-10-23,2011-09-01,SPEI12_genlogistic_global_era5_moda_ref1991to2020_201109.nc,0,0,-0.933138906955719
010002,"Andalgalá, Santa María",2011,GENERALES,2011-10-23,2011-09-01,SPEI12_genlogistic_global_era5_moda_ref1991to2020_201109.nc,0,0,0.4764309525489807
018008,"Empedrado, Mburucuyá, San Luis del Palmar",2011,GENERALES,2011-10-23,2011-09-01,SPEI12_genlogistic_global_era5_moda_ref1991to2020_201109.nc,0,0,-0.7381325960159302
006042,Bragado,2011,GENERALES,2011-10-23,2011-09-01,SPEI12_genlogistic_global_era5_moda_ref1991to2020_201109.nc,96.0023820400238,12.917229533195496,-1.897558331489563
006041,General Alvarado,2011,GENERALES,2011-10-23,2011-09-01,SPEI12_genlogistic_global_era5_moda_ref1991to2020_201109.nc,0,0,-0.6959450840950012
062004,"El Cuy, 9 de Julio, Ñorquincó, Pilcaniyeu, Valcheta, 25 de Mayo",2011,GENERALES,2011-10-23,2011-09-01,SPEI12_genlogistic_global_era5_moda_ref1991to2020_201109.nc,32.63625204563141,0,-1.302785038948059
074003,"Ayacucho, Belgrano, Coronel Pringles, Libertador General San Martín",2011,GENERALES,2011-10-23,2011-09-01,SPEI12_genlogistic_global_era5_moda_ref1991to2020_201109.nc,29.540908336639404,0,-1.2992719411849976
018007,"Ituzaingó, San Miguel",2011,GENERALES,2011-10-23,2011-09-01,SPEI12_genlogistic_global_era5_moda_ref1991to2020_201109.nc,0,0,-0.3000349998474121
082016,San Justo,2011,GENERALES,2011-10-23,2011-09-01,SPEI12_genlogistic_global_era5_moda_ref1991to2020_201109.nc,0,0,-0.9448075294494629
006040,"Carmen de Areco, Navarro, Suipacha",2011,GENERALES,2011-10-23,2011-09-01,SPEI12_genlogistic_global_era5_moda_ref1991to2020_201109.nc,99.91534948348999,7.233256101608276,-2.175985336303711
006039,"Ayacucho, General Guido, Pila, Rauch",2011,GENERALES,2011-10-23,2011-09-01,SPEI12_genlogistic_global_era5_moda_ref1991to2020_201109.nc,15.537315607070923,8.123894035816193,-1.781298279762268
042003,"Conhello, Rancul, Toay, Trenel",2011,GENERALES,2011-10-23,2011-09-01,SPEI12_genlogistic_global_era5_moda_ref1991to2020_201109.nc,51.126718521118164,0,-1.4578168392181396
086006,"Choya, Guasayan",2011,GENERALES,2011-10-23,2011-09-01,SPEI12_genlogistic_global_era5_moda_ref1991to2020_201109.nc,0,0,-0.8086735606193542
054010,General Manuel Belgrano,2011,GENERALES,2011-10-23,2011-09-01,SPEI12_genlogistic_global_era5_moda_ref1991to2020_201109.nc,0,0,0.7540232539176941
006038,Trenque Lauquen,2011,GENERALES,2011-10-23,2011-09-01,SPEI12_genlogistic_global_era5_moda_ref1991to2020_201109.nc,0.2928036032244563,0,-1.3489763736724854
026004,Futaleufú,2011,GENERALES,2011-10-23,2011-09-01,SPEI12_genlogistic_global_era5_moda_ref1991to2020_201109.nc,0,0,-0.2971723675727844
054009,Apóstoles,2011,GENERALES,2011-10-23,2011-09-01,SPEI12_genlogistic_global_era5_moda_ref1991to2020_201109.nc,0,0,-0.398510217666626
022008,"General Donovan, Libertad, Presidencia de La Plaza, Tapenaga",2011,GENERALES,2011-10-23,2011-09-01,SPEI12_genlogistic_global_era5_moda_ref1991to2020_201109.nc,0,0,-0.9566769003868103
006037,"Puan, Villarino",2011,GENERALES,2011-10-23,2011-09-01,SPEI12_genlogistic_global_era5_moda_ref1991to2020_201109.nc,0,0,-0.9268109798431396
038005,"Cochinoca, Rinconada, Santa Catalina, Susques, Tumbaya, Yaví",2011,GENERALES,2011-10-23,2011-09-01,SPEI12_genlogistic_global_era5_moda_ref1991to2020_201109.nc,0.6759622134268284,0,0.510826826095581
086005,Robles,2011,GENERALES,2011-10-23,2011-09-01,SPEI12_genlogistic_global_era5_moda_ref1991to2020_201109.nc,0,0,-0.3348609209060669
030008,Diamante,2011,GENERALES,2011-10-23,2011-09-01,SPEI12_genlogistic_global_era5_moda_ref1991to2020_201109.nc,0,0,-1.2298858165740967
082015,Belgrano,2011,GENERALES,2011-10-23,2011-09-01,SPEI12_genlogistic_global_era5_moda_ref1991to2020_201109.nc,42.240044474601746,3.883623704314232,-1.7098336219787598
050011,General Alvear,2011,GENERALES,2011-10-23,2011-09-01,SPEI12_genlogistic_global_era5_moda_ref1991to2020_201109.nc,2.8087805956602097,0,-1.234086036682129
014017,Río Primero,2011,GENERALES,2011-10-23,2011-09-01,SPEI12_genlogistic_global_era5_moda_ref1991to2020_201109.nc,15.190587937831879,0,-1.3275843858718872
006036,9 de Julio,2011,GENERALES,2011-10-23,2011-09-01,SPEI12_genlogistic_global_era5_moda_ref1991to2020_201109.nc,100,8.025451749563217,-1.9172624349594116
066006,General Güemes,2011,GENERALES,2011-10-23,2011-09-01,SPEI12_genlogistic_global_era5_moda_ref1991to2020_201109.nc,7.443937659263611,0,-0.6221356391906738
066005,"La Caldera, Rosario de Lerma",2011,GENERALES,2011-10-23,2011-09-01,SPEI12_genlogistic_global_era5_moda_ref1991to2020_201109.nc,12.535364925861359,0,-0.10854624211788177
054008,Libertador General San Martín,2011,GENERALES,2011-10-23,2011-09-01,SPEI12_genlogistic_global_era5_moda_ref1991to2020_201109.nc,0,0,0.676882266998291
070007,Santa Lucía,2011,GENERALES,2011-10-23,2011-09-01,SPEI12_genlogistic_global_era5_moda_ref1991to2020_201109.nc,0,0,-0.21700139343738556
018006,Paso de los Libres,2011,GENERALES,2011-10-23,2011-09-01,SPEI12_genlogistic_global_era5_moda_ref1991to2020_201109.nc,0,0,-1.0941129922866821
022007,"9 de Julio, O'Higgins",2011,GENERALES,2011-10-23,2011-09-01,SPEI12_genlogistic_global_era5_moda_ref1991to2020_201109.nc,0,0,-1.0123459100723267
006035,Chacabuco,2011,GENERALES,2011-10-23,2011-09-01,SPEI12_genlogistic_global_era5_moda_ref1991to2020_201109.nc,34.34211313724518,0,-1.5165601968765259
046002,Chilecito,2011,GENERALES,2011-10-23,2011-09-01,SPEI12_genlogistic_global_era5_moda_ref1991to2020_201109.nc,0,0,-0.3517080843448639
014016,"Ischilín, Totoral",2011,GENERALES,2011-10-23,2011-09-01,SPEI12_genlogistic_global_era5_moda_ref1991to2020_201109.nc,32.34624266624451,0,-1.3142892122268677
050010,Tunuyán,2011,GENERALES,2011-10-23,2011-09-01,SPEI12_genlogistic_global_era5_moda_ref1991to2020_201109.nc,28.21982204914093,0,-0.8223711252212524
006034,"Coronel Dorrego, Coronel Pringles, Monte Hermoso, Tornquist",2011,GENERALES,2011-10-23,2011-09-01,SPEI12_genlogistic_global_era5_moda_ref1991to2020_201109.nc,0,0,-0.677657425403595
006033,"General Las Heras, Lobos",2011,GENERALES,2011-10-23,2011-09-01,SPEI12_genlogistic_global_era5_moda_ref1991to2020_201109.nc,100,7.579616457223892,-1.996757984161377
030007,Gualeguay,2011,GENERALES,2011-10-23,2011-09-01,SPEI12_genlogistic_global_era5_moda_ref1991to2020_201109.nc,7.212501019239426,0,-1.2460660934448242
014015,Calamuchita,2011,GENERALES,2011-10-23,2011-09-01,SPEI12_genlogistic_global_era5_moda_ref1991to2020_201109.nc,76.9413948059082,0,-1.528122067451477
082014,Vera,2011,GENERALES,2011-10-23,2011-09-01,SPEI12_genlogistic_global_era5_moda_ref1991to2020_201109.nc,0,0,-0.7758844494819641
006032,Marcos Paz,2011,GENERALES,2011-10-23,2011-09-01,SPEI12_genlogistic_global_era5_moda_ref1991to2020_201109.nc,100,20.675194263458252,-1.842974066734314
070006,Pocito,2011,GENERALES,2011-10-23,2011-09-01,SPEI12_genlogistic_global_era5_moda_ref1991to2020_201109.nc,0,0,-0.8364030122756958
018005,"Curuzú Cuatiá, Sauce",2011,GENERALES,2011-10-23,2011-09-01,SPEI12_genlogistic_global_era5_moda_ref1991to2020_201109.nc,0,0,-1.1047285795211792
014014,San Javier,2011,GENERALES,2011-10-23,2011-09-01,SPEI12_genlogistic_global_era5_moda_ref1991to2020_201109.nc,0.24006173480302095,0,-1.3942173719406128
006031,Cañuelas,2011,GENERALES,2011-10-23,2011-09-01,SPEI12_genlogistic_global_era5_moda_ref1991to2020_201109.nc,100,95.2684223651886,-2.0130019187927246
006030,"Bolívar, General Alvear, Tapalqué",2011,GENERALES,2011-10-23,2011-09-01,SPEI12_genlogistic_global_era5_moda_ref1991to2020_201109.nc,50.32893419265747,0,-1.4926786422729492
054007,Cainguas,2011,GENERALES,2011-10-23,2011-09-01,SPEI12_genlogistic_global_era5_moda_ref1991to2020_201109.nc,0,0,0.7454195022583008
058003,"Huiliches, Lácar, Los Lagos",2011,GENERALES,2011-10-23,2011-09-01,SPEI12_genlogistic_global_era5_moda_ref1991to2020_201109.nc,0,0,-0.11429402977228165
086004,Río Hondo,2011,GENERALES,2011-10-23,2011-09-01,SPEI12_genlogistic_global_era5_moda_ref1991to2020_201109.nc,0,0,-0.361505925655365
022006,Mayor Luis J. Fontana,2011,GENERALES,2011-10-23,2011-09-01,SPEI12_genlogistic_global_era5_moda_ref1991to2020_201109.nc,0,0,-1.124685287475586
090004,Leales,2011,GENERALES,2011-10-23,2011-09-01,SPEI12_genlogistic_global_era5_moda_ref1991to2020_201109.nc,0,0,-0.33290278911590576
058002,"Aluminé, Añelo, Catán-Lil, Collón-Cura, Loncopué, Minas, Ñorquin, Picún-Leufú, Picunches",2011,GENERALES,2011-10-23,2011-09-01,SPEI12_genlogistic_global_era5_moda_ref1991to2020_201109.nc,2.490379475057125,0,-0.5469895601272583
018004,"Berón de Astrada, Concepción, General Paz, San Roque",2011,GENERALES,2011-10-23,2011-09-01,SPEI12_genlogistic_global_era5_moda_ref1991to2020_201109.nc,0,0,-0.7214434146881104
050009,Rivadavia,2011,GENERALES,2011-10-23,2011-09-01,SPEI12_genlogistic_global_era5_moda_ref1991to2020_201109.nc,6.53386116027832,0,-0.9940969944000244
006029,Ensenada,2011,GENERALES,2011-10-23,2011-09-01,SPEI12_genlogistic_global_era5_moda_ref1991to2020_201109.nc,100,0,-1.675563097000122
006028,Tres Arroyos,2011,GENERALES,2011-10-23,2011-09-01,SPEI12_genlogistic_global_era5_moda_ref1991to2020_201109.nc,0,0,-0.588225781917572
066004,Anta,2011,GENERALES,2011-10-23,2011-09-01,SPEI12_genlogistic_global_era5_moda_ref1991to2020_201109.nc,0,0,-0.710165798664093
054006,San Ignacio,2011,GENERALES,2011-10-23,2011-09-01,SPEI12_genlogistic_global_era5_moda_ref1991to2020_201109.nc,0,0,0.44486910104751587
042002,Maracó,2011,GENERALES,2011-10-23,2011-09-01,SPEI12_genlogistic_global_era5_moda_ref1991to2020_201109.nc,68.82317662239075,0,-1.524332046508789
062003,Adolfo Alsina,2011,GENERALES,2011-10-23,2011-09-01,SPEI12_genlogistic_global_era5_moda_ref1991to2020_201109.nc,0,0,-0.591097891330719
006027,San Pedro,2011,GENERALES,2011-10-23,2011-09-01,SPEI12_genlogistic_global_era5_moda_ref1991to2020_201109.nc,18.825338780879974,0,-1.3932230472564697
018003,Santo Tomé,2011,GENERALES,2011-10-23,2011-09-01,SPEI12_genlogistic_global_era5_moda_ref1991to2020_201109.nc,0,0,-0.5839736461639404
006026,"Alberti, Roque Pérez, 25 de Mayo",2011,GENERALES,2011-10-23,2011-09-01,SPEI12_genlogistic_global_era5_moda_ref1991to2020_201109.nc,99.45247769355774,0,-1.8513753414154053
006025,"Chascomus, Magdalena, Punta Indio",2011,GENERALES,2011-10-23,2011-09-01,SPEI12_genlogistic_global_era5_moda_ref1991to2020_201109.nc,100,0,-1.8804280757904053
006024,"General Viamonte, Lincoln",2011,GENERALES,2011-10-23,2011-09-01,SPEI12_genlogistic_global_era5_moda_ref1991to2020_201109.nc,96.66141867637634,0.05538731929846108,-1.7357484102249146
022005,"San Lorenzo, Sargento Cabral, 25 de Mayo",2011,GENERALES,2011-10-23,2011-09-01,SPEI12_genlogistic_global_era5_moda_ref1991to2020_201109.nc,0,0,-0.8708034753799438
006023,Coronel de Marine L. Rosales,2011,GENERALES,2011-10-23,2011-09-01,SPEI12_genlogistic_global_era5_moda_ref1991to2020_201109.nc,0,0,-0.6876093149185181
006022,"Balcarce, Lobería",2011,GENERALES,2011-10-23,2011-09-01,SPEI12_genlogistic_global_era5_moda_ref1991to2020_201109.nc,0,0,-0.7077487111091614
006021,Mercedes,2011,GENERALES,2011-10-23,2011-09-01,SPEI12_genlogistic_global_era5_moda_ref1991to2020_201109.nc,100,73.36280345916748,-6.470760345458984
014013,Juárez Celman,2011,GENERALES,2011-10-23,2011-09-01,SPEI12_genlogistic_global_era5_moda_ref1991to2020_201109.nc,95.51687836647034,0,-1.6667109727859497
070005,"Angaco, Caucete, 25 de Mayo",2011,GENERALES,2011-10-23,2011-09-01,SPEI12_genlogistic_global_era5_moda_ref1991to2020_201109.nc,0,0,-0.13884274661540985
082013,San Martín,2011,GENERALES,2011-10-23,2011-09-01,SPEI12_genlogistic_global_era5_moda_ref1991to2020_201109.nc,24.609093368053436,24.609093368053436,-2.914867639541626
006020,Chivilcoy,2011,GENERALES,2011-10-23,2011-09-01,SPEI12_genlogistic_global_era5_moda_ref1991to2020_201109.nc,100,0,-1.7840040922164917
006019,Azul,2011,GENERALES,2011-10-23,2011-09-01,SPEI12_genlogistic_global_era5_moda_ref1991to2020_201109.nc,3.4969575703144073,0,-1.0999215841293335
082012,Iriondo,2011,GENERALES,2011-10-23,2011-09-01,SPEI12_genlogistic_global_era5_moda_ref1991to2020_201109.nc,3.4382831305265427,0,-1.3234800100326538
086003,"Alberdi, Juan F. Ibarra, Moreno",2011,GENERALES,2011-10-23,2011-09-01,SPEI12_genlogistic_global_era5_moda_ref1991to2020_201109.nc,0,0,-0.8185265064239502
082011,San Cristóbal,2011,GENERALES,2011-10-23,2011-09-01,SPEI12_genlogistic_global_era5_moda_ref1991to2020_201109.nc,0,0,-0.8254140019416809
022004,General Güemes,2011,GENERALES,2011-10-23,2011-09-01,SPEI12_genlogistic_global_era5_moda_ref1991to2020_201109.nc,0,0,-0.3820967376232147
030006,La Paz,2011,GENERALES,2011-10-23,2011-09-01,SPEI12_genlogistic_global_era5_moda_ref1991to2020_201109.nc,0,0,-0.7944677472114563
030005,Federación,2011,GENERALES,2011-10-23,2011-09-01,SPEI12_genlogistic_global_era5_moda_ref1991to2020_201109.nc,0,0,-1.0109055042266846
054005,Guaraní,2011,GENERALES,2011-10-23,2011-09-01,SPEI12_genlogistic_global_era5_moda_ref1991to2020_201109.nc,0,0,0.8825992345809937
014012,"Cruz del Eje, Minas, Pocho",2011,GENERALES,2011-10-23,2011-09-01,SPEI12_genlogistic_global_era5_moda_ref1991to2020_201109.nc,18.554121255874634,8.243022114038467,-1.3036458492279053
022003,"Libertador General San Martín, 1 de Mayo",2011,GENERALES,2011-10-23,2011-09-01,SPEI12_genlogistic_global_era5_moda_ref1991to2020_201109.nc,0,0,-0.5802880525588989
094001,"Río Grande, Antarctic Argentina",2011,GENERALES,2011-10-23,2011-09-01,SPEI12_genlogistic_global_era5_moda_ref1991to2020_201109.nc,0,0,0.5003070831298828
006018,"General Lavalle, La Costa",2011,GENERALES,2011-10-23,2011-09-01,SPEI12_genlogistic_global_era5_moda_ref1991to2020_201109.nc,100,17.839479446411133,-1.904841423034668
038004,San Pedro,2011,GENERALES,2011-10-23,2011-09-01,SPEI12_genlogistic_global_era5_moda_ref1991to2020_201109.nc,0,0,-0.7619600892066956
054004,El Dorado,2011,GENERALES,2011-10-23,2011-09-01,SPEI12_genlogistic_global_era5_moda_ref1991to2020_201109.nc,0,0,0.8450390696525574
082010,Caseros,2011,GENERALES,2011-10-23,2011-09-01,SPEI12_genlogistic_global_era5_moda_ref1991to2020_201109.nc,40.23616313934326,0,-1.5245349407196045
026003,Biedma,2011,GENERALES,2011-10-23,2011-09-01,SPEI12_genlogistic_global_era5_moda_ref1991to2020_201109.nc,5.13671301305294,0,-1.1695607900619507
082009,San Jerónimo,2011,GENERALES,2011-10-23,2011-09-01,SPEI12_genlogistic_global_era5_moda_ref1991to2020_201109.nc,0,0,-1.235883355140686
054003,Iguazú,2011,GENERALES,2011-10-23,2011-09-01,SPEI12_genlogistic_global_era5_moda_ref1991to2020_201109.nc,0,0,0.7273489236831665
034004,"Bermejo, Patiño",2011,GENERALES,2011-10-23,2011-09-01,SPEI12_genlogistic_global_era5_moda_ref1991to2020_201109.nc,0,0,-0.6381822824478149
006017,"Presidente Perón, San Vicente",2011,GENERALES,2011-10-23,2011-09-01,SPEI12_genlogistic_global_era5_moda_ref1991to2020_201109.nc,100,71.3046669960022,-2.016643524169922
070004,Rivadavia,2011,GENERALES,2011-10-23,2011-09-01,SPEI12_genlogistic_global_era5_moda_ref1991to2020_201109.nc,0,0,-0.5218005776405334
034003,Pilcomayo,2011,GENERALES,2011-10-23,2011-09-01,SPEI12_genlogistic_global_era5_moda_ref1991to2020_201109.nc,0,0,-0.36289796233177185
006016,General Rodríguez,2011,GENERALES,2011-10-23,2011-09-01,SPEI12_genlogistic_global_era5_moda_ref1991to2020_201109.nc,100,0.23894780315458775,-1.7910794019699097
070003,Chimbas,2011,GENERALES,2011-10-23,2011-09-01,SPEI12_genlogistic_global_era5_moda_ref1991to2020_201109.nc,0,0,-0.22097143530845642
006015,Berisso,2011,GENERALES,2011-10-23,2011-09-01,SPEI12_genlogistic_global_era5_moda_ref1991to2020_201109.nc,90.13370871543884,0,-1.6765254735946655
082008,Constitución,2011,GENERALES,2011-10-23,2011-09-01,SPEI12_genlogistic_global_era5_moda_ref1991to2020_201109.nc,15.483835339546204,0,-1.3751075267791748
006014,Junín,2011,GENERALES,2011-10-23,2011-09-01,SPEI12_genlogistic_global_era5_moda_ref1991to2020_201109.nc,83.31135511398315,0,-1.6558996438980103
018002,Goya,2011,GENERALES,2011-10-23,2011-09-01,SPEI12_genlogistic_global_era5_moda_ref1991to2020_201109.nc,0,0,-0.7232809662818909
006013,Necochea,2011,GENERALES,2011-10-23,2011-09-01,SPEI12_genlogistic_global_era5_moda_ref1991to2020_201109.nc,0,0,-0.5681023597717285
006012,Campana,2011,GENERALES,2011-10-23,2011-09-01,SPEI12_genlogistic_global_era5_moda_ref1991to2020_201109.nc,56.84738755226135,0,-1.5283775329589844
014011,Santa María,2011,GENERALES,2011-10-23,2011-09-01,SPEI12_genlogistic_global_era5_moda_ref1991to2020_201109.nc,49.63495135307312,0,-1.5218433141708374
022002,Comandante Fernandez,2011,GENERALES,2011-10-23,2011-09-01,SPEI12_genlogistic_global_era5_moda_ref1991to2020_201109.nc,0,0,-0.8940706849098206
090003,"Chicligasta, Granero, Juan Bautista Alberdi, La Cocha, Monteros, Río Chico, Simoca",2011,GENERALES,2011-10-23,2011-09-01,SPEI12_genlogistic_global_era5_moda_ref1991to2020_201109.nc,0,0,-0.46289369463920593
034002,"Laishi, Pilagás, Pirané",2011,GENERALES,2011-10-23,2011-09-01,SPEI12_genlogistic_global_era5_moda_ref1991to2020_201109.nc,0,0,-0.5859727263450623
038003,"Ledesma, Santa Bárbara",2011,GENERALES,2011-10-23,2011-09-01,SPEI12_genlogistic_global_era5_moda_ref1991to2020_201109.nc,0,0,-0.835827648639679
030004,Uruguay,2011,GENERALES,2011-10-23,2011-09-01,SPEI12_genlogistic_global_era5_moda_ref1991to2020_201109.nc,0,0,-1.0377826690673828
038002,"El Carmen, San Antonio",2011,GENERALES,2011-10-23,2011-09-01,SPEI12_genlogistic_global_era5_moda_ref1991to2020_201109.nc,45.50089240074158,0,-1.2885781526565552
014010,Marcos Juárez,2011,GENERALES,2011-10-23,2011-09-01,SPEI12_genlogistic_global_era5_moda_ref1991to2020_201109.nc,88.65631818771362,2.2243538566613097e-6,-1.7041198015213013
014009,Unión,2011,GENERALES,2011-10-23,2011-09-01,SPEI12_genlogistic_global_era5_moda_ref1991to2020_201109.nc,77.59217619895935,17.747220396995544,-1.7380577325820923
042001,Capital,2011,GENERALES,2011-10-23,2011-09-01,SPEI12_genlogistic_global_era5_moda_ref1991to2020_201109.nc,7.788928598165512,0,-1.350602388381958
014008,Río Segundo,2011,GENERALES,2011-10-23,2011-09-01,SPEI12_genlogistic_global_era5_moda_ref1991to2020_201109.nc,33.97636115550995,0,-1.474433183670044
082007,Las Colonias,2011,GENERALES,2011-10-23,2011-09-01,SPEI12_genlogistic_global_era5_moda_ref1991to2020_201109.nc,0,0,-1.112290382385254
006011,Luján,2011,GENERALES,2011-10-23,2011-09-01,SPEI12_genlogistic_global_era5_moda_ref1991to2020_201109.nc,100,22.640064358711243,-3.208812952041626
078002,Deseado,2011,GENERALES,2011-10-23,2011-09-01,SPEI12_genlogistic_global_era5_moda_ref1991to2020_201109.nc,0,0,0.0041382769122719765
006010,Pergamino,2011,GENERALES,2011-10-23,2011-09-01,SPEI12_genlogistic_global_era5_moda_ref1991to2020_201109.nc,33.41597318649292,21.25394493341446,-2.862130880355835
054002,Oberá,2011,GENERALES,2011-10-23,2011-09-01,SPEI12_genlogistic_global_era5_moda_ref1991to2020_201109.nc,0,0,0.4314888119697571
006009,Olavarría,2011,GENERALES,2011-10-23,2011-09-01,SPEI12_genlogistic_global_era5_moda_ref1991to2020_201109.nc,0.19757109694182873,0,-1.0729014873504639
070002,Capital,2011,GENERALES,2011-10-23,2011-09-01,SPEI12_genlogistic_global_era5_moda_ref1991to2020_201109.nc,0,0,-0.21700139343738556
014007,Tercero Arriba,2011,GENERALES,2011-10-23,2011-09-01,SPEI12_genlogistic_global_era5_moda_ref1991to2020_201109.nc,51.69617533683777,0,-1.5236191749572754
030003,"Gualeguaychú, Islas del Ibicuy",2011,GENERALES,2011-10-23,2011-09-01,SPEI12_genlogistic_global_era5_moda_ref1991to2020_201109.nc,0.12867870973423123,0,-1.2630881071090698
050008,Capital,2011,GENERALES,2011-10-23,2011-09-01,SPEI12_genlogistic_global_era5_moda_ref1991to2020_201109.nc,0,0,-1.2751822471618652
006008,Zárate,2011,GENERALES,2011-10-23,2011-09-01,SPEI12_genlogistic_global_era5_moda_ref1991to2020_201109.nc,49.856945872306824,0,-1.5365535020828247
078001,Guer Aike,2011,GENERALES,2011-10-23,2011-09-01,SPEI12_genlogistic_global_era5_moda_ref1991to2020_201109.nc,0,0,-0.10257630795240402
070001,Rawson,2011,GENERALES,2011-10-23,2011-09-01,SPEI12_genlogistic_global_era5_moda_ref1991to2020_201109.nc,0,0,-0.5590623021125793
050007,Luján de Cuyo,2011,GENERALES,2011-10-23,2011-09-01,SPEI12_genlogistic_global_era5_moda_ref1991to2020_201109.nc,8.638090640306473,0,-0.7175008058547974
050006,San Martín,2011,GENERALES,2011-10-23,2011-09-01,SPEI12_genlogistic_global_era5_moda_ref1991to2020_201109.nc,0,0,-0.5269667506217957
006007,Tandil,2011,GENERALES,2011-10-23,2011-09-01,SPEI12_genlogistic_global_era5_moda_ref1991to2020_201109.nc,0,0,-0.5830432176589966
014006,General San Martín,2011,GENERALES,2011-10-23,2011-09-01,SPEI12_genlogistic_global_era5_moda_ref1991to2020_201109.nc,94.65371966362,0.21192068234086037,-1.67209792137146
062002,Bariloche,2011,GENERALES,2011-10-23,2011-09-01,SPEI12_genlogistic_global_era5_moda_ref1991to2020_201109.nc,13.064639270305634,13.064639270305634,-1.1759215593338013
026002,Rawson,2011,GENERALES,2011-10-23,2011-09-01,SPEI12_genlogistic_global_era5_moda_ref1991to2020_201109.nc,0,0,-0.8200757503509521
074002,"General Pedernera, Gobernador Dupuy",2011,GENERALES,2011-10-23,2011-09-01,SPEI12_genlogistic_global_era5_moda_ref1991to2020_201109.nc,54.86988425254822,0,-1.5068769454956055
086002,Banda,2011,GENERALES,2011-10-23,2011-09-01,SPEI12_genlogistic_global_era5_moda_ref1991to2020_201109.nc,0,0,-0.4266834855079651
006006,San Nicolás,2011,GENERALES,2011-10-23,2011-09-01,SPEI12_genlogistic_global_era5_moda_ref1991to2020_201109.nc,0,0,-1.2024712562561035
066003,"Iruya, Orán, Santa Victoria",2011,GENERALES,2011-10-23,2011-09-01,SPEI12_genlogistic_global_era5_moda_ref1991to2020_201109.nc,32.27947652339935,0,-1.1533892154693604
082006,San Lorenzo,2011,GENERALES,2011-10-23,2011-09-01,SPEI12_genlogistic_global_era5_moda_ref1991to2020_201109.nc,0,0,-1.2856181859970093
066002,General Jose de San Martín,2011,GENERALES,2011-10-23,2011-09-01,SPEI12_genlogistic_global_era5_moda_ref1991to2020_201109.nc,40.83098769187927,0,-1.3652037382125854
010001,Capital,2011,GENERALES,2011-10-23,2011-09-01,SPEI12_genlogistic_global_era5_moda_ref1991to2020_201109.nc,0,0,-0.9019920229911804
006092,San Fernando,2011,GENERALES,2011-10-23,2011-09-01,SPEI12_genlogistic_global_era5_moda_ref1991to2020_201109.nc,15.89396744966507,0,-1.3920581340789795
014005,Punilla,2011,GENERALES,2011-10-23,2011-09-01,SPEI12_genlogistic_global_era5_moda_ref1991to2020_201109.nc,98.96364212036133,9.31040495634079,-1.7329450845718384
050005,Maipú,2011,GENERALES,2011-10-23,2011-09-01,SPEI12_genlogistic_global_era5_moda_ref1991to2020_201109.nc,0,0,-0.975121259689331
082005,General Obligado,2011,GENERALES,2011-10-23,2011-09-01,SPEI12_genlogistic_global_era5_moda_ref1991to2020_201109.nc,0,0,-0.796481192111969
082004,Castellanos,2011,GENERALES,2011-10-23,2011-09-01,SPEI12_genlogistic_global_era5_moda_ref1991to2020_201109.nc,0,0,-1.0942708253860474
046001,Capital,2011,GENERALES,2011-10-23,2011-09-01,SPEI12_genlogistic_global_era5_moda_ref1991to2020_201109.nc,0,0,-0.5290520787239075
090002,Cruz Alta,2011,GENERALES,2011-10-23,2011-09-01,SPEI12_genlogistic_global_era5_moda_ref1991to2020_201109.nc,0,0,-0.5277444124221802
030002,"Colón, Concordia, Federal, Feliciano, San Salvador, Villaguay",2011,GENERALES,2011-10-23,2011-09-01,SPEI12_genlogistic_global_era5_moda_ref1991to2020_201109.nc,0,0,-0.8931778073310852
050004,San Rafael,2011,GENERALES,2011-10-23,2011-09-01,SPEI12_genlogistic_global_era5_moda_ref1991to2020_201109.nc,28.123179078102112,0,-1.2860829830169678
026001,Escalante,2011,GENERALES,2011-10-23,2011-09-01,SPEI12_genlogistic_global_era5_moda_ref1991to2020_201109.nc,0,0,-0.2009454369544983
082003,General López,2011,GENERALES,2011-10-23,2011-09-01,SPEI12_genlogistic_global_era5_moda_ref1991to2020_201109.nc,99.51671361923218,0,-1.668055772781372
050003,Godoy Cruz,2011,GENERALES,2011-10-23,2011-09-01,SPEI12_genlogistic_global_era5_moda_ref1991to2020_201109.nc,0,0,-1.3397088050842285
074001,La Capital,2011,GENERALES,2011-10-23,2011-09-01,SPEI12_genlogistic_global_era5_moda_ref1991to2020_201109.nc,54.566746950149536,0,-1.489883542060852
014004,San Justo,2011,GENERALES,2011-10-23,2011-09-01,SPEI12_genlogistic_global_era5_moda_ref1991to2020_201109.nc,0,0,-1.1140727996826172
050002,Las Heras,2011,GENERALES,2011-10-23,2011-09-01,SPEI12_genlogistic_global_era5_moda_ref1991to2020_201109.nc,0,0,-0.51093292236328125
006005,Escobar,2011,GENERALES,2011-10-23,2011-09-01,SPEI12_genlogistic_global_era5_moda_ref1991to2020_201109.nc,100,0,-1.615230917930603
014003,Colón,2011,GENERALES,2011-10-23,2011-09-01,SPEI12_genlogistic_global_era5_moda_ref1991to2020_201109.nc,73.35504293441772,0,-1.5763616561889648
034001,Formosa,2011,GENERALES,2011-10-23,2011-09-01,SPEI12_genlogistic_global_era5_moda_ref1991to2020_201109.nc,0,0,-0.3453996777534485
014002,Río Cuarto,2011,GENERALES,2011-10-23,2011-09-01,SPEI12_genlogistic_global_era5_moda_ref1991to2020_201109.nc,91.4446771144867,0,-1.6987954378128052
038001,"Dr. Manuel Belgrano, Palpalá",2011,GENERALES,2011-10-23,2011-09-01,SPEI12_genlogistic_global_era5_moda_ref1991to2020_201109.nc,35.7204407453537,0,-1.203143835067749
086001,Capital,2011,GENERALES,2011-10-23,2011-09-01,SPEI12_genlogistic_global_era5_moda_ref1991to2020_201109.nc,0,0,-0.5282971858978271
006091,Vicente López,2011,GENERALES,2011-10-23,2011-09-01,SPEI12_genlogistic_global_era5_moda_ref1991to2020_201109.nc,100,0,-1.7496721744537354
050001,Guaymallén,2011,GENERALES,2011-10-23,2011-09-01,SPEI12_genlogistic_global_era5_moda_ref1991to2020_201109.nc,0,0,-1.179665207862854
006090,San Isidro,2011,GENERALES,2011-10-23,2011-09-01,SPEI12_genlogistic_global_era5_moda_ref1991to2020_201109.nc,100,0,-1.7496721744537354
006004,Bahía Blanca,2011,GENERALES,2011-10-23,2011-09-01,SPEI12_genlogistic_global_era5_moda_ref1991to2020_201109.nc,0,0,-0.7193520665168762
006003,Pilar,2011,GENERALES,2011-10-23,2011-09-01,SPEI12_genlogistic_global_era5_moda_ref1991to2020_201109.nc,100,0,-1.8135778903961182
006089,"Esteban Echeverría, Ezeiza",2011,GENERALES,2011-10-23,2011-09-01,SPEI12_genlogistic_global_era5_moda_ref1991to2020_201109.nc,100,41.45172834396362,-1.9290343523025513
062001,General Roca,2011,GENERALES,2011-10-23,2011-09-01,SPEI12_genlogistic_global_era5_moda_ref1991to2020_201109.nc,0.1389673794619739,0,-1.2392946481704712
006088,"Hurlingham, Ituzaingo, Morón",2011,GENERALES,2011-10-23,2011-09-01,SPEI12_genlogistic_global_era5_moda_ref1991to2020_201109.nc,100,0,-1.8354984521865845
054001,"Capital, Leandro N. Alem",2011,GENERALES,2011-10-23,2011-09-01,SPEI12_genlogistic_global_era5_moda_ref1991to2020_201109.nc,0,0,-0.056503985077142715
006087,Berazategui,2011,GENERALES,2011-10-23,2011-09-01,SPEI12_genlogistic_global_era5_moda_ref1991to2020_201109.nc,100,0,-1.8419077396392822
006086,"General Sarmiento, Jose C. Paz, Malvinas Argentinas, San Miguel",2011,GENERALES,2011-10-23,2011-09-01,SPEI12_genlogistic_global_era5_moda_ref1991to2020_201109.nc,100,0,-1.8452969789505005
030001,Parana,2011,GENERALES,2011-10-23,2011-09-01,SPEI12_genlogistic_global_era5_moda_ref1991to2020_201109.nc,0,0,-1.1717842817306519
006085,Tres de Febrero,2011,GENERALES,2011-10-23,2011-09-01,SPEI12_genlogistic_global_era5_moda_ref1991to2020_201109.nc,100,0,-1.772193193435669
006084,Avellaneda,2011,GENERALES,2011-10-23,2011-09-01,SPEI12_genlogistic_global_era5_moda_ref1991to2020_201109.nc,100,0,-1.8968994617462158
018001,Capital,2011,GENERALES,2011-10-23,2011-09-01,SPEI12_genlogistic_global_era5_moda_ref1991to2020_201109.nc,0,0,-0.7334192991256714
058001,Confluencia,2011,GENERALES,2011-10-23,2011-09-01,SPEI12_genlogistic_global_era5_moda_ref1991to2020_201109.nc,7.8313834965229034,0,-1.3355724811553955
006083,Tigre,2011,GENERALES,2011-10-23,2011-09-01,SPEI12_genlogistic_global_era5_moda_ref1991to2020_201109.nc,67.40593910217285,0,-1.6404616832733154
022001,San Fernando,2011,GENERALES,2011-10-23,2011-09-01,SPEI12_genlogistic_global_era5_moda_ref1991to2020_201109.nc,0,0,-0.8167204856872559
006082,General San Martín,2011,GENERALES,2011-10-23,2011-09-01,SPEI12_genlogistic_global_era5_moda_ref1991to2020_201109.nc,100,0,-1.749672293663025
006081,Florencio Varela,2011,GENERALES,2011-10-23,2011-09-01,SPEI12_genlogistic_global_era5_moda_ref1991to2020_201109.nc,100,0,-1.932623028755188
006080,Moreno,2011,GENERALES,2011-10-23,2011-09-01,SPEI12_genlogistic_global_era5_moda_ref1991to2020_201109.nc,100,0,-1.840210199356079
006079,Lanus,2011,GENERALES,2011-10-23,2011-09-01,SPEI12_genlogistic_global_era5_moda_ref1991to2020_201109.nc,100,0,-1.8747384548187256
082002,La Capital,2011,GENERALES,2011-10-23,2011-09-01,SPEI12_genlogistic_global_era5_moda_ref1991to2020_201109.nc,0,0,-1.188642144203186
066001,Capital,2011,GENERALES,2011-10-23,2011-09-01,SPEI12_genlogistic_global_era5_moda_ref1991to2020_201109.nc,0,0,-0.9259698987007141
006078,Merlo,2011,GENERALES,2011-10-23,2011-09-01,SPEI12_genlogistic_global_era5_moda_ref1991to2020_201109.nc,100,0,-1.834357738494873
006077,Almirante Brown,2011,GENERALES,2011-10-23,2011-09-01,SPEI12_genlogistic_global_era5_moda_ref1991to2020_201109.nc,100,7.608547806739807,-1.9019526243209839
006076,Quilmes,2011,GENERALES,2011-10-23,2011-09-01,SPEI12_genlogistic_global_era5_moda_ref1991to2020_201109.nc,100,0,-1.900642991065979
006002,General Pueyrredón,2011,GENERALES,2011-10-23,2011-09-01,SPEI12_genlogistic_global_era5_moda_ref1991to2020_201109.nc,0,0,-0.7580792307853699
006075,Lomas de Zamora,2011,GENERALES,2011-10-23,2011-09-01,SPEI12_genlogistic_global_era5_moda_ref1991to2020_201109.nc,100,0,-1.869334101676941
006001,La Plata,2011,GENERALES,2011-10-23,2011-09-01,SPEI12_genlogistic_global_era5_moda_ref1991to2020_201109.nc,99.78505969047546,0,-1.8726630210876465
002001,City of Buenos Aires,2011,GENERALES,2011-10-23,2011-09-01,SPEI12_genlogistic_global_era5_moda_ref1991to2020_201109.nc,100,0,-1.8007581233978271
090001,"Famaillá, Lules, Capital, Tafí del Valle, Tafí Viajo, Trancas, Yerba Buena",2011,GENERALES,2011-10-23,2011-09-01,SPEI12_genlogistic_global_era5_moda_ref1991to2020_201109.nc,0,0,-0.18752136826515198
082001,Rosario,2011,GENERALES,2011-10-23,2011-09-01,SPEI12_genlogistic_global_era5_moda_ref1991to2020_201109.nc,0,0,-1.2392996549606323
014001,Capital,2011,GENERALES,2011-10-23,2011-09-01,SPEI12_genlogistic_global_era5_moda_ref1991to2020_201109.nc,73.1788158416748,0,-1.5382180213928223
006074,La Matanza,2011,GENERALES,2011-10-23,2011-09-01,SPEI12_genlogistic_global_era5_moda_ref1991to2020_201109.nc,100,6.476227939128876,-1.860302448272705
094002,Ushuaia,2011,GENERALES,2011-10-23,2011-09-01,SPEI12_genlogistic_global_era5_moda_ref1991to2020_201109.nc,21.91147655248642,0,-1.107045292854309
006072,Saavedra,2013,PASO,2013-08-11,2013-07-01,SPEI12_genlogistic_global_era5_moda_ref1991to2020_201307.nc,0,0,-0.05196159705519676
006073,"Castelli, Maipú, Tordillo",2013,PASO,2013-08-11,2013-07-01,SPEI12_genlogistic_global_era5_moda_ref1991to2020_201307.nc,0,0,0.5462103486061096
066013,Chicoana,2013,PASO,2013-08-11,2013-07-01,SPEI12_genlogistic_global_era5_moda_ref1991to2020_201307.nc,100,51.832711696624756,-1.971864938735962
018016,"General Alvear, San Martín",2013,PASO,2013-08-11,2013-07-01,SPEI12_genlogistic_global_era5_moda_ref1991to2020_201307.nc,0,0,0.46155011653900146
006071,"General La Madrid, Laprida",2013,PASO,2013-08-11,2013-07-01,SPEI12_genlogistic_global_era5_moda_ref1991to2020_201307.nc,0,0,0.9920138716697693
070012,"9 de Julio, San Martín",2013,PASO,2013-08-11,2013-07-01,SPEI12_genlogistic_global_era5_moda_ref1991to2020_201307.nc,0.6578414235264063,0,-1.1668686866760254
006070,Monte,2013,PASO,2013-08-11,2013-07-01,SPEI12_genlogistic_global_era5_moda_ref1991to2020_201307.nc,0,0,0.6932038068771362
006069,Mar Chiquita,2013,PASO,2013-08-11,2013-07-01,SPEI12_genlogistic_global_era5_moda_ref1991to2020_201307.nc,0,0,0.5250579714775085
062007,"Conesa, Pichi Mahuida",2013,PASO,2013-08-11,2013-07-01,SPEI12_genlogistic_global_era5_moda_ref1991to2020_201307.nc,0,0,-0.8756866455078125
046006,"Chamical, General Belgrano",2013,PASO,2013-08-11,2013-07-01,SPEI12_genlogistic_global_era5_moda_ref1991to2020_201307.nc,100,4.842670261859894,-1.790630578994751
078004,"Lago Buenos Aires, Magallanes, Río Chico",2013,PASO,2013-08-11,2013-07-01,SPEI12_genlogistic_global_era5_moda_ref1991to2020_201307.nc,0,0,-0.7430530786514282
082019,Garay,2013,PASO,2013-08-11,2013-07-01,SPEI12_genlogistic_global_era5_moda_ref1991to2020_201307.nc,0,0,0.1677023470401764
086015,Avellaneda,2013,PASO,2013-08-11,2013-07-01,SPEI12_genlogistic_global_era5_moda_ref1991to2020_201307.nc,0.4418072756379843,0,-1.1945170164108276
066012,"Cafayate, La Vina",2013,PASO,2013-08-11,2013-07-01,SPEI12_genlogistic_global_era5_moda_ref1991to2020_201307.nc,76.08938813209534,22.86607176065445,-1.780654788017273
074005,Chacabuco,2013,PASO,2013-08-11,2013-07-01,SPEI12_genlogistic_global_era5_moda_ref1991to2020_201307.nc,0,0,-0.5219042301177979
042007,"Hucal, Utracán",2013,PASO,2013-08-11,2013-07-01,SPEI12_genlogistic_global_era5_moda_ref1991to2020_201307.nc,0,0,0.05226195603609085
070011,Sarmiento,2013,PASO,2013-08-11,2013-07-01,SPEI12_genlogistic_global_era5_moda_ref1991to2020_201307.nc,6.121165677905083,0,-0.807513952255249
006068,Carlos Casares,2013,PASO,2013-08-11,2013-07-01,SPEI12_genlogistic_global_era5_moda_ref1991to2020_201307.nc,0,0,0.30815210938453674
026006,"Cushamen, Languiñeo",2013,PASO,2013-08-11,2013-07-01,SPEI12_genlogistic_global_era5_moda_ref1991to2020_201307.nc,0,0,-0.06272457540035248
018015,"Itatí, San Cosme",2013,PASO,2013-08-11,2013-07-01,SPEI12_genlogistic_global_era5_moda_ref1991to2020_201307.nc,0,0,-0.6674872040748596
086014,"Figueroa, Sarmiento",2013,PASO,2013-08-11,2013-07-01,SPEI12_genlogistic_global_era5_moda_ref1991to2020_201307.nc,90.30633568763733,0,-1.7036067247390747
006067,San Andrés de Giles,2013,PASO,2013-08-11,2013-07-01,SPEI12_genlogistic_global_era5_moda_ref1991to2020_201307.nc,0,0,0.4423440992832184
010007,"Antofagasta de la Sierra, Tinogasta",2013,PASO,2013-08-11,2013-07-01,SPEI12_genlogistic_global_era5_moda_ref1991to2020_201307.nc,28.755709528923035,11.111091077327728,-0.6471584439277649
018014,Saladas,2013,PASO,2013-08-11,2013-07-01,SPEI12_genlogistic_global_era5_moda_ref1991to2020_201307.nc,0,0,0.5003743767738342
046005,"Arauco, Castro Barros, San Blas de los Sauces",2013,PASO,2013-08-11,2013-07-01,SPEI12_genlogistic_global_era5_moda_ref1991to2020_201307.nc,80.61859607696533,72.73613810539246,-1.8909249305725098
006066,Rojas,2013,PASO,2013-08-11,2013-07-01,SPEI12_genlogistic_global_era5_moda_ref1991to2020_201307.nc,0,0,-0.06228549778461456
006065,"Carlos Tejedor, Florentino Ameghino, General Pinto",2013,PASO,2013-08-11,2013-07-01,SPEI12_genlogistic_global_era5_moda_ref1991to2020_201307.nc,0,0,-0.3690135180950165
086013,"Aguirre, Belgrano, Mitre, Rivadavia",2013,PASO,2013-08-11,2013-07-01,SPEI12_genlogistic_global_era5_moda_ref1991to2020_201307.nc,0,0,-0.7169369459152222
070010,"Calingasta, Iglesia, Ullúm, Zonda",2013,PASO,2013-08-11,2013-07-01,SPEI12_genlogistic_global_era5_moda_ref1991to2020_201307.nc,12.898196280002594,5.502625554800034,-0.6171635389328003
086012,"Ojo de Agua, Quebrachos",2013,PASO,2013-08-11,2013-07-01,SPEI12_genlogistic_global_era5_moda_ref1991to2020_201307.nc,41.35435223579407,0,-1.2859282493591309
070009,Albardón,2013,PASO,2013-08-11,2013-07-01,SPEI12_genlogistic_global_era5_moda_ref1991to2020_201307.nc,31.37819468975067,0,-1.288049340248108
022015,Maipú,2013,PASO,2013-08-11,2013-07-01,SPEI12_genlogistic_global_era5_moda_ref1991to2020_201307.nc,99.95149374008179,0,-1.6330950260162354
006064,Las Flores,2013,PASO,2013-08-11,2013-07-01,SPEI12_genlogistic_global_era5_moda_ref1991to2020_201307.nc,0,0,0.09579785913228989
006063,Colón,2013,PASO,2013-08-11,2013-07-01,SPEI12_genlogistic_global_era5_moda_ref1991to2020_201307.nc,0,0,-0.01734604500234127
022014,Bermejo,2013,PASO,2013-08-11,2013-07-01,SPEI12_genlogistic_global_era5_moda_ref1991to2020_201307.nc,0,0,-0.838175356388092
006062,"Adolfo Alsina, Salliqueló",2013,PASO,2013-08-11,2013-07-01,SPEI12_genlogistic_global_era5_moda_ref1991to2020_201307.nc,0,0,0.13116417825222015
030011,Tala,2013,PASO,2013-08-11,2013-07-01,SPEI12_genlogistic_global_era5_moda_ref1991to2020_201307.nc,0,0,0.23952151834964752
042006,"Caleu-Caleu, Cura-Co, Chalileo, Chical-Có, Lihuel Calel, Limay Mahuida, Leventué, Puelén",2013,PASO,2013-08-11,2013-07-01,SPEI12_genlogistic_global_era5_moda_ref1991to2020_201307.nc,0,0,-0.09036104381084442
050017,"La Paz, Santa Rosa",2013,PASO,2013-08-11,2013-07-01,SPEI12_genlogistic_global_era5_moda_ref1991to2020_201307.nc,0.2935785334557295,0,-0.8199587464332581
066011,"Cachí, La Poma, Los Andes, Molinos, San Carlos",2013,PASO,2013-08-11,2013-07-01,SPEI12_genlogistic_global_era5_moda_ref1991to2020_201307.nc,6.088615953922272,0,-0.17002221941947937
006061,Brandsen,2013,PASO,2013-08-11,2013-07-01,SPEI12_genlogistic_global_era5_moda_ref1991to2020_201307.nc,0,0,0.8958171010017395
046004,"General Ocampo, General San Martín, Rosario Vera Peñaloza",2013,PASO,2013-08-11,2013-07-01,SPEI12_genlogistic_global_era5_moda_ref1991to2020_201307.nc,58.11123847961426,0.044739822624251246,-1.5139780044555664
006060,"Daireaux, Hipólito Yrigoyen",2013,PASO,2013-08-11,2013-07-01,SPEI12_genlogistic_global_era5_moda_ref1991to2020_201307.nc,0,0,0.9287517070770264
006059,Dolores,2013,PASO,2013-08-11,2013-07-01,SPEI12_genlogistic_global_era5_moda_ref1991to2020_201307.nc,0,0,0.3941858112812042
070008,"Jachal, Valle Fértil",2013,PASO,2013-08-11,2013-07-01,SPEI12_genlogistic_global_era5_moda_ref1991to2020_201307.nc,80.32801151275635,35.866907238960266,-1.8228806257247925
078003,"Corpen Aike, Lago Argentino",2013,PASO,2013-08-11,2013-07-01,SPEI12_genlogistic_global_era5_moda_ref1991to2020_201307.nc,0,0,-0.2298639714717865
054015,Candelaria,2013,PASO,2013-08-11,2013-07-01,SPEI12_genlogistic_global_era5_moda_ref1991to2020_201307.nc,0,0,-0.7903022766113281
054014,25 de Mayo,2013,PASO,2013-08-11,2013-07-01,SPEI12_genlogistic_global_era5_moda_ref1991to2020_201307.nc,0,0,-1.2002373933792114
042005,"Chapaleufú, Realicó",2013,PASO,2013-08-11,2013-07-01,SPEI12_genlogistic_global_era5_moda_ref1991to2020_201307.nc,0,0,0.3243558406829834
074004,Junín,2013,PASO,2013-08-11,2013-07-01,SPEI12_genlogistic_global_era5_moda_ref1991to2020_201307.nc,0,0,-0.736196756362915
050016,Malargue,2013,PASO,2013-08-11,2013-07-01,SPEI12_genlogistic_global_era5_moda_ref1991to2020_201307.nc,0,0,0.25906044244766235
066010,Rivadavia,2013,PASO,2013-08-11,2013-07-01,SPEI12_genlogistic_global_era5_moda_ref1991to2020_201307.nc,100,100,-2.291083335876465
018013,Lavalle,2013,PASO,2013-08-11,2013-07-01,SPEI12_genlogistic_global_era5_moda_ref1991to2020_201307.nc,0,0,0.49056389927864075
006058,"General Belgrano, General Paz",2013,PASO,2013-08-11,2013-07-01,SPEI12_genlogistic_global_era5_moda_ref1991to2020_201307.nc,0,0,0.5229188799858093
086011,"Loreto, Silipica",2013,PASO,2013-08-11,2013-07-01,SPEI12_genlogistic_global_era5_moda_ref1991to2020_201307.nc,99.96875524520874,0,-1.647194743156433
010006,"Ancasti, El Alto, La Paz",2013,PASO,2013-08-11,2013-07-01,SPEI12_genlogistic_global_era5_moda_ref1991to2020_201307.nc,97.89051413536072,1.2751240283250809,-1.7330199480056763
034005,"Matacos, Ramón Lista",2013,PASO,2013-08-11,2013-07-01,SPEI12_genlogistic_global_era5_moda_ref1991to2020_201307.nc,100,100,-2.3562722206115723
006057,Exaltación de la Cruz,2013,PASO,2013-08-11,2013-07-01,SPEI12_genlogistic_global_era5_moda_ref1991to2020_201307.nc,0,0,0.37730085849761963
006056,Arrecifes,2013,PASO,2013-08-11,2013-07-01,SPEI12_genlogistic_global_era5_moda_ref1991to2020_201307.nc,0,0,0.41649630665779114
082018,9 de Julio,2013,PASO,2013-08-11,2013-07-01,SPEI12_genlogistic_global_era5_moda_ref1991to2020_201307.nc,0,0,-0.7167330980300903
062006,San Antonio,2013,PASO,2013-08-11,2013-07-01,SPEI12_genlogistic_global_era5_moda_ref1991to2020_201307.nc,0,0,-0.40551018714904785
006055,Patagones,2013,PASO,2013-08-11,2013-07-01,SPEI12_genlogistic_global_era5_moda_ref1991to2020_201307.nc,0,0,-0.7813167572021484
086010,Copo,2013,PASO,2013-08-11,2013-07-01,SPEI12_genlogistic_global_era5_moda_ref1991to2020_201307.nc,100,56.40909671783447,-1.9677854776382446
014021,"Río Seco, Sobremonte, Tulumba",2013,PASO,2013-08-11,2013-07-01,SPEI12_genlogistic_global_era5_moda_ref1991to2020_201307.nc,16.161295771598816,3.5298150032758713,-1.3464953899383545
054013,San Pedro,2013,PASO,2013-08-11,2013-07-01,SPEI12_genlogistic_global_era5_moda_ref1991to2020_201307.nc,0,0,-0.6980031728744507
006054,"General Juan Madariaga, Pinamar, Villa Gesell",2013,PASO,2013-08-11,2013-07-01,SPEI12_genlogistic_global_era5_moda_ref1991to2020_201307.nc,0,0,0.7579159140586853
018012,Esquina,2013,PASO,2013-08-11,2013-07-01,SPEI12_genlogistic_global_era5_moda_ref1991to2020_201307.nc,0,0,0.1375785917043686
022013,Chacabuco,2013,PASO,2013-08-11,2013-07-01,SPEI12_genlogistic_global_era5_moda_ref1991to2020_201307.nc,50.89730620384216,0,-1.4679075479507446
006053,General Villegas,2013,PASO,2013-08-11,2013-07-01,SPEI12_genlogistic_global_era5_moda_ref1991to2020_201307.nc,0,0,-0.3109011948108673
038006,"Humahuaca, Tilcara, Valle Grande",2013,PASO,2013-08-11,2013-07-01,SPEI12_genlogistic_global_era5_moda_ref1991to2020_201307.nc,52.37463116645813,22.748766839504242,-1.5021144151687622
006052,"General Arenales, Leandro N. Alem",2013,PASO,2013-08-11,2013-07-01,SPEI12_genlogistic_global_era5_moda_ref1991to2020_201307.nc,0,0,-0.4137917160987854
086009,"Atamisqui, Salavina, San Martín",2013,PASO,2013-08-11,2013-07-01,SPEI12_genlogistic_global_era5_moda_ref1991to2020_201307.nc,39.399254322052,0,-1.3573434352874756
046003,"Coronel Felipe Varela, Famatina, General Angel V. Peñaloza, General Juan F. Quiroga, General Lamadrid, Vinchina, Independencia, Sanagasta",2013,PASO,2013-08-11,2013-07-01,SPEI12_genlogistic_global_era5_moda_ref1991to2020_201307.nc,50.14842748641968,22.93740063905716,-1.3330897092819214
054012,"Concepción, San Javier",2013,PASO,2013-08-11,2013-07-01,SPEI12_genlogistic_global_era5_moda_ref1991to2020_201307.nc,0,0,-0.5102277994155884
082017,San Javier,2013,PASO,2013-08-11,2013-07-01,SPEI12_genlogistic_global_era5_moda_ref1991to2020_201307.nc,0,0,0.02795032598078251
006051,Baradero,2013,PASO,2013-08-11,2013-07-01,SPEI12_genlogistic_global_era5_moda_ref1991to2020_201307.nc,0,0,0.4864618480205536
006050,Saladillo,2013,PASO,2013-08-11,2013-07-01,SPEI12_genlogistic_global_era5_moda_ref1991to2020_201307.nc,0,0,0.05712062865495682
050015,Tupungato,2013,PASO,2013-08-11,2013-07-01,SPEI12_genlogistic_global_era5_moda_ref1991to2020_201307.nc,0,0,-0.5929615497589111
050014,San Carlos,2013,PASO,2013-08-11,2013-07-01,SPEI12_genlogistic_global_era5_moda_ref1991to2020_201307.nc,0,0,-0.3046882450580597
006049,Salto,2013,PASO,2013-08-11,2013-07-01,SPEI12_genlogistic_global_era5_moda_ref1991to2020_201307.nc,0,0,0.08053123950958252
006048,Ramallo,2013,PASO,2013-08-11,2013-07-01,SPEI12_genlogistic_global_era5_moda_ref1991to2020_201307.nc,0,0,0.5895283818244934
022012,"12 de Octubre, 2 de Abril, Fray Justo Sta. María de Oro",2013,PASO,2013-08-11,2013-07-01,SPEI12_genlogistic_global_era5_moda_ref1991to2020_201307.nc,8.239632844924927,0,-1.2972575426101685
022011,Quitilipi,2013,PASO,2013-08-11,2013-07-01,SPEI12_genlogistic_global_era5_moda_ref1991to2020_201307.nc,23.531310260295868,0,-1.4611496925354004
022010,Almirante Brown,2013,PASO,2013-08-11,2013-07-01,SPEI12_genlogistic_global_era5_moda_ref1991to2020_201307.nc,100,38.70097994804382,-1.900667428970337
022009,"General Belgrano, Independencia",2013,PASO,2013-08-11,2013-07-01,SPEI12_genlogistic_global_era5_moda_ref1991to2020_201307.nc,69.95583772659302,0,-1.518679141998291
042004,"Atreucó, Catriló, Guatrache, Quemú-Quemú",2013,PASO,2013-08-11,2013-07-01,SPEI12_genlogistic_global_era5_moda_ref1991to2020_201307.nc,0,0,0.20346225798130035
062005,Avellaneda,2013,PASO,2013-08-11,2013-07-01,SPEI12_genlogistic_global_era5_moda_ref1991to2020_201307.nc,0,0,0.0034587921109050512
030010,Victoria,2013,PASO,2013-08-11,2013-07-01,SPEI12_genlogistic_global_era5_moda_ref1991to2020_201307.nc,0,0,0.43318936228752136
066009,Cerrillos,2013,PASO,2013-08-11,2013-07-01,SPEI12_genlogistic_global_era5_moda_ref1991to2020_201307.nc,100,100,-2.19413685798645
010005,"Ambato, Capayán, Paclín, Santa Rosa",2013,PASO,2013-08-11,2013-07-01,SPEI12_genlogistic_global_era5_moda_ref1991to2020_201307.nc,94.92762088775635,64.9780809879303,-2.001685857772827
086008,"Jiménez, Pellegrini",2013,PASO,2013-08-11,2013-07-01,SPEI12_genlogistic_global_era5_moda_ref1991to2020_201307.nc,100,34.44610238075256,-1.9634567499160767
014020,General Roca,2013,PASO,2013-08-11,2013-07-01,SPEI12_genlogistic_global_era5_moda_ref1991to2020_201307.nc,0,0,-0.17861510813236237
014019,San Alberto,2013,PASO,2013-08-11,2013-07-01,SPEI12_genlogistic_global_era5_moda_ref1991to2020_201307.nc,0,0,-1.0995042324066162
054011,Montecarlo,2013,PASO,2013-08-11,2013-07-01,SPEI12_genlogistic_global_era5_moda_ref1991to2020_201307.nc,0,0,-0.5627099871635437
014018,Presidente Roque Saénz Peña,2013,PASO,2013-08-11,2013-07-01,SPEI12_genlogistic_global_era5_moda_ref1991to2020_201307.nc,0,0,-0.4505601227283478
050013,Lavalle,2013,PASO,2013-08-11,2013-07-01,SPEI12_genlogistic_global_era5_moda_ref1991to2020_201307.nc,43.01125109195709,0,-1.4257875680923462
006047,"Capitán Sarmiento, San Antonio de Areco",2013,PASO,2013-08-11,2013-07-01,SPEI12_genlogistic_global_era5_moda_ref1991to2020_201307.nc,0,0,0.37718045711517334
018011,Monte Caseros,2013,PASO,2013-08-11,2013-07-01,SPEI12_genlogistic_global_era5_moda_ref1991to2020_201307.nc,0,0,0.2671815752983093
010004,"Belén, Pomán",2013,PASO,2013-08-11,2013-07-01,SPEI12_genlogistic_global_era5_moda_ref1991to2020_201307.nc,63.21595907211304,32.13725984096527,-1.8676371574401855
058005,Zapala,2013,PASO,2013-08-11,2013-07-01,SPEI12_genlogistic_global_era5_moda_ref1991to2020_201307.nc,0,0,-0.27260661125183105
006046,"Guaminí, Pellegrini, Rivadavia, Tres Lomas",2013,PASO,2013-08-11,2013-07-01,SPEI12_genlogistic_global_era5_moda_ref1991to2020_201307.nc,0,0,0.3825596868991852
018010,Bella Vista,2013,PASO,2013-08-11,2013-07-01,SPEI12_genlogistic_global_era5_moda_ref1991to2020_201307.nc,0,0,0.5769734382629395
006045,Coronel Suárez,2013,PASO,2013-08-11,2013-07-01,SPEI12_genlogistic_global_era5_moda_ref1991to2020_201307.nc,0,0,0.4920423626899719
058004,"Chos Malal, Pehuenches",2013,PASO,2013-08-11,2013-07-01,SPEI12_genlogistic_global_era5_moda_ref1991to2020_201307.nc,0,0,0.4868616461753845
090005,Burruyacú,2013,PASO,2013-08-11,2013-07-01,SPEI12_genlogistic_global_era5_moda_ref1991to2020_201307.nc,100,42.10226237773895,-1.9989145994186401
050012,Junín,2013,PASO,2013-08-11,2013-07-01,SPEI12_genlogistic_global_era5_moda_ref1991to2020_201307.nc,0,0,-0.9593924880027771
066008,"Guachipas, La Candelaria, Rosario de la Frontera",2013,PASO,2013-08-11,2013-07-01,SPEI12_genlogistic_global_era5_moda_ref1991to2020_201307.nc,95.8547294139862,91.41489267349243,-2.2636847496032715
006044,Pehuajó,2013,PASO,2013-08-11,2013-07-01,SPEI12_genlogistic_global_era5_moda_ref1991to2020_201307.nc,0,0,0.3385515511035919
086007,General Taboada,2013,PASO,2013-08-11,2013-07-01,SPEI12_genlogistic_global_era5_moda_ref1991to2020_201307.nc,0,0,-1.0927093029022217
030009,Nogoyá,2013,PASO,2013-08-11,2013-07-01,SPEI12_genlogistic_global_era5_moda_ref1991to2020_201307.nc,0,0,0.34011566638946533
026005,"Florentino Ameghino, Gaimán, Gastre, Mártires, Paso de los Indios, Río Senguer, Sarmiento, Tehuelches, Telsen",2013,PASO,2013-08-11,2013-07-01,SPEI12_genlogistic_global_era5_moda_ref1991to2020_201307.nc,0,0,-0.12867334485054016
010003,"Fray Mamerto Esquiú, Valle Viejo",2013,PASO,2013-08-11,2013-07-01,SPEI12_genlogistic_global_era5_moda_ref1991to2020_201307.nc,100,95.89674472808838,-2.108604669570923
066007,Metán,2013,PASO,2013-08-11,2013-07-01,SPEI12_genlogistic_global_era5_moda_ref1991to2020_201307.nc,100,100,-2.3069498538970947
006043,"Adolfo González Chaves, Benito Juárez, San Cayetano",2013,PASO,2013-08-11,2013-07-01,SPEI12_genlogistic_global_era5_moda_ref1991to2020_201307.nc,0,0,0.8481245636940002
018009,Mercedes,2013,PASO,2013-08-11,2013-07-01,SPEI12_genlogistic_global_era5_moda_ref1991to2020_201307.nc,0,0,0.7602099776268005
010002,"Andalgalá, Santa María",2013,PASO,2013-08-11,2013-07-01,SPEI12_genlogistic_global_era5_moda_ref1991to2020_201307.nc,57.54243731498718,6.0524482280015945,-1.5469046831130981
018008,"Empedrado, Mburucuyá, San Luis del Palmar",2013,PASO,2013-08-11,2013-07-01,SPEI12_genlogistic_global_era5_moda_ref1991to2020_201307.nc,0,0,-0.2664033770561218
006042,Bragado,2013,PASO,2013-08-11,2013-07-01,SPEI12_genlogistic_global_era5_moda_ref1991to2020_201307.nc,0,0,-0.13225163519382477
006041,General Alvarado,2013,PASO,2013-08-11,2013-07-01,SPEI12_genlogistic_global_era5_moda_ref1991to2020_201307.nc,0,0,0.9005827307701111
062004,"El Cuy, 9 de Julio, Ñorquincó, Pilcaniyeu, Valcheta, 25 de Mayo",2013,PASO,2013-08-11,2013-07-01,SPEI12_genlogistic_global_era5_moda_ref1991to2020_201307.nc,0,0,-0.286454975605011
074003,"Ayacucho, Belgrano, Coronel Pringles, Libertador General San Martín",2013,PASO,2013-08-11,2013-07-01,SPEI12_genlogistic_global_era5_moda_ref1991to2020_201307.nc,10.577672719955444,0,-0.9630855917930603
018007,"Ituzaingó, San Miguel",2013,PASO,2013-08-11,2013-07-01,SPEI12_genlogistic_global_era5_moda_ref1991to2020_201307.nc,0,0,-0.23822446167469025
082016,San Justo,2013,PASO,2013-08-11,2013-07-01,SPEI12_genlogistic_global_era5_moda_ref1991to2020_201307.nc,0,0,-0.20577862858772278
006040,"Carmen de Areco, Navarro, Suipacha",2013,PASO,2013-08-11,2013-07-01,SPEI12_genlogistic_global_era5_moda_ref1991to2020_201307.nc,0,0,0.5453430414199829
006039,"Ayacucho, General Guido, Pila, Rauch",2013,PASO,2013-08-11,2013-07-01,SPEI12_genlogistic_global_era5_moda_ref1991to2020_201307.nc,0,0,0.26282528042793274
042003,"Conhello, Rancul, Toay, Trenel",2013,PASO,2013-08-11,2013-07-01,SPEI12_genlogistic_global_era5_moda_ref1991to2020_201307.nc,0,0,0.1672205626964569
086006,"Choya, Guasayan",2013,PASO,2013-08-11,2013-07-01,SPEI12_genlogistic_global_era5_moda_ref1991to2020_201307.nc,100,0,-1.6792807579040527
054010,General Manuel Belgrano,2013,PASO,2013-08-11,2013-07-01,SPEI12_genlogistic_global_era5_moda_ref1991to2020_201307.nc,0,0,-0.10886013507843018
006038,Trenque Lauquen,2013,PASO,2013-08-11,2013-07-01,SPEI12_genlogistic_global_era5_moda_ref1991to2020_201307.nc,0,0,0.3512820899486542
026004,Futaleufú,2013,PASO,2013-08-11,2013-07-01,SPEI12_genlogistic_global_era5_moda_ref1991to2020_201307.nc,0,0,0.1332598328590393
054009,Apóstoles,2013,PASO,2013-08-11,2013-07-01,SPEI12_genlogistic_global_era5_moda_ref1991to2020_201307.nc,0,0,-0.382987916469574
022008,"General Donovan, Libertad, Presidencia de La Plaza, Tapenaga",2013,PASO,2013-08-11,2013-07-01,SPEI12_genlogistic_global_era5_moda_ref1991to2020_201307.nc,0,0,-0.8921746611595154
006037,"Puan, Villarino",2013,PASO,2013-08-11,2013-07-01,SPEI12_genlogistic_global_era5_moda_ref1991to2020_201307.nc,0,0,-0.3806067407131195
038005,"Cochinoca, Rinconada, Santa Catalina, Susques, Tumbaya, Yaví",2013,PASO,2013-08-11,2013-07-01,SPEI12_genlogistic_global_era5_moda_ref1991to2020_201307.nc,3.788325935602188,1.4524600468575954,-0.3641374707221985
086005,Robles,2013,PASO,2013-08-11,2013-07-01,SPEI12_genlogistic_global_era5_moda_ref1991to2020_201307.nc,100,0,-1.6472547054290771
030008,Diamante,2013,PASO,2013-08-11,2013-07-01,SPEI12_genlogistic_global_era5_moda_ref1991to2020_201307.nc,0,0,0.5520201325416565
082015,Belgrano,2013,PASO,2013-08-11,2013-07-01,SPEI12_genlogistic_global_era5_moda_ref1991to2020_201307.nc,0,0,0.12018027901649475
050011,General Alvear,2013,PASO,2013-08-11,2013-07-01,SPEI12_genlogistic_global_era5_moda_ref1991to2020_201307.nc,0,0,-0.3560815453529358
014017,Río Primero,2013,PASO,2013-08-11,2013-07-01,SPEI12_genlogistic_global_era5_moda_ref1991to2020_201307.nc,0,0,-0.4260571002960205
006036,9 de Julio,2013,PASO,2013-08-11,2013-07-01,SPEI12_genlogistic_global_era5_moda_ref1991to2020_201307.nc,0,0,-0.024183137342333794
066006,General Güemes,2013,PASO,2013-08-11,2013-07-01,SPEI12_genlogistic_global_era5_moda_ref1991to2020_201307.nc,100,100,-2.3306374549865723
066005,"La Caldera, Rosario de Lerma",2013,PASO,2013-08-11,2013-07-01,SPEI12_genlogistic_global_era5_moda_ref1991to2020_201307.nc,49.59927499294281,21.663248538970947,-1.4005310535430908
054008,Libertador General San Martín,2013,PASO,2013-08-11,2013-07-01,SPEI12_genlogistic_global_era5_moda_ref1991to2020_201307.nc,0,0,-0.8571619987487793
070007,Santa Lucía,2013,PASO,2013-08-11,2013-07-01,SPEI12_genlogistic_global_era5_moda_ref1991to2020_201307.nc,0,0,-0.9449672698974609
018006,Paso de los Libres,2013,PASO,2013-08-11,2013-07-01,SPEI12_genlogistic_global_era5_moda_ref1991to2020_201307.nc,0,0,0.6353068351745605
022007,"9 de Julio, O'Higgins",2013,PASO,2013-08-11,2013-07-01,SPEI12_genlogistic_global_era5_moda_ref1991to2020_201307.nc,39.71884548664093,0,-1.3781827688217163
006035,Chacabuco,2013,PASO,2013-08-11,2013-07-01,SPEI12_genlogistic_global_era5_moda_ref1991to2020_201307.nc,0,0,-0.1616344451904297
046002,Chilecito,2013,PASO,2013-08-11,2013-07-01,SPEI12_genlogistic_global_era5_moda_ref1991to2020_201307.nc,81.00640177726746,42.85787642002106,-1.9504889249801636
014016,"Ischilín, Totoral",2013,PASO,2013-08-11,2013-07-01,SPEI12_genlogistic_global_era5_moda_ref1991to2020_201307.nc,24.16466474533081,0,-1.3004724979400635
050010,Tunuyán,2013,PASO,2013-08-11,2013-07-01,SPEI12_genlogistic_global_era5_moda_ref1991to2020_201307.nc,0,0,-0.2873227000236511
006034,"Coronel Dorrego, Coronel Pringles, Monte Hermoso, Tornquist",2013,PASO,2013-08-11,2013-07-01,SPEI12_genlogistic_global_era5_moda_ref1991to2020_201307.nc,0,0,0.19386737048625946
006033,"General Las Heras, Lobos",2013,PASO,2013-08-11,2013-07-01,SPEI12_genlogistic_global_era5_moda_ref1991to2020_201307.nc,0,0,0.8962284326553345
030007,Gualeguay,2013,PASO,2013-08-11,2013-07-01,SPEI12_genlogistic_global_era5_moda_ref1991to2020_201307.nc,0,0,0.4485660195350647
014015,Calamuchita,2013,PASO,2013-08-11,2013-07-01,SPEI12_genlogistic_global_era5_moda_ref1991to2020_201307.nc,0,0,-0.8217414617538452
082014,Vera,2013,PASO,2013-08-11,2013-07-01,SPEI12_genlogistic_global_era5_moda_ref1991to2020_201307.nc,0,0,-0.30370694398880005
006032,Marcos Paz,2013,PASO,2013-08-11,2013-07-01,SPEI12_genlogistic_global_era5_moda_ref1991to2020_201307.nc,0,0,0.9848109483718872
070006,Pocito,2013,PASO,2013-08-11,2013-07-01,SPEI12_genlogistic_global_era5_moda_ref1991to2020_201307.nc,0,0,-0.7674707174301147
018005,"Curuzú Cuatiá, Sauce",2013,PASO,2013-08-11,2013-07-01,SPEI12_genlogistic_global_era5_moda_ref1991to2020_201307.nc,0,0,0.45382148027420044
014014,San Javier,2013,PASO,2013-08-11,2013-07-01,SPEI12_genlogistic_global_era5_moda_ref1991to2020_201307.nc,0,0,-1.1306941509246826
006031,Cañuelas,2013,PASO,2013-08-11,2013-07-01,SPEI12_genlogistic_global_era5_moda_ref1991to2020_201307.nc,0,0,0.9619725942611694
006030,"Bolívar, General Alvear, Tapalqué",2013,PASO,2013-08-11,2013-07-01,SPEI12_genlogistic_global_era5_moda_ref1991to2020_201307.nc,0,0,0.46058961749076843
054007,Cainguas,2013,PASO,2013-08-11,2013-07-01,SPEI12_genlogistic_global_era5_moda_ref1991to2020_201307.nc,0,0,-1.2088282108306885
058003,"Huiliches, Lácar, Los Lagos",2013,PASO,2013-08-11,2013-07-01,SPEI12_genlogistic_global_era5_moda_ref1991to2020_201307.nc,0,0,-0.8978298306465149
086004,Río Hondo,2013,PASO,2013-08-11,2013-07-01,SPEI12_genlogistic_global_era5_moda_ref1991to2020_201307.nc,82.64736533164978,0,-1.6105021238327026
022006,Mayor Luis J. Fontana,2013,PASO,2013-08-11,2013-07-01,SPEI12_genlogistic_global_era5_moda_ref1991to2020_201307.nc,0,0,-0.8901004791259766
090004,Leales,2013,PASO,2013-08-11,2013-07-01,SPEI12_genlogistic_global_era5_moda_ref1991to2020_201307.nc,38.12284469604492,0,-1.4724608659744263
058002,"Aluminé, Añelo, Catán-Lil, Collón-Cura, Loncopué, Minas, Ñorquin, Picún-Leufú, Picunches",2013,PASO,2013-08-11,2013-07-01,SPEI12_genlogistic_global_era5_moda_ref1991to2020_201307.nc,0,0,-0.36234191060066223
018004,"Berón de Astrada, Concepción, General Paz, San Roque",2013,PASO,2013-08-11,2013-07-01,SPEI12_genlogistic_global_era5_moda_ref1991to2020_201307.nc,0,0,0.25001564621925354
050009,Rivadavia,2013,PASO,2013-08-11,2013-07-01,SPEI12_genlogistic_global_era5_moda_ref1991to2020_201307.nc,0,0,-0.6843716502189636
006029,Ensenada,2013,PASO,2013-08-11,2013-07-01,SPEI12_genlogistic_global_era5_moda_ref1991to2020_201307.nc,0,0,1.1390727758407593
006028,Tres Arroyos,2013,PASO,2013-08-11,2013-07-01,SPEI12_genlogistic_global_era5_moda_ref1991to2020_201307.nc,0,0,0.9829264283180237
066004,Anta,2013,PASO,2013-08-11,2013-07-01,SPEI12_genlogistic_global_era5_moda_ref1991to2020_201307.nc,100,100,-2.3498635292053223
054006,San Ignacio,2013,PASO,2013-08-11,2013-07-01,SPEI12_genlogistic_global_era5_moda_ref1991to2020_201307.nc,0,0,-0.9387389421463013
042002,Maracó,2013,PASO,2013-08-11,2013-07-01,SPEI12_genlogistic_global_era5_moda_ref1991to2020_201307.nc,0,0,0.3562067151069641
062003,Adolfo Alsina,2013,PASO,2013-08-11,2013-07-01,SPEI12_genlogistic_global_era5_moda_ref1991to2020_201307.nc,0,0,-0.580786943435669
006027,San Pedro,2013,PASO,2013-08-11,2013-07-01,SPEI12_genlogistic_global_era5_moda_ref1991to2020_201307.nc,0,0,0.551152765750885
018003,Santo Tomé,2013,PASO,2013-08-11,2013-07-01,SPEI12_genlogistic_global_era5_moda_ref1991to2020_201307.nc,0,0,0.02616901509463787
006026,"Alberti, Roque Pérez, 25 de Mayo",2013,PASO,2013-08-11,2013-07-01,SPEI12_genlogistic_global_era5_moda_ref1991to2020_201307.nc,0,0,0.0713445395231247
006025,"Chascomus, Magdalena, Punta Indio",2013,PASO,2013-08-11,2013-07-01,SPEI12_genlogistic_global_era5_moda_ref1991to2020_201307.nc,0,0,0.8768579959869385
006024,"General Viamonte, Lincoln",2013,PASO,2013-08-11,2013-07-01,SPEI12_genlogistic_global_era5_moda_ref1991to2020_201307.nc,0,0,-0.29836803674697876
022005,"San Lorenzo, Sargento Cabral, 25 de Mayo",2013,PASO,2013-08-11,2013-07-01,SPEI12_genlogistic_global_era5_moda_ref1991to2020_201307.nc,1.622210443019867,0,-1.2015783786773682
006023,Coronel de Marine L. Rosales,2013,PASO,2013-08-11,2013-07-01,SPEI12_genlogistic_global_era5_moda_ref1991to2020_201307.nc,0,0,-0.4098784029483795
006022,"Balcarce, Lobería",2013,PASO,2013-08-11,2013-07-01,SPEI12_genlogistic_global_era5_moda_ref1991to2020_201307.nc,0,0,0.47591185569763184
006021,Mercedes,2013,PASO,2013-08-11,2013-07-01,SPEI12_genlogistic_global_era5_moda_ref1991to2020_201307.nc,0,0,0.6603001952171326
014013,Juárez Celman,2013,PASO,2013-08-11,2013-07-01,SPEI12_genlogistic_global_era5_moda_ref1991to2020_201307.nc,0,0,-0.33414560556411743
070005,"Angaco, Caucete, 25 de Mayo",2013,PASO,2013-08-11,2013-07-01,SPEI12_genlogistic_global_era5_moda_ref1991to2020_201307.nc,85.33094525337219,5.659255012869835,-1.6872282028198242
082013,San Martín,2013,PASO,2013-08-11,2013-07-01,SPEI12_genlogistic_global_era5_moda_ref1991to2020_201307.nc,0,0,0.3763675391674042
006020,Chivilcoy,2013,PASO,2013-08-11,2013-07-01,SPEI12_genlogistic_global_era5_moda_ref1991to2020_201307.nc,0,0,0.25051364302635193
006019,Azul,2013,PASO,2013-08-11,2013-07-01,SPEI12_genlogistic_global_era5_moda_ref1991to2020_201307.nc,0,0,0.45603644847869873
082012,Iriondo,2013,PASO,2013-08-11,2013-07-01,SPEI12_genlogistic_global_era5_moda_ref1991to2020_201307.nc,0,0,0.19725999236106873
086003,"Alberdi, Juan F. Ibarra, Moreno",2013,PASO,2013-08-11,2013-07-01,SPEI12_genlogistic_global_era5_moda_ref1991to2020_201307.nc,76.47722959518433,4.544392600655556,-1.6840806007385254
082011,San Cristóbal,2013,PASO,2013-08-11,2013-07-01,SPEI12_genlogistic_global_era5_moda_ref1991to2020_201307.nc,0,0,-0.39811792969703674
022004,General Güemes,2013,PASO,2013-08-11,2013-07-01,SPEI12_genlogistic_global_era5_moda_ref1991to2020_201307.nc,99.7223973274231,42.59190261363983,-1.9490855932235718
030006,La Paz,2013,PASO,2013-08-11,2013-07-01,SPEI12_genlogistic_global_era5_moda_ref1991to2020_201307.nc,0,0,0.28491532802581787
030005,Federación,2013,PASO,2013-08-11,2013-07-01,SPEI12_genlogistic_global_era5_moda_ref1991to2020_201307.nc,0,0,0.07955469936132431
054005,Guaraní,2013,PASO,2013-08-11,2013-07-01,SPEI12_genlogistic_global_era5_moda_ref1991to2020_201307.nc,0,0,-1.1881227493286133
014012,"Cruz del Eje, Minas, Pocho",2013,PASO,2013-08-11,2013-07-01,SPEI12_genlogistic_global_era5_moda_ref1991to2020_201307.nc,48.14299941062927,0,-1.4145731925964355
022003,"Libertador General San Martín, 1 de Mayo",2013,PASO,2013-08-11,2013-07-01,SPEI12_genlogistic_global_era5_moda_ref1991to2020_201307.nc,9.097375720739365,0,-1.1997660398483276
094001,"Río Grande, Antarctic Argentina",2013,PASO,2013-08-11,2013-07-01,SPEI12_genlogistic_global_era5_moda_ref1991to2020_201307.nc,0,0,0.16154132783412933
006018,"General Lavalle, La Costa",2013,PASO,2013-08-11,2013-07-01,SPEI12_genlogistic_global_era5_moda_ref1991to2020_201307.nc,0,0,0.6991381049156189
038004,San Pedro,2013,PASO,2013-08-11,2013-07-01,SPEI12_genlogistic_global_era5_moda_ref1991to2020_201307.nc,100,100,-2.3908371925354004
054004,El Dorado,2013,PASO,2013-08-11,2013-07-01,SPEI12_genlogistic_global_era5_moda_ref1991to2020_201307.nc,0,0,-0.31636735796928406
082010,Caseros,2013,PASO,2013-08-11,2013-07-01,SPEI12_genlogistic_global_era5_moda_ref1991to2020_201307.nc,0,0,-0.11905526369810104
026003,Biedma,2013,PASO,2013-08-11,2013-07-01,SPEI12_genlogistic_global_era5_moda_ref1991to2020_201307.nc,0,0,0.47135278582572937
082009,San Jerónimo,2013,PASO,2013-08-11,2013-07-01,SPEI12_genlogistic_global_era5_moda_ref1991to2020_201307.nc,0,0,0.5664757490158081
054003,Iguazú,2013,PASO,2013-08-11,2013-07-01,SPEI12_genlogistic_global_era5_moda_ref1991to2020_201307.nc,0,0,-0.22348017990589142
034004,"Bermejo, Patiño",2013,PASO,2013-08-11,2013-07-01,SPEI12_genlogistic_global_era5_moda_ref1991to2020_201307.nc,97.27986454963684,72.5269615650177,-2.103356122970581
006017,"Presidente Perón, San Vicente",2013,PASO,2013-08-11,2013-07-01,SPEI12_genlogistic_global_era5_moda_ref1991to2020_201307.nc,0,0,0.9481900930404663
070004,Rivadavia,2013,PASO,2013-08-11,2013-07-01,SPEI12_genlogistic_global_era5_moda_ref1991to2020_201307.nc,0,0,-1.0907460451126099
034003,Pilcomayo,2013,PASO,2013-08-11,2013-07-01,SPEI12_genlogistic_global_era5_moda_ref1991to2020_201307.nc,100,39.32068049907684,-1.9780679941177368
006016,General Rodríguez,2013,PASO,2013-08-11,2013-07-01,SPEI12_genlogistic_global_era5_moda_ref1991to2020_201307.nc,0,0,0.8876383304595947
070003,Chimbas,2013,PASO,2013-08-11,2013-07-01,SPEI12_genlogistic_global_era5_moda_ref1991to2020_201307.nc,0,0,-0.9468660950660706
006015,Berisso,2013,PASO,2013-08-11,2013-07-01,SPEI12_genlogistic_global_era5_moda_ref1991to2020_201307.nc,0,0,1.0524343252182007
082008,Constitución,2013,PASO,2013-08-11,2013-07-01,SPEI12_genlogistic_global_era5_moda_ref1991to2020_201307.nc,0,0,0.32500237226486206
006014,Junín,2013,PASO,2013-08-11,2013-07-01,SPEI12_genlogistic_global_era5_moda_ref1991to2020_201307.nc,0,0,-0.41640904545783997
018002,Goya,2013,PASO,2013-08-11,2013-07-01,SPEI12_genlogistic_global_era5_moda_ref1991to2020_201307.nc,0,0,0.19058813154697418
006013,Necochea,2013,PASO,2013-08-11,2013-07-01,SPEI12_genlogistic_global_era5_moda_ref1991to2020_201307.nc,0,0,0.8655916452407837
006012,Campana,2013,PASO,2013-08-11,2013-07-01,SPEI12_genlogistic_global_era5_moda_ref1991to2020_201307.nc,0,0,0.5227725505828857
014011,Santa María,2013,PASO,2013-08-11,2013-07-01,SPEI12_genlogistic_global_era5_moda_ref1991to2020_201307.nc,0,0,-0.7711451053619385
022002,Comandante Fernandez,2013,PASO,2013-08-11,2013-07-01,SPEI12_genlogistic_global_era5_moda_ref1991to2020_201307.nc,12.95432597398758,0,-1.4485857486724854
090003,"Chicligasta, Granero, Juan Bautista Alberdi, La Cocha, Monteros, Río Chico, Simoca",2013,PASO,2013-08-11,2013-07-01,SPEI12_genlogistic_global_era5_moda_ref1991to2020_201307.nc,83.55613350868225,7.5074248015880585,-1.716884732246399
034002,"Laishi, Pilagás, Pirané",2013,PASO,2013-08-11,2013-07-01,SPEI12_genlogistic_global_era5_moda_ref1991to2020_201307.nc,46.46260142326355,14.505870640277863,-1.540060043334961
038003,"Ledesma, Santa Bárbara",2013,PASO,2013-08-11,2013-07-01,SPEI12_genlogistic_global_era5_moda_ref1991to2020_201307.nc,100,99.84768033027649,-2.3995213508605957
030004,Uruguay,2013,PASO,2013-08-11,2013-07-01,SPEI12_genlogistic_global_era5_moda_ref1991to2020_201307.nc,0,0,0.2158999890089035
038002,"El Carmen, San Antonio",2013,PASO,2013-08-11,2013-07-01,SPEI12_genlogistic_global_era5_moda_ref1991to2020_201307.nc,96.4288055896759,96.4288055896759,-2.2287325859069824
014010,Marcos Juárez,2013,PASO,2013-08-11,2013-07-01,SPEI12_genlogistic_global_era5_moda_ref1991to2020_201307.nc,0,0,-0.15246042609214783
014009,Unión,2013,PASO,2013-08-11,2013-07-01,SPEI12_genlogistic_global_era5_moda_ref1991to2020_201307.nc,0,0,-0.13937151432037354
042001,Capital,2013,PASO,2013-08-11,2013-07-01,SPEI12_genlogistic_global_era5_moda_ref1991to2020_201307.nc,0,0,0.18100698292255402
014008,Río Segundo,2013,PASO,2013-08-11,2013-07-01,SPEI12_genlogistic_global_era5_moda_ref1991to2020_201307.nc,0,0,-0.3721533417701721
082007,Las Colonias,2013,PASO,2013-08-11,2013-07-01,SPEI12_genlogistic_global_era5_moda_ref1991to2020_201307.nc,0,0,0.3270318806171417
006011,Luján,2013,PASO,2013-08-11,2013-07-01,SPEI12_genlogistic_global_era5_moda_ref1991to2020_201307.nc,0,0,0.6585351824760437
078002,Deseado,2013,PASO,2013-08-11,2013-07-01,SPEI12_genlogistic_global_era5_moda_ref1991to2020_201307.nc,0,0,-0.6917237639427185
006010,Pergamino,2013,PASO,2013-08-11,2013-07-01,SPEI12_genlogistic_global_era5_moda_ref1991to2020_201307.nc,0,0,0.40590763092041016
054002,Oberá,2013,PASO,2013-08-11,2013-07-01,SPEI12_genlogistic_global_era5_moda_ref1991to2020_201307.nc,0,0,-0.9523529410362244
006009,Olavarría,2013,PASO,2013-08-11,2013-07-01,SPEI12_genlogistic_global_era5_moda_ref1991to2020_201307.nc,0,0,0.9327130913734436
070002,Capital,2013,PASO,2013-08-11,2013-07-01,SPEI12_genlogistic_global_era5_moda_ref1991to2020_201307.nc,0,0,-0.9449672698974609
014007,Tercero Arriba,2013,PASO,2013-08-11,2013-07-01,SPEI12_genlogistic_global_era5_moda_ref1991to2020_201307.nc,0,0,-0.4006531238555908
030003,"Gualeguaychú, Islas del Ibicuy",2013,PASO,2013-08-11,2013-07-01,SPEI12_genlogistic_global_era5_moda_ref1991to2020_201307.nc,0,0,0.5239584445953369
050008,Capital,2013,PASO,2013-08-11,2013-07-01,SPEI12_genlogistic_global_era5_moda_ref1991to2020_201307.nc,0,0,-0.8066257834434509
006008,Zárate,2013,PASO,2013-08-11,2013-07-01,SPEI12_genlogistic_global_era5_moda_ref1991to2020_201307.nc,0,0,0.43943193554878235
078001,Guer Aike,2013,PASO,2013-08-11,2013-07-01,SPEI12_genlogistic_global_era5_moda_ref1991to2020_201307.nc,0,0,-0.24176117777824402
070001,Rawson,2013,PASO,2013-08-11,2013-07-01,SPEI12_genlogistic_global_era5_moda_ref1991to2020_201307.nc,0,0,-0.8185622096061707
050007,Luján de Cuyo,2013,PASO,2013-08-11,2013-07-01,SPEI12_genlogistic_global_era5_moda_ref1991to2020_201307.nc,0,0,-0.4613772928714752
050006,San Martín,2013,PASO,2013-08-11,2013-07-01,SPEI12_genlogistic_global_era5_moda_ref1991to2020_201307.nc,0,0,-1.106738567352295
006007,Tandil,2013,PASO,2013-08-11,2013-07-01,SPEI12_genlogistic_global_era5_moda_ref1991to2020_201307.nc,0,0,0.24025455117225647
014006,General San Martín,2013,PASO,2013-08-11,2013-07-01,SPEI12_genlogistic_global_era5_moda_ref1991to2020_201307.nc,0,0,-0.11944027245044708
062002,Bariloche,2013,PASO,2013-08-11,2013-07-01,SPEI12_genlogistic_global_era5_moda_ref1991to2020_201307.nc,0,0,-0.08934269845485687
026002,Rawson,2013,PASO,2013-08-11,2013-07-01,SPEI12_genlogistic_global_era5_moda_ref1991to2020_201307.nc,0,0,0.4704694151878357
074002,"General Pedernera, Gobernador Dupuy",2013,PASO,2013-08-11,2013-07-01,SPEI12_genlogistic_global_era5_moda_ref1991to2020_201307.nc,0,0,-0.36711758375167847
086002,Banda,2013,PASO,2013-08-11,2013-07-01,SPEI12_genlogistic_global_era5_moda_ref1991to2020_201307.nc,100,0,-1.7688921689987183
006006,San Nicolás,2013,PASO,2013-08-11,2013-07-01,SPEI12_genlogistic_global_era5_moda_ref1991to2020_201307.nc,0,0,0.6667850017547607
066003,"Iruya, Orán, Santa Victoria",2013,PASO,2013-08-11,2013-07-01,SPEI12_genlogistic_global_era5_moda_ref1991to2020_201307.nc,98.33050966262817,86.565500497818,-2.2578647136688232
082006,San Lorenzo,2013,PASO,2013-08-11,2013-07-01,SPEI12_genlogistic_global_era5_moda_ref1991to2020_201307.nc,0,0,0.1536978781223297
066002,General Jose de San Martín,2013,PASO,2013-08-11,2013-07-01,SPEI12_genlogistic_global_era5_moda_ref1991to2020_201307.nc,100,100,-2.3851702213287354
010001,Capital,2013,PASO,2013-08-11,2013-07-01,SPEI12_genlogistic_global_era5_moda_ref1991to2020_201307.nc,93.85676383972168,93.85676383972168,-2.153958559036255
006092,San Fernando,2013,PASO,2013-08-11,2013-07-01,SPEI12_genlogistic_global_era5_moda_ref1991to2020_201307.nc,0,0,0.7399751543998718
014005,Punilla,2013,PASO,2013-08-11,2013-07-01,SPEI12_genlogistic_global_era5_moda_ref1991to2020_201307.nc,0,0,-0.9080630540847778
050005,Maipú,2013,PASO,2013-08-11,2013-07-01,SPEI12_genlogistic_global_era5_moda_ref1991to2020_201307.nc,0,0,-0.7888634204864502
082005,General Obligado,2013,PASO,2013-08-11,2013-07-01,SPEI12_genlogistic_global_era5_moda_ref1991to2020_201307.nc,0,0,0.013248422183096409
082004,Castellanos,2013,PASO,2013-08-11,2013-07-01,SPEI12_genlogistic_global_era5_moda_ref1991to2020_201307.nc,0,0,0.3584180772304535
046001,Capital,2013,PASO,2013-08-11,2013-07-01,SPEI12_genlogistic_global_era5_moda_ref1991to2020_201307.nc,100,16.75184965133667,-1.9066938161849976
090002,Cruz Alta,2013,PASO,2013-08-11,2013-07-01,SPEI12_genlogistic_global_era5_moda_ref1991to2020_201307.nc,100,0,-1.6698554754257202
030002,"Colón, Concordia, Federal, Feliciano, San Salvador, Villaguay",2013,PASO,2013-08-11,2013-07-01,SPEI12_genlogistic_global_era5_moda_ref1991to2020_201307.nc,0,0,0.11966115236282349
050004,San Rafael,2013,PASO,2013-08-11,2013-07-01,SPEI12_genlogistic_global_era5_moda_ref1991to2020_201307.nc,0,0,-0.15411457419395447
026001,Escalante,2013,PASO,2013-08-11,2013-07-01,SPEI12_genlogistic_global_era5_moda_ref1991to2020_201307.nc,0,0,-0.10062309354543686
082003,General López,2013,PASO,2013-08-11,2013-07-01,SPEI12_genlogistic_global_era5_moda_ref1991to2020_201307.nc,0,0,-0.35030877590179443
050003,Godoy Cruz,2013,PASO,2013-08-11,2013-07-01,SPEI12_genlogistic_global_era5_moda_ref1991to2020_201307.nc,0,0,-0.8301093578338623
074001,La Capital,2013,PASO,2013-08-11,2013-07-01,SPEI12_genlogistic_global_era5_moda_ref1991to2020_201307.nc,0.04295490216463804,0,-0.671672523021698
014004,San Justo,2013,PASO,2013-08-11,2013-07-01,SPEI12_genlogistic_global_era5_moda_ref1991to2020_201307.nc,4.698532819747925,4.698532819747925,-0.4102208912372589
050002,Las Heras,2013,PASO,2013-08-11,2013-07-01,SPEI12_genlogistic_global_era5_moda_ref1991to2020_201307.nc,0,0,-0.6019269824028015
006005,Escobar,2013,PASO,2013-08-11,2013-07-01,SPEI12_genlogistic_global_era5_moda_ref1991to2020_201307.nc,0,0,0.662142276763916
014003,Colón,2013,PASO,2013-08-11,2013-07-01,SPEI12_genlogistic_global_era5_moda_ref1991to2020_201307.nc,0,0,-0.7939438223838806
034001,Formosa,2013,PASO,2013-08-11,2013-07-01,SPEI12_genlogistic_global_era5_moda_ref1991to2020_201307.nc,58.91333222389221,1.0147340595722198,-1.5449637174606323
014002,Río Cuarto,2013,PASO,2013-08-11,2013-07-01,SPEI12_genlogistic_global_era5_moda_ref1991to2020_201307.nc,0,0,-0.24771146476268768
038001,"Dr. Manuel Belgrano, Palpalá",2013,PASO,2013-08-11,2013-07-01,SPEI12_genlogistic_global_era5_moda_ref1991to2020_201307.nc,86.70311570167542,86.70311570167542,-2.266024589538574
086001,Capital,2013,PASO,2013-08-11,2013-07-01,SPEI12_genlogistic_global_era5_moda_ref1991to2020_201307.nc,100,0,-1.6717039346694946
006091,Vicente López,2013,PASO,2013-08-11,2013-07-01,SPEI12_genlogistic_global_era5_moda_ref1991to2020_201307.nc,0,0,1.0810024738311768
050001,Guaymallén,2013,PASO,2013-08-11,2013-07-01,SPEI12_genlogistic_global_era5_moda_ref1991to2020_201307.nc,0,0,-0.605755090713501
006090,San Isidro,2013,PASO,2013-08-11,2013-07-01,SPEI12_genlogistic_global_era5_moda_ref1991to2020_201307.nc,0,0,1.0810025930404663
006004,Bahía Blanca,2013,PASO,2013-08-11,2013-07-01,SPEI12_genlogistic_global_era5_moda_ref1991to2020_201307.nc,0,0,-0.47954365611076355
006003,Pilar,2013,PASO,2013-08-11,2013-07-01,SPEI12_genlogistic_global_era5_moda_ref1991to2020_201307.nc,0,0,0.7385332584381104
006089,"Esteban Echeverría, Ezeiza",2013,PASO,2013-08-11,2013-07-01,SPEI12_genlogistic_global_era5_moda_ref1991to2020_201307.nc,0,0,0.9667214751243591
062001,General Roca,2013,PASO,2013-08-11,2013-07-01,SPEI12_genlogistic_global_era5_moda_ref1991to2020_201307.nc,0,0,0.5207586884498596
006088,"Hurlingham, Ituzaingo, Morón",2013,PASO,2013-08-11,2013-07-01,SPEI12_genlogistic_global_era5_moda_ref1991to2020_201307.nc,0,0,0.9480653405189514
054001,"Capital, Leandro N. Alem",2013,PASO,2013-08-11,2013-07-01,SPEI12_genlogistic_global_era5_moda_ref1991to2020_201307.nc,0,0,-0.7581915855407715
006087,Berazategui,2013,PASO,2013-08-11,2013-07-01,SPEI12_genlogistic_global_era5_moda_ref1991to2020_201307.nc,0,0,1.0570353269577026
006086,"General Sarmiento, Jose C. Paz, Malvinas Argentinas, San Miguel",2013,PASO,2013-08-11,2013-07-01,SPEI12_genlogistic_global_era5_moda_ref1991to2020_201307.nc,0,0,0.8553422093391418
030001,Parana,2013,PASO,2013-08-11,2013-07-01,SPEI12_genlogistic_global_era5_moda_ref1991to2020_201307.nc,0,0,0.5186915993690491
006085,Tres de Febrero,2013,PASO,2013-08-11,2013-07-01,SPEI12_genlogistic_global_era5_moda_ref1991to2020_201307.nc,0,0,1.0484743118286133
006084,Avellaneda,2013,PASO,2013-08-11,2013-07-01,SPEI12_genlogistic_global_era5_moda_ref1991to2020_201307.nc,0,0,1.0320121049880981
018001,Capital,2013,PASO,2013-08-11,2013-07-01,SPEI12_genlogistic_global_era5_moda_ref1991to2020_201307.nc,0,0,-0.5316494703292847
058001,Confluencia,2013,PASO,2013-08-11,2013-07-01,SPEI12_genlogistic_global_era5_moda_ref1991to2020_201307.nc,0,0,0.17343205213546753
006083,Tigre,2013,PASO,2013-08-11,2013-07-01,SPEI12_genlogistic_global_era5_moda_ref1991to2020_201307.nc,0,0,0.8687365651130676
022001,San Fernando,2013,PASO,2013-08-11,2013-07-01,SPEI12_genlogistic_global_era5_moda_ref1991to2020_201307.nc,0,0,-0.5593547821044922
006082,General San Martín,2013,PASO,2013-08-11,2013-07-01,SPEI12_genlogistic_global_era5_moda_ref1991to2020_201307.nc,0,0,1.0810025930404663
006081,Florencio Varela,2013,PASO,2013-08-11,2013-07-01,SPEI12_genlogistic_global_era5_moda_ref1991to2020_201307.nc,0,0,1.0091336965560913
006080,Moreno,2013,PASO,2013-08-11,2013-07-01,SPEI12_genlogistic_global_era5_moda_ref1991to2020_201307.nc,0,0,0.9003782272338867
006079,Lanus,2013,PASO,2013-08-11,2013-07-01,SPEI12_genlogistic_global_era5_moda_ref1991to2020_201307.nc,0,0,0.9930359721183777
082002,La Capital,2013,PASO,2013-08-11,2013-07-01,SPEI12_genlogistic_global_era5_moda_ref1991to2020_201307.nc,0,0,0.4662047028541565
066001,Capital,2013,PASO,2013-08-11,2013-07-01,SPEI12_genlogistic_global_era5_moda_ref1991to2020_201307.nc,100,100,-2.2176156044006348
006078,Merlo,2013,PASO,2013-08-11,2013-07-01,SPEI12_genlogistic_global_era5_moda_ref1991to2020_201307.nc,0,0,0.982857346534729
006077,Almirante Brown,2013,PASO,2013-08-11,2013-07-01,SPEI12_genlogistic_global_era5_moda_ref1991to2020_201307.nc,0,0,1.0073091983795166
006076,Quilmes,2013,PASO,2013-08-11,2013-07-01,SPEI12_genlogistic_global_era5_moda_ref1991to2020_201307.nc,0,0,1.0385956764221191
006002,General Pueyrredón,2013,PASO,2013-08-11,2013-07-01,SPEI12_genlogistic_global_era5_moda_ref1991to2020_201307.nc,0,0,0.7574288249015808
006075,Lomas de Zamora,2013,PASO,2013-08-11,2013-07-01,SPEI12_genlogistic_global_era5_moda_ref1991to2020_201307.nc,0,0,0.98353111743927
006001,La Plata,2013,PASO,2013-08-11,2013-07-01,SPEI12_genlogistic_global_era5_moda_ref1991to2020_201307.nc,0,0,1.0728901624679565
002001,City of Buenos Aires,2013,PASO,2013-08-11,2013-07-01,SPEI12_genlogistic_global_era5_moda_ref1991to2020_201307.nc,0,0,1.0378031730651855
090001,"Famaillá, Lules, Capital, Tafí del Valle, Tafí Viajo, Trancas, Yerba Buena",2013,PASO,2013-08-11,2013-07-01,SPEI12_genlogistic_global_era5_moda_ref1991to2020_201307.nc,97.22924828529358,35.36255657672882,-1.925349235534668
082001,Rosario,2013,PASO,2013-08-11,2013-07-01,SPEI12_genlogistic_global_era5_moda_ref1991to2020_201307.nc,0,0,0.32517924904823303
014001,Capital,2013,PASO,2013-08-11,2013-07-01,SPEI12_genlogistic_global_era5_moda_ref1991to2020_201307.nc,0,0,-0.6830917000770569
006074,La Matanza,2013,PASO,2013-08-11,2013-07-01,SPEI12_genlogistic_global_era5_moda_ref1991to2020_201307.nc,0,0,0.9819706678390503
094002,Ushuaia,2013,PASO,2013-08-11,2013-07-01,SPEI12_genlogistic_global_era5_moda_ref1991to2020_201307.nc,0,0,0.41099146008491516
006072,Saavedra,2013,GENERALES,2013-10-27,2013-09-01,SPEI12_genlogistic_global_era5_moda_ref1991to2020_201309.nc,0,0,-0.13612784445285797
006073,"Castelli, Maipú, Tordillo",2013,GENERALES,2013-10-27,2013-09-01,SPEI12_genlogistic_global_era5_moda_ref1991to2020_201309.nc,8.637803792953491,8.637803792953491,-1.0798773765563965
066013,Chicoana,2013,GENERALES,2013-10-27,2013-09-01,SPEI12_genlogistic_global_era5_moda_ref1991to2020_201309.nc,100,51.832711696624756,-2.1267123222351074
018016,"General Alvear, San Martín",2013,GENERALES,2013-10-27,2013-09-01,SPEI12_genlogistic_global_era5_moda_ref1991to2020_201309.nc,0,0,0.4317043125629425
006071,"General La Madrid, Laprida",2013,GENERALES,2013-10-27,2013-09-01,SPEI12_genlogistic_global_era5_moda_ref1991to2020_201309.nc,0,0,0.3544832468032837
070012,"9 de Julio, San Martín",2013,GENERALES,2013-10-27,2013-09-01,SPEI12_genlogistic_global_era5_moda_ref1991to2020_201309.nc,45.76713442802429,0,-1.5255485773086548
006070,Monte,2013,GENERALES,2013-10-27,2013-09-01,SPEI12_genlogistic_global_era5_moda_ref1991to2020_201309.nc,0,0,-0.4057055413722992
006069,Mar Chiquita,2013,GENERALES,2013-10-27,2013-09-01,SPEI12_genlogistic_global_era5_moda_ref1991to2020_201309.nc,0,0,-0.3200334906578064
062007,"Conesa, Pichi Mahuida",2013,GENERALES,2013-10-27,2013-09-01,SPEI12_genlogistic_global_era5_moda_ref1991to2020_201309.nc,0,0,-0.647838830947876
046006,"Chamical, General Belgrano",2013,GENERALES,2013-10-27,2013-09-01,SPEI12_genlogistic_global_era5_moda_ref1991to2020_201309.nc,100,41.22464954853058,-1.9979934692382813
078004,"Lago Buenos Aires, Magallanes, Río Chico",2013,GENERALES,2013-10-27,2013-09-01,SPEI12_genlogistic_global_era5_moda_ref1991to2020_201309.nc,0,0,0.050702065229415894
082019,Garay,2013,GENERALES,2013-10-27,2013-09-01,SPEI12_genlogistic_global_era5_moda_ref1991to2020_201309.nc,0,0,-0.4725164771080017
086015,Avellaneda,2013,GENERALES,2013-10-27,2013-09-01,SPEI12_genlogistic_global_era5_moda_ref1991to2020_201309.nc,35.48353910446167,0,-1.4119919538497925
066012,"Cafayate, La Vina",2013,GENERALES,2013-10-27,2013-09-01,SPEI12_genlogistic_global_era5_moda_ref1991to2020_201309.nc,77.37982869148254,31.0575932264328,-1.843895673751831
074005,Chacabuco,2013,GENERALES,2013-10-27,2013-09-01,SPEI12_genlogistic_global_era5_moda_ref1991to2020_201309.nc,0,0,-1.2896145582199097
042007,"Hucal, Utracán",2013,GENERALES,2013-10-27,2013-09-01,SPEI12_genlogistic_global_era5_moda_ref1991to2020_201309.nc,0,0,-0.12513265013694763
070011,Sarmiento,2013,GENERALES,2013-10-27,2013-09-01,SPEI12_genlogistic_global_era5_moda_ref1991to2020_201309.nc,6.768444925546646,0,-1.0518176555633545
006068,Carlos Casares,2013,GENERALES,2013-10-27,2013-09-01,SPEI12_genlogistic_global_era5_moda_ref1991to2020_201309.nc,0,0,-0.6818633079528809
026006,"Cushamen, Languiñeo",2013,GENERALES,2013-10-27,2013-09-01,SPEI12_genlogistic_global_era5_moda_ref1991to2020_201309.nc,0,0,0.657820463180542
018015,"Itatí, San Cosme",2013,GENERALES,2013-10-27,2013-09-01,SPEI12_genlogistic_global_era5_moda_ref1991to2020_201309.nc,0,0,-0.32133185863494873
086014,"Figueroa, Sarmiento",2013,GENERALES,2013-10-27,2013-09-01,SPEI12_genlogistic_global_era5_moda_ref1991to2020_201309.nc,100,33.72191786766052,-1.910481333732605
006067,San Andrés de Giles,2013,GENERALES,2013-10-27,2013-09-01,SPEI12_genlogistic_global_era5_moda_ref1991to2020_201309.nc,0,0,-0.5889453291893005
010007,"Antofagasta de la Sierra, Tinogasta",2013,GENERALES,2013-10-27,2013-09-01,SPEI12_genlogistic_global_era5_moda_ref1991to2020_201309.nc,27.6594340801239,16.3639634847641,-0.49757930636405945
018014,Saladas,2013,GENERALES,2013-10-27,2013-09-01,SPEI12_genlogistic_global_era5_moda_ref1991to2020_201309.nc,0,0,0.30008143186569214
046005,"Arauco, Castro Barros, San Blas de los Sauces",2013,GENERALES,2013-10-27,2013-09-01,SPEI12_genlogistic_global_era5_moda_ref1991to2020_201309.nc,80.61859607696533,73.12279939651489,-2.029268503189087
006066,Rojas,2013,GENERALES,2013-10-27,2013-09-01,SPEI12_genlogistic_global_era5_moda_ref1991to2020_201309.nc,13.247363269329071,13.247363269329071,-1.9542121887207031
006065,"Carlos Tejedor, Florentino Ameghino, General Pinto",2013,GENERALES,2013-10-27,2013-09-01,SPEI12_genlogistic_global_era5_moda_ref1991to2020_201309.nc,0,0,-1.0360068082809448
086013,"Aguirre, Belgrano, Mitre, Rivadavia",2013,GENERALES,2013-10-27,2013-09-01,SPEI12_genlogistic_global_era5_moda_ref1991to2020_201309.nc,2.1689267829060555,2.1689267829060555,-1.1548877954483032
070010,"Calingasta, Iglesia, Ullúm, Zonda",2013,GENERALES,2013-10-27,2013-09-01,SPEI12_genlogistic_global_era5_moda_ref1991to2020_201309.nc,14.738400280475616,2.7478735893964767,-0.5744553208351135
086012,"Ojo de Agua, Quebrachos",2013,GENERALES,2013-10-27,2013-09-01,SPEI12_genlogistic_global_era5_moda_ref1991to2020_201309.nc,62.36081123352051,0,-1.6122854948043823
070009,Albardón,2013,GENERALES,2013-10-27,2013-09-01,SPEI12_genlogistic_global_era5_moda_ref1991to2020_201309.nc,99.72431063652039,8.24393406510353,-1.7068593502044678
022015,Maipú,2013,GENERALES,2013-10-27,2013-09-01,SPEI12_genlogistic_global_era5_moda_ref1991to2020_201309.nc,99.96881484985352,0,-1.631409764289856
006064,Las Flores,2013,GENERALES,2013-10-27,2013-09-01,SPEI12_genlogistic_global_era5_moda_ref1991to2020_201309.nc,0,0,-0.6306567788124084
006063,Colón,2013,GENERALES,2013-10-27,2013-09-01,SPEI12_genlogistic_global_era5_moda_ref1991to2020_201309.nc,0,0,-0.9634242057800293
022014,Bermejo,2013,GENERALES,2013-10-27,2013-09-01,SPEI12_genlogistic_global_era5_moda_ref1991to2020_201309.nc,0,0,-0.6009587049484253
006062,"Adolfo Alsina, Salliqueló",2013,GENERALES,2013-10-27,2013-09-01,SPEI12_genlogistic_global_era5_moda_ref1991to2020_201309.nc,0,0,-0.11217884719371796
030011,Tala,2013,GENERALES,2013-10-27,2013-09-01,SPEI12_genlogistic_global_era5_moda_ref1991to2020_201309.nc,0,0,-0.4325143098831177
042006,"Caleu-Caleu, Cura-Co, Chalileo, Chical-Có, Lihuel Calel, Limay Mahuida, Leventué, Puelén",2013,GENERALES,2013-10-27,2013-09-01,SPEI12_genlogistic_global_era5_moda_ref1991to2020_201309.nc,0,0,-0.14696188271045685
050017,"La Paz, Santa Rosa",2013,GENERALES,2013-10-27,2013-09-01,SPEI12_genlogistic_global_era5_moda_ref1991to2020_201309.nc,23.30380529165268,0.2935785334557295,-1.164082407951355
066011,"Cachí, La Poma, Los Andes, Molinos, San Carlos",2013,GENERALES,2013-10-27,2013-09-01,SPEI12_genlogistic_global_era5_moda_ref1991to2020_201309.nc,6.305501610040665,0,0.03146793320775032
006061,Brandsen,2013,GENERALES,2013-10-27,2013-09-01,SPEI12_genlogistic_global_era5_moda_ref1991to2020_201309.nc,0,0,-0.07272480428218842
046004,"General Ocampo, General San Martín, Rosario Vera Peñaloza",2013,GENERALES,2013-10-27,2013-09-01,SPEI12_genlogistic_global_era5_moda_ref1991to2020_201309.nc,89.76883888244629,25.233593583106995,-1.8041101694107056
006060,"Daireaux, Hipólito Yrigoyen",2013,GENERALES,2013-10-27,2013-09-01,SPEI12_genlogistic_global_era5_moda_ref1991to2020_201309.nc,0,0,0.15562614798545837
006059,Dolores,2013,GENERALES,2013-10-27,2013-09-01,SPEI12_genlogistic_global_era5_moda_ref1991to2020_201309.nc,30.434781312942505,30.434781312942505,-2.844179153442383
070008,"Jachal, Valle Fértil",2013,GENERALES,2013-10-27,2013-09-01,SPEI12_genlogistic_global_era5_moda_ref1991to2020_201309.nc,89.87489938735962,67.76156425476074,-2.041771173477173
078003,"Corpen Aike, Lago Argentino",2013,GENERALES,2013-10-27,2013-09-01,SPEI12_genlogistic_global_era5_moda_ref1991to2020_201309.nc,0,0,0.040018897503614426
054015,Candelaria,2013,GENERALES,2013-10-27,2013-09-01,SPEI12_genlogistic_global_era5_moda_ref1991to2020_201309.nc,0,0,-0.04181941598653793
054014,25 de Mayo,2013,GENERALES,2013-10-27,2013-09-01,SPEI12_genlogistic_global_era5_moda_ref1991to2020_201309.nc,0,0,-0.09973645210266113
042005,"Chapaleufú, Realicó",2013,GENERALES,2013-10-27,2013-09-01,SPEI12_genlogistic_global_era5_moda_ref1991to2020_201309.nc,0,0,-0.2092123031616211
074004,Junín,2013,GENERALES,2013-10-27,2013-09-01,SPEI12_genlogistic_global_era5_moda_ref1991to2020_201309.nc,9.301624447107315,0,-1.285004734992981
050016,Malargue,2013,GENERALES,2013-10-27,2013-09-01,SPEI12_genlogistic_global_era5_moda_ref1991to2020_201309.nc,0,0,0.4611753225326538
066010,Rivadavia,2013,GENERALES,2013-10-27,2013-09-01,SPEI12_genlogistic_global_era5_moda_ref1991to2020_201309.nc,100,99.78899955749512,-2.367267370223999
018013,Lavalle,2013,GENERALES,2013-10-27,2013-09-01,SPEI12_genlogistic_global_era5_moda_ref1991to2020_201309.nc,0,0,0.06834329664707184
006058,"General Belgrano, General Paz",2013,GENERALES,2013-10-27,2013-09-01,SPEI12_genlogistic_global_era5_moda_ref1991to2020_201309.nc,0,0,-0.45051100850105286
086011,"Loreto, Silipica",2013,GENERALES,2013-10-27,2013-09-01,SPEI12_genlogistic_global_era5_moda_ref1991to2020_201309.nc,100,0,-1.829646348953247
010006,"Ancasti, El Alto, La Paz",2013,GENERALES,2013-10-27,2013-09-01,SPEI12_genlogistic_global_era5_moda_ref1991to2020_201309.nc,100,19.801731407642365,-1.9192181825637817
034005,"Matacos, Ramón Lista",2013,GENERALES,2013-10-27,2013-09-01,SPEI12_genlogistic_global_era5_moda_ref1991to2020_201309.nc,100,93.88777613639832,-2.317795753479004
006057,Exaltación de la Cruz,2013,GENERALES,2013-10-27,2013-09-01,SPEI12_genlogistic_global_era5_moda_ref1991to2020_201309.nc,0,0,-0.42554450035095215
006056,Arrecifes,2013,GENERALES,2013-10-27,2013-09-01,SPEI12_genlogistic_global_era5_moda_ref1991to2020_201309.nc,0,0,-0.738787829875946
082018,9 de Julio,2013,GENERALES,2013-10-27,2013-09-01,SPEI12_genlogistic_global_era5_moda_ref1991to2020_201309.nc,0.7738797459751368,0,-1.0058928728103638
062006,San Antonio,2013,GENERALES,2013-10-27,2013-09-01,SPEI12_genlogistic_global_era5_moda_ref1991to2020_201309.nc,0,0,-0.17701075971126556
006055,Patagones,2013,GENERALES,2013-10-27,2013-09-01,SPEI12_genlogistic_global_era5_moda_ref1991to2020_201309.nc,0,0,-0.31345540285110474
086010,Copo,2013,GENERALES,2013-10-27,2013-09-01,SPEI12_genlogistic_global_era5_moda_ref1991to2020_201309.nc,100,79.94979619979858,-2.1334269046783447
014021,"Río Seco, Sobremonte, Tulumba",2013,GENERALES,2013-10-27,2013-09-01,SPEI12_genlogistic_global_era5_moda_ref1991to2020_201309.nc,56.88386559486389,9.02273803949356,-2.1398632526397705
054013,San Pedro,2013,GENERALES,2013-10-27,2013-09-01,SPEI12_genlogistic_global_era5_moda_ref1991to2020_201309.nc,0,0,0.652446448802948
006054,"General Juan Madariaga, Pinamar, Villa Gesell",2013,GENERALES,2013-10-27,2013-09-01,SPEI12_genlogistic_global_era5_moda_ref1991to2020_201309.nc,1.5836359933018684,1.5836359933018684,-0.2328287959098816
018012,Esquina,2013,GENERALES,2013-10-27,2013-09-01,SPEI12_genlogistic_global_era5_moda_ref1991to2020_201309.nc,0,0,-0.42478707432746887
022013,Chacabuco,2013,GENERALES,2013-10-27,2013-09-01,SPEI12_genlogistic_global_era5_moda_ref1991to2020_201309.nc,73.38044047355652,0,-1.6410127878189087
006053,General Villegas,2013,GENERALES,2013-10-27,2013-09-01,SPEI12_genlogistic_global_era5_moda_ref1991to2020_201309.nc,0,0,-0.9980909824371338
038006,"Humahuaca, Tilcara, Valle Grande",2013,GENERALES,2013-10-27,2013-09-01,SPEI12_genlogistic_global_era5_moda_ref1991to2020_201309.nc,52.37463116645813,37.5055193901062,-1.5770137310028076
006052,"General Arenales, Leandro N. Alem",2013,GENERALES,2013-10-27,2013-09-01,SPEI12_genlogistic_global_era5_moda_ref1991to2020_201309.nc,0,0,-1.1121634244918823
086009,"Atamisqui, Salavina, San Martín",2013,GENERALES,2013-10-27,2013-09-01,SPEI12_genlogistic_global_era5_moda_ref1991to2020_201309.nc,72.78982996940613,0,-1.5892552137374878
046003,"Coronel Felipe Varela, Famatina, General Angel V. Peñaloza, General Juan F. Quiroga, General Lamadrid, Vinchina, Independencia, Sanagasta",2013,GENERALES,2013-10-27,2013-09-01,SPEI12_genlogistic_global_era5_moda_ref1991to2020_201309.nc,62.0467483997345,43.287479877471924,-1.4962388277053833
054012,"Concepción, San Javier",2013,GENERALES,2013-10-27,2013-09-01,SPEI12_genlogistic_global_era5_moda_ref1991to2020_201309.nc,0,0,0.0817527249455452
082017,San Javier,2013,GENERALES,2013-10-27,2013-09-01,SPEI12_genlogistic_global_era5_moda_ref1991to2020_201309.nc,0,0,-0.5581201910972595
006051,Baradero,2013,GENERALES,2013-10-27,2013-09-01,SPEI12_genlogistic_global_era5_moda_ref1991to2020_201309.nc,0,0,-0.5099571943283081
006050,Saladillo,2013,GENERALES,2013-10-27,2013-09-01,SPEI12_genlogistic_global_era5_moda_ref1991to2020_201309.nc,0,0,-0.6231502890586853
050015,Tupungato,2013,GENERALES,2013-10-27,2013-09-01,SPEI12_genlogistic_global_era5_moda_ref1991to2020_201309.nc,0,0,-0.4857095181941986
050014,San Carlos,2013,GENERALES,2013-10-27,2013-09-01,SPEI12_genlogistic_global_era5_moda_ref1991to2020_201309.nc,0,0,-0.23824134469032288
006049,Salto,2013,GENERALES,2013-10-27,2013-09-01,SPEI12_genlogistic_global_era5_moda_ref1991to2020_201309.nc,22.90032058954239,22.90032058954239,-2.6009037494659424
006048,Ramallo,2013,GENERALES,2013-10-27,2013-09-01,SPEI12_genlogistic_global_era5_moda_ref1991to2020_201309.nc,0,0,-0.6667831540107727
022012,"12 de Octubre, 2 de Abril, Fray Justo Sta. María de Oro",2013,GENERALES,2013-10-27,2013-09-01,SPEI12_genlogistic_global_era5_moda_ref1991to2020_201309.nc,43.2448536157608,0,-1.4939236640930176
022011,Quitilipi,2013,GENERALES,2013-10-27,2013-09-01,SPEI12_genlogistic_global_era5_moda_ref1991to2020_201309.nc,23.531310260295868,0,-1.4661589860916138
022010,Almirante Brown,2013,GENERALES,2013-10-27,2013-09-01,SPEI12_genlogistic_global_era5_moda_ref1991to2020_201309.nc,100,61.60581707954407,-2.0837345123291016
022009,"General Belgrano, Independencia",2013,GENERALES,2013-10-27,2013-09-01,SPEI12_genlogistic_global_era5_moda_ref1991to2020_201309.nc,82.16708898544312,0,-1.5872175693511963
042004,"Atreucó, Catriló, Guatrache, Quemú-Quemú",2013,GENERALES,2013-10-27,2013-09-01,SPEI12_genlogistic_global_era5_moda_ref1991to2020_201309.nc,0,0,-0.1114875003695488
062005,Avellaneda,2013,GENERALES,2013-10-27,2013-09-01,SPEI12_genlogistic_global_era5_moda_ref1991to2020_201309.nc,0,0,-0.05350299924612045
030010,Victoria,2013,GENERALES,2013-10-27,2013-09-01,SPEI12_genlogistic_global_era5_moda_ref1991to2020_201309.nc,0,0,-0.606488823890686
066009,Cerrillos,2013,GENERALES,2013-10-27,2013-09-01,SPEI12_genlogistic_global_era5_moda_ref1991to2020_201309.nc,100,100,-2.343069553375244
010005,"Ambato, Capayán, Paclín, Santa Rosa",2013,GENERALES,2013-10-27,2013-09-01,SPEI12_genlogistic_global_era5_moda_ref1991to2020_201309.nc,99.74431991577148,71.94961309432983,-2.0931155681610107
086008,"Jiménez, Pellegrini",2013,GENERALES,2013-10-27,2013-09-01,SPEI12_genlogistic_global_era5_moda_ref1991to2020_201309.nc,100,95.37469148635864,-2.0929689407348633
014020,General Roca,2013,GENERALES,2013-10-27,2013-09-01,SPEI12_genlogistic_global_era5_moda_ref1991to2020_201309.nc,0,0,-0.8103293776512146
014019,San Alberto,2013,GENERALES,2013-10-27,2013-09-01,SPEI12_genlogistic_global_era5_moda_ref1991to2020_201309.nc,54.69674468040466,1.0025467723608017,-1.6236021518707275
054011,Montecarlo,2013,GENERALES,2013-10-27,2013-09-01,SPEI12_genlogistic_global_era5_moda_ref1991to2020_201309.nc,0,0,0.481563925743103
014018,Presidente Roque Saénz Peña,2013,GENERALES,2013-10-27,2013-09-01,SPEI12_genlogistic_global_era5_moda_ref1991to2020_201309.nc,0,0,-1.2616150379180908
050013,Lavalle,2013,GENERALES,2013-10-27,2013-09-01,SPEI12_genlogistic_global_era5_moda_ref1991to2020_201309.nc,83.5317611694336,36.20913028717041,-1.8429749011993408
006047,"Capitán Sarmiento, San Antonio de Areco",2013,GENERALES,2013-10-27,2013-09-01,SPEI12_genlogistic_global_era5_moda_ref1991to2020_201309.nc,0,0,-0.5923218727111816
018011,Monte Caseros,2013,GENERALES,2013-10-27,2013-09-01,SPEI12_genlogistic_global_era5_moda_ref1991to2020_201309.nc,0,0,-0.19233061373233795
010004,"Belén, Pomán",2013,GENERALES,2013-10-27,2013-09-01,SPEI12_genlogistic_global_era5_moda_ref1991to2020_201309.nc,60.416972637176514,35.00092029571533,-1.6403334140777588
058005,Zapala,2013,GENERALES,2013-10-27,2013-09-01,SPEI12_genlogistic_global_era5_moda_ref1991to2020_201309.nc,0,0,0.287720263004303
006046,"Guaminí, Pellegrini, Rivadavia, Tres Lomas",2013,GENERALES,2013-10-27,2013-09-01,SPEI12_genlogistic_global_era5_moda_ref1991to2020_201309.nc,0,0,-0.13521450757980347
018010,Bella Vista,2013,GENERALES,2013-10-27,2013-09-01,SPEI12_genlogistic_global_era5_moda_ref1991to2020_201309.nc,0,0,0.257167249917984
006045,Coronel Suárez,2013,GENERALES,2013-10-27,2013-09-01,SPEI12_genlogistic_global_era5_moda_ref1991to2020_201309.nc,0,0,0.20166561007499695
058004,"Chos Malal, Pehuenches",2013,GENERALES,2013-10-27,2013-09-01,SPEI12_genlogistic_global_era5_moda_ref1991to2020_201309.nc,0,0,0.964237630367279
090005,Burruyacú,2013,GENERALES,2013-10-27,2013-09-01,SPEI12_genlogistic_global_era5_moda_ref1991to2020_201309.nc,100,80.05911707878113,-2.104562997817993
050012,Junín,2013,GENERALES,2013-10-27,2013-09-01,SPEI12_genlogistic_global_era5_moda_ref1991to2020_201309.nc,0,0,-1.180921196937561
066008,"Guachipas, La Candelaria, Rosario de la Frontera",2013,GENERALES,2013-10-27,2013-09-01,SPEI12_genlogistic_global_era5_moda_ref1991to2020_201309.nc,98.0083703994751,95.8547294139862,-2.3348543643951416
006044,Pehuajó,2013,GENERALES,2013-10-27,2013-09-01,SPEI12_genlogistic_global_era5_moda_ref1991to2020_201309.nc,0,0,-0.5914077162742615
086007,General Taboada,2013,GENERALES,2013-10-27,2013-09-01,SPEI12_genlogistic_global_era5_moda_ref1991to2020_201309.nc,7.349685579538345,0,-1.3202582597732544
030009,Nogoyá,2013,GENERALES,2013-10-27,2013-09-01,SPEI12_genlogistic_global_era5_moda_ref1991to2020_201309.nc,0,0,-0.365090936422348
026005,"Florentino Ameghino, Gaimán, Gastre, Mártires, Paso de los Indios, Río Senguer, Sarmiento, Tehuelches, Telsen",2013,GENERALES,2013-10-27,2013-09-01,SPEI12_genlogistic_global_era5_moda_ref1991to2020_201309.nc,0,0,0.5329086184501648
010003,"Fray Mamerto Esquiú, Valle Viejo",2013,GENERALES,2013-10-27,2013-09-01,SPEI12_genlogistic_global_era5_moda_ref1991to2020_201309.nc,100,95.89674472808838,-2.174482822418213
066007,Metán,2013,GENERALES,2013-10-27,2013-09-01,SPEI12_genlogistic_global_era5_moda_ref1991to2020_201309.nc,100,100,-2.3739564418792725
006043,"Adolfo González Chaves, Benito Juárez, San Cayetano",2013,GENERALES,2013-10-27,2013-09-01,SPEI12_genlogistic_global_era5_moda_ref1991to2020_201309.nc,0,0,0.010246127843856812
018009,Mercedes,2013,GENERALES,2013-10-27,2013-09-01,SPEI12_genlogistic_global_era5_moda_ref1991to2020_201309.nc,0,0,0.52656090259552
010002,"Andalgalá, Santa María",2013,GENERALES,2013-10-27,2013-09-01,SPEI12_genlogistic_global_era5_moda_ref1991to2020_201309.nc,45.85076570510864,22.17137962579727,-1.6052892208099365
018008,"Empedrado, Mburucuyá, San Luis del Palmar",2013,GENERALES,2013-10-27,2013-09-01,SPEI12_genlogistic_global_era5_moda_ref1991to2020_201309.nc,0,0,-0.14240114390850067
006042,Bragado,2013,GENERALES,2013-10-27,2013-09-01,SPEI12_genlogistic_global_era5_moda_ref1991to2020_201309.nc,0,0,-0.8493276238441467
006041,General Alvarado,2013,GENERALES,2013-10-27,2013-09-01,SPEI12_genlogistic_global_era5_moda_ref1991to2020_201309.nc,0,0,0.26590749621391296
062004,"El Cuy, 9 de Julio, Ñorquincó, Pilcaniyeu, Valcheta, 25 de Mayo",2013,GENERALES,2013-10-27,2013-09-01,SPEI12_genlogistic_global_era5_moda_ref1991to2020_201309.nc,0,0,0.025020871311426163
074003,"Ayacucho, Belgrano, Coronel Pringles, Libertador General San Martín",2013,GENERALES,2013-10-27,2013-09-01,SPEI12_genlogistic_global_era5_moda_ref1991to2020_201309.nc,54.47336435317993,10.577672719955444,-1.4855308532714844
018007,"Ituzaingó, San Miguel",2013,GENERALES,2013-10-27,2013-09-01,SPEI12_genlogistic_global_era5_moda_ref1991to2020_201309.nc,0,0,0.09505297243595123
082016,San Justo,2013,GENERALES,2013-10-27,2013-09-01,SPEI12_genlogistic_global_era5_moda_ref1991to2020_201309.nc,0,0,-0.7063512802124023
006040,"Carmen de Areco, Navarro, Suipacha",2013,GENERALES,2013-10-27,2013-09-01,SPEI12_genlogistic_global_era5_moda_ref1991to2020_201309.nc,7.233256101608276,7.233256101608276,-1.1227819919586182
006039,"Ayacucho, General Guido, Pila, Rauch",2013,GENERALES,2013-10-27,2013-09-01,SPEI12_genlogistic_global_era5_moda_ref1991to2020_201309.nc,8.123894035816193,8.123894035816193,-1.1688529253005981
042003,"Conhello, Rancul, Toay, Trenel",2013,GENERALES,2013-10-27,2013-09-01,SPEI12_genlogistic_global_era5_moda_ref1991to2020_201309.nc,0,0,-0.3078858256340027
086006,"Choya, Guasayan",2013,GENERALES,2013-10-27,2013-09-01,SPEI12_genlogistic_global_era5_moda_ref1991to2020_201309.nc,100,0,-1.8546741008758545
054010,General Manuel Belgrano,2013,GENERALES,2013-10-27,2013-09-01,SPEI12_genlogistic_global_era5_moda_ref1991to2020_201309.nc,0,0,0.7921361923217773
006038,Trenque Lauquen,2013,GENERALES,2013-10-27,2013-09-01,SPEI12_genlogistic_global_era5_moda_ref1991to2020_201309.nc,0,0,-0.38693344593048096
026004,Futaleufú,2013,GENERALES,2013-10-27,2013-09-01,SPEI12_genlogistic_global_era5_moda_ref1991to2020_201309.nc,0,0,1.2380785942077637
054009,Apóstoles,2013,GENERALES,2013-10-27,2013-09-01,SPEI12_genlogistic_global_era5_moda_ref1991to2020_201309.nc,0,0,0.0791875496506691
022008,"General Donovan, Libertad, Presidencia de La Plaza, Tapenaga",2013,GENERALES,2013-10-27,2013-09-01,SPEI12_genlogistic_global_era5_moda_ref1991to2020_201309.nc,0,0,-0.9244219064712524
006037,"Puan, Villarino",2013,GENERALES,2013-10-27,2013-09-01,SPEI12_genlogistic_global_era5_moda_ref1991to2020_201309.nc,0,0,-0.22151654958724976
038005,"Cochinoca, Rinconada, Santa Catalina, Susques, Tumbaya, Yaví",2013,GENERALES,2013-10-27,2013-09-01,SPEI12_genlogistic_global_era5_moda_ref1991to2020_201309.nc,3.788325935602188,1.4524600468575954,-0.27468210458755493
086005,Robles,2013,GENERALES,2013-10-27,2013-09-01,SPEI12_genlogistic_global_era5_moda_ref1991to2020_201309.nc,100,0,-1.8590847253799438
030008,Diamante,2013,GENERALES,2013-10-27,2013-09-01,SPEI12_genlogistic_global_era5_moda_ref1991to2020_201309.nc,0,0,-0.43492957949638367
082015,Belgrano,2013,GENERALES,2013-10-27,2013-09-01,SPEI12_genlogistic_global_era5_moda_ref1991to2020_201309.nc,3.883623704314232,3.883623704314232,-1.1527365446090698
050011,General Alvear,2013,GENERALES,2013-10-27,2013-09-01,SPEI12_genlogistic_global_era5_moda_ref1991to2020_201309.nc,0,0,-0.6280234456062317
014017,Río Primero,2013,GENERALES,2013-10-27,2013-09-01,SPEI12_genlogistic_global_era5_moda_ref1991to2020_201309.nc,2.013154700398445,0,-1.134109616279602
006036,9 de Julio,2013,GENERALES,2013-10-27,2013-09-01,SPEI12_genlogistic_global_era5_moda_ref1991to2020_201309.nc,0,0,-0.8327106833457947
066006,General Güemes,2013,GENERALES,2013-10-27,2013-09-01,SPEI12_genlogistic_global_era5_moda_ref1991to2020_201309.nc,100,100,-2.4291765689849854
066005,"La Caldera, Rosario de Lerma",2013,GENERALES,2013-10-27,2013-09-01,SPEI12_genlogistic_global_era5_moda_ref1991to2020_201309.nc,61.305516958236694,21.663248538970947,-1.4645253419876099
054008,Libertador General San Martín,2013,GENERALES,2013-10-27,2013-09-01,SPEI12_genlogistic_global_era5_moda_ref1991to2020_201309.nc,0,0,0.13369828462600708
070007,Santa Lucía,2013,GENERALES,2013-10-27,2013-09-01,SPEI12_genlogistic_global_era5_moda_ref1991to2020_201309.nc,100,0,-1.6237380504608154
018006,Paso de los Libres,2013,GENERALES,2013-10-27,2013-09-01,SPEI12_genlogistic_global_era5_moda_ref1991to2020_201309.nc,0,0,0.37288811802864075
022007,"9 de Julio, O'Higgins",2013,GENERALES,2013-10-27,2013-09-01,SPEI12_genlogistic_global_era5_moda_ref1991to2020_201309.nc,47.80631065368652,0,-1.5336995124816895
006035,Chacabuco,2013,GENERALES,2013-10-27,2013-09-01,SPEI12_genlogistic_global_era5_moda_ref1991to2020_201309.nc,0,0,-0.9519019722938538
046002,Chilecito,2013,GENERALES,2013-10-27,2013-09-01,SPEI12_genlogistic_global_era5_moda_ref1991to2020_201309.nc,81.00640177726746,62.5311017036438,-2.0067455768585205
014016,"Ischilín, Totoral",2013,GENERALES,2013-10-27,2013-09-01,SPEI12_genlogistic_global_era5_moda_ref1991to2020_201309.nc,91.88915491104126,0,-1.7472333908081055
050010,Tunuyán,2013,GENERALES,2013-10-27,2013-09-01,SPEI12_genlogistic_global_era5_moda_ref1991to2020_201309.nc,0,0,0.03624209016561508
006034,"Coronel Dorrego, Coronel Pringles, Monte Hermoso, Tornquist",2013,GENERALES,2013-10-27,2013-09-01,SPEI12_genlogistic_global_era5_moda_ref1991to2020_201309.nc,0,0,-0.03124622255563736
006033,"General Las Heras, Lobos",2013,GENERALES,2013-10-27,2013-09-01,SPEI12_genlogistic_global_era5_moda_ref1991to2020_201309.nc,2.41213645786047,2.41213645786047,-0.45976749062538147
030007,Gualeguay,2013,GENERALES,2013-10-27,2013-09-01,SPEI12_genlogistic_global_era5_moda_ref1991to2020_201309.nc,0,0,-0.4988802969455719
014015,Calamuchita,2013,GENERALES,2013-10-27,2013-09-01,SPEI12_genlogistic_global_era5_moda_ref1991to2020_201309.nc,34.67031121253967,3.0810199677944183,-1.5239592790603638
082014,Vera,2013,GENERALES,2013-10-27,2013-09-01,SPEI12_genlogistic_global_era5_moda_ref1991to2020_201309.nc,0,0,-0.7381564378738403
006032,Marcos Paz,2013,GENERALES,2013-10-27,2013-09-01,SPEI12_genlogistic_global_era5_moda_ref1991to2020_201309.nc,0,0,-0.11123697459697723
070006,Pocito,2013,GENERALES,2013-10-27,2013-09-01,SPEI12_genlogistic_global_era5_moda_ref1991to2020_201309.nc,8.31093043088913,0,-1.2893685102462769
018005,"Curuzú Cuatiá, Sauce",2013,GENERALES,2013-10-27,2013-09-01,SPEI12_genlogistic_global_era5_moda_ref1991to2020_201309.nc,0,0,0.0208839550614357
014014,San Javier,2013,GENERALES,2013-10-27,2013-09-01,SPEI12_genlogistic_global_era5_moda_ref1991to2020_201309.nc,78.12710404396057,29.925841093063354,-1.7303789854049683
006031,Cañuelas,2013,GENERALES,2013-10-27,2013-09-01,SPEI12_genlogistic_global_era5_moda_ref1991to2020_201309.nc,0,0,-0.16104529798030853
006030,"Bolívar, General Alvear, Tapalqué",2013,GENERALES,2013-10-27,2013-09-01,SPEI12_genlogistic_global_era5_moda_ref1991to2020_201309.nc,0,0,-0.4575881063938141
054007,Cainguas,2013,GENERALES,2013-10-27,2013-09-01,SPEI12_genlogistic_global_era5_moda_ref1991to2020_201309.nc,0,0,-0.061698637902736664
058003,"Huiliches, Lácar, Los Lagos",2013,GENERALES,2013-10-27,2013-09-01,SPEI12_genlogistic_global_era5_moda_ref1991to2020_201309.nc,0,0,-0.07839109748601913
086004,Río Hondo,2013,GENERALES,2013-10-27,2013-09-01,SPEI12_genlogistic_global_era5_moda_ref1991to2020_201309.nc,100,1.7148559913039207,-1.7724125385284424
022006,Mayor Luis J. Fontana,2013,GENERALES,2013-10-27,2013-09-01,SPEI12_genlogistic_global_era5_moda_ref1991to2020_201309.nc,0,0,-1.0738109350204468
090004,Leales,2013,GENERALES,2013-10-27,2013-09-01,SPEI12_genlogistic_global_era5_moda_ref1991to2020_201309.nc,100,3.1126121059060097,-1.6782913208007813
058002,"Aluminé, Añelo, Catán-Lil, Collón-Cura, Loncopué, Minas, Ñorquin, Picún-Leufú, Picunches",2013,GENERALES,2013-10-27,2013-09-01,SPEI12_genlogistic_global_era5_moda_ref1991to2020_201309.nc,0,0,0.24364639818668365
018004,"Berón de Astrada, Concepción, General Paz, San Roque",2013,GENERALES,2013-10-27,2013-09-01,SPEI12_genlogistic_global_era5_moda_ref1991to2020_201309.nc,0,0,0.22662436962127686
050009,Rivadavia,2013,GENERALES,2013-10-27,2013-09-01,SPEI12_genlogistic_global_era5_moda_ref1991to2020_201309.nc,0,0,-0.8844414949417114
006029,Ensenada,2013,GENERALES,2013-10-27,2013-09-01,SPEI12_genlogistic_global_era5_moda_ref1991to2020_201309.nc,0,0,0.44431132078170776
006028,Tres Arroyos,2013,GENERALES,2013-10-27,2013-09-01,SPEI12_genlogistic_global_era5_moda_ref1991to2020_201309.nc,0,0,0.4839249849319458
066004,Anta,2013,GENERALES,2013-10-27,2013-09-01,SPEI12_genlogistic_global_era5_moda_ref1991to2020_201309.nc,100,100,-2.459491729736328
054006,San Ignacio,2013,GENERALES,2013-10-27,2013-09-01,SPEI12_genlogistic_global_era5_moda_ref1991to2020_201309.nc,0,0,0.010238620452582836
042002,Maracó,2013,GENERALES,2013-10-27,2013-09-01,SPEI12_genlogistic_global_era5_moda_ref1991to2020_201309.nc,0,0,-0.09376015514135361
062003,Adolfo Alsina,2013,GENERALES,2013-10-27,2013-09-01,SPEI12_genlogistic_global_era5_moda_ref1991to2020_201309.nc,0,0,-0.16329337656497955
006027,San Pedro,2013,GENERALES,2013-10-27,2013-09-01,SPEI12_genlogistic_global_era5_moda_ref1991to2020_201309.nc,0,0,-0.5909594893455505
018003,Santo Tomé,2013,GENERALES,2013-10-27,2013-09-01,SPEI12_genlogistic_global_era5_moda_ref1991to2020_201309.nc,0,0,0.24872490763664246
006026,"Alberti, Roque Pérez, 25 de Mayo",2013,GENERALES,2013-10-27,2013-09-01,SPEI12_genlogistic_global_era5_moda_ref1991to2020_201309.nc,0,0,-0.6961483359336853
006025,"Chascomus, Magdalena, Punta Indio",2013,GENERALES,2013-10-27,2013-09-01,SPEI12_genlogistic_global_era5_moda_ref1991to2020_201309.nc,0,0,-0.0939706489443779
006024,"General Viamonte, Lincoln",2013,GENERALES,2013-10-27,2013-09-01,SPEI12_genlogistic_global_era5_moda_ref1991to2020_201309.nc,0,0,-0.972077488899231
022005,"San Lorenzo, Sargento Cabral, 25 de Mayo",2013,GENERALES,2013-10-27,2013-09-01,SPEI12_genlogistic_global_era5_moda_ref1991to2020_201309.nc,1.622210443019867,0,-1.255206823348999
006023,Coronel de Marine L. Rosales,2013,GENERALES,2013-10-27,2013-09-01,SPEI12_genlogistic_global_era5_moda_ref1991to2020_201309.nc,0,0,-0.4424827992916107
006022,"Balcarce, Lobería",2013,GENERALES,2013-10-27,2013-09-01,SPEI12_genlogistic_global_era5_moda_ref1991to2020_201309.nc,0,0,-0.3252426087856293
006021,Mercedes,2013,GENERALES,2013-10-27,2013-09-01,SPEI12_genlogistic_global_era5_moda_ref1991to2020_201309.nc,73.36280345916748,73.36280345916748,-6.1895599365234375
014013,Juárez Celman,2013,GENERALES,2013-10-27,2013-09-01,SPEI12_genlogistic_global_era5_moda_ref1991to2020_201309.nc,0,0,-1.0683342218399048
070005,"Angaco, Caucete, 25 de Mayo",2013,GENERALES,2013-10-27,2013-09-01,SPEI12_genlogistic_global_era5_moda_ref1991to2020_201309.nc,97.75095582008362,59.397995471954346,-2.022395610809326
082013,San Martín,2013,GENERALES,2013-10-27,2013-09-01,SPEI12_genlogistic_global_era5_moda_ref1991to2020_201309.nc,24.609093368053436,24.609093368053436,-2.5147180557250977
006020,Chivilcoy,2013,GENERALES,2013-10-27,2013-09-01,SPEI12_genlogistic_global_era5_moda_ref1991to2020_201309.nc,0,0,-0.6592155694961548
006019,Azul,2013,GENERALES,2013-10-27,2013-09-01,SPEI12_genlogistic_global_era5_moda_ref1991to2020_201309.nc,0,0,-0.4583178758621216
082012,Iriondo,2013,GENERALES,2013-10-27,2013-09-01,SPEI12_genlogistic_global_era5_moda_ref1991to2020_201309.nc,0,0,-0.8381475806236267
086003,"Alberdi, Juan F. Ibarra, Moreno",2013,GENERALES,2013-10-27,2013-09-01,SPEI12_genlogistic_global_era5_moda_ref1991to2020_201309.nc,96.49699926376343,27.417832612991333,-1.8630790710449219
082011,San Cristóbal,2013,GENERALES,2013-10-27,2013-09-01,SPEI12_genlogistic_global_era5_moda_ref1991to2020_201309.nc,0,0,-0.7627692222595215
022004,General Güemes,2013,GENERALES,2013-10-27,2013-09-01,SPEI12_genlogistic_global_era5_moda_ref1991to2020_201309.nc,100,69.57564949989319,-2.136380910873413
030006,La Paz,2013,GENERALES,2013-10-27,2013-09-01,SPEI12_genlogistic_global_era5_moda_ref1991to2020_201309.nc,0,0,-0.3935466408729553
030005,Federación,2013,GENERALES,2013-10-27,2013-09-01,SPEI12_genlogistic_global_era5_moda_ref1991to2020_201309.nc,0,0,-0.4155389666557312
054005,Guaraní,2013,GENERALES,2013-10-27,2013-09-01,SPEI12_genlogistic_global_era5_moda_ref1991to2020_201309.nc,0,0,0.21661004424095154
014012,"Cruz del Eje, Minas, Pocho",2013,GENERALES,2013-10-27,2013-09-01,SPEI12_genlogistic_global_era5_moda_ref1991to2020_201309.nc,84.79784727096558,0,-1.7557168006896973
022003,"Libertador General San Martín, 1 de Mayo",2013,GENERALES,2013-10-27,2013-09-01,SPEI12_genlogistic_global_era5_moda_ref1991to2020_201309.nc,16.29915088415146,0,-1.1787453889846802
094001,"Río Grande, Antarctic Argentina",2013,GENERALES,2013-10-27,2013-09-01,SPEI12_genlogistic_global_era5_moda_ref1991to2020_201309.nc,0,0,-0.22973549365997314
006018,"General Lavalle, La Costa",2013,GENERALES,2013-10-27,2013-09-01,SPEI12_genlogistic_global_era5_moda_ref1991to2020_201309.nc,0,0,-0.2692873179912567
038004,San Pedro,2013,GENERALES,2013-10-27,2013-09-01,SPEI12_genlogistic_global_era5_moda_ref1991to2020_201309.nc,100,100,-2.4895870685577393
054004,El Dorado,2013,GENERALES,2013-10-27,2013-09-01,SPEI12_genlogistic_global_era5_moda_ref1991to2020_201309.nc,0,0,0.6955931186676025
082010,Caseros,2013,GENERALES,2013-10-27,2013-09-01,SPEI12_genlogistic_global_era5_moda_ref1991to2020_201309.nc,0,0,-1.0771329402923584
026003,Biedma,2013,GENERALES,2013-10-27,2013-09-01,SPEI12_genlogistic_global_era5_moda_ref1991to2020_201309.nc,0,0,0.8844870924949646
082009,San Jerónimo,2013,GENERALES,2013-10-27,2013-09-01,SPEI12_genlogistic_global_era5_moda_ref1991to2020_201309.nc,0,0,-0.4521245062351227
054003,Iguazú,2013,GENERALES,2013-10-27,2013-09-01,SPEI12_genlogistic_global_era5_moda_ref1991to2020_201309.nc,0,0,0.7160598039627075
034004,"Bermejo, Patiño",2013,GENERALES,2013-10-27,2013-09-01,SPEI12_genlogistic_global_era5_moda_ref1991to2020_201309.nc,95.55208086967468,61.1028254032135,-2.059936761856079
006017,"Presidente Perón, San Vicente",2013,GENERALES,2013-10-27,2013-09-01,SPEI12_genlogistic_global_era5_moda_ref1991to2020_201309.nc,0,0,-0.006620930042117834
070004,Rivadavia,2013,GENERALES,2013-10-27,2013-09-01,SPEI12_genlogistic_global_era5_moda_ref1991to2020_201309.nc,28.22910249233246,0,-1.5312509536743164
034003,Pilcomayo,2013,GENERALES,2013-10-27,2013-09-01,SPEI12_genlogistic_global_era5_moda_ref1991to2020_201309.nc,33.690422773361206,0,-1.4252651929855347
006016,General Rodríguez,2013,GENERALES,2013-10-27,2013-09-01,SPEI12_genlogistic_global_era5_moda_ref1991to2020_201309.nc,0.23894780315458775,0.23894780315458775,-0.1891695261001587
070003,Chimbas,2013,GENERALES,2013-10-27,2013-09-01,SPEI12_genlogistic_global_era5_moda_ref1991to2020_201309.nc,99.06518459320068,0,-1.6225335597991943
006015,Berisso,2013,GENERALES,2013-10-27,2013-09-01,SPEI12_genlogistic_global_era5_moda_ref1991to2020_201309.nc,0,0,0.317096084356308
082008,Constitución,2013,GENERALES,2013-10-27,2013-09-01,SPEI12_genlogistic_global_era5_moda_ref1991to2020_201309.nc,0,0,-0.8171606659889221
006014,Junín,2013,GENERALES,2013-10-27,2013-09-01,SPEI12_genlogistic_global_era5_moda_ref1991to2020_201309.nc,0,0,-1.0939878225326538
018002,Goya,2013,GENERALES,2013-10-27,2013-09-01,SPEI12_genlogistic_global_era5_moda_ref1991to2020_201309.nc,0,0,-0.3775411546230316
006013,Necochea,2013,GENERALES,2013-10-27,2013-09-01,SPEI12_genlogistic_global_era5_moda_ref1991to2020_201309.nc,0,0,0.06573682278394699
006012,Campana,2013,GENERALES,2013-10-27,2013-09-01,SPEI12_genlogistic_global_era5_moda_ref1991to2020_201309.nc,0,0,-0.28144901990890503
014011,Santa María,2013,GENERALES,2013-10-27,2013-09-01,SPEI12_genlogistic_global_era5_moda_ref1991to2020_201309.nc,10.468848794698715,0.35855488386005163,-1.3424904346466064
022002,Comandante Fernandez,2013,GENERALES,2013-10-27,2013-09-01,SPEI12_genlogistic_global_era5_moda_ref1991to2020_201309.nc,12.95432597398758,0,-1.4703879356384277
090003,"Chicligasta, Granero, Juan Bautista Alberdi, La Cocha, Monteros, Río Chico, Simoca",2013,GENERALES,2013-10-27,2013-09-01,SPEI12_genlogistic_global_era5_moda_ref1991to2020_201309.nc,98.30381870269775,18.01435649394989,-1.8442496061325073
034002,"Laishi, Pilagás, Pirané",2013,GENERALES,2013-10-27,2013-09-01,SPEI12_genlogistic_global_era5_moda_ref1991to2020_201309.nc,37.46076226234436,0,-1.424309253692627
038003,"Ledesma, Santa Bárbara",2013,GENERALES,2013-10-27,2013-09-01,SPEI12_genlogistic_global_era5_moda_ref1991to2020_201309.nc,100,100,-2.4948067665100098
030004,Uruguay,2013,GENERALES,2013-10-27,2013-09-01,SPEI12_genlogistic_global_era5_moda_ref1991to2020_201309.nc,0,0,-0.3897876441478729
038002,"El Carmen, San Antonio",2013,GENERALES,2013-10-27,2013-09-01,SPEI12_genlogistic_global_era5_moda_ref1991to2020_201309.nc,96.43239974975586,96.4288055896759,-2.3183095455169678
014010,Marcos Juárez,2013,GENERALES,2013-10-27,2013-09-01,SPEI12_genlogistic_global_era5_moda_ref1991to2020_201309.nc,0,0,-1.0778065919876099
014009,Unión,2013,GENERALES,2013-10-27,2013-09-01,SPEI12_genlogistic_global_era5_moda_ref1991to2020_201309.nc,0,0,-0.9387229681015015
042001,Capital,2013,GENERALES,2013-10-27,2013-09-01,SPEI12_genlogistic_global_era5_moda_ref1991to2020_201309.nc,0,0,-0.1300189197063446
014008,Río Segundo,2013,GENERALES,2013-10-27,2013-09-01,SPEI12_genlogistic_global_era5_moda_ref1991to2020_201309.nc,0,0,-1.056674838066101
082007,Las Colonias,2013,GENERALES,2013-10-27,2013-09-01,SPEI12_genlogistic_global_era5_moda_ref1991to2020_201309.nc,0,0,-0.488437294960022
006011,Luján,2013,GENERALES,2013-10-27,2013-09-01,SPEI12_genlogistic_global_era5_moda_ref1991to2020_201309.nc,22.640064358711243,22.640064358711243,-2.145639657974243
078002,Deseado,2013,GENERALES,2013-10-27,2013-09-01,SPEI12_genlogistic_global_era5_moda_ref1991to2020_201309.nc,0,0,0.3786134421825409
006010,Pergamino,2013,GENERALES,2013-10-27,2013-09-01,SPEI12_genlogistic_global_era5_moda_ref1991to2020_201309.nc,21.25394493341446,21.25394493341446,-2.3613836765289307
054002,Oberá,2013,GENERALES,2013-10-27,2013-09-01,SPEI12_genlogistic_global_era5_moda_ref1991to2020_201309.nc,0,0,-0.040868520736694336
006009,Olavarría,2013,GENERALES,2013-10-27,2013-09-01,SPEI12_genlogistic_global_era5_moda_ref1991to2020_201309.nc,0,0,0.025172827765345573
070002,Capital,2013,GENERALES,2013-10-27,2013-09-01,SPEI12_genlogistic_global_era5_moda_ref1991to2020_201309.nc,100,0,-1.623738169670105
014007,Tercero Arriba,2013,GENERALES,2013-10-27,2013-09-01,SPEI12_genlogistic_global_era5_moda_ref1991to2020_201309.nc,0,0,-1.0784093141555786
030003,"Gualeguaychú, Islas del Ibicuy",2013,GENERALES,2013-10-27,2013-09-01,SPEI12_genlogistic_global_era5_moda_ref1991to2020_201309.nc,0,0,-0.29822012782096863
050008,Capital,2013,GENERALES,2013-10-27,2013-09-01,SPEI12_genlogistic_global_era5_moda_ref1991to2020_201309.nc,0,0,-0.9104167819023132
006008,Zárate,2013,GENERALES,2013-10-27,2013-09-01,SPEI12_genlogistic_global_era5_moda_ref1991to2020_201309.nc,0,0,-0.4505455195903778
078001,Guer Aike,2013,GENERALES,2013-10-27,2013-09-01,SPEI12_genlogistic_global_era5_moda_ref1991to2020_201309.nc,0,0,-0.25361302495002747
070001,Rawson,2013,GENERALES,2013-10-27,2013-09-01,SPEI12_genlogistic_global_era5_moda_ref1991to2020_201309.nc,27.623340487480164,0,-1.4570095539093018
050007,Luján de Cuyo,2013,GENERALES,2013-10-27,2013-09-01,SPEI12_genlogistic_global_era5_moda_ref1991to2020_201309.nc,0,0,-0.15344564616680145
050006,San Martín,2013,GENERALES,2013-10-27,2013-09-01,SPEI12_genlogistic_global_era5_moda_ref1991to2020_201309.nc,36.85370087623596,0,-1.4354262351989746
006007,Tandil,2013,GENERALES,2013-10-27,2013-09-01,SPEI12_genlogistic_global_era5_moda_ref1991to2020_201309.nc,0,0,-0.5835151076316833
014006,General San Martín,2013,GENERALES,2013-10-27,2013-09-01,SPEI12_genlogistic_global_era5_moda_ref1991to2020_201309.nc,0,0,-0.8805918097496033
062002,Bariloche,2013,GENERALES,2013-10-27,2013-09-01,SPEI12_genlogistic_global_era5_moda_ref1991to2020_201309.nc,7.185924798250198,7.185924798250198,0.3759562075138092
026002,Rawson,2013,GENERALES,2013-10-27,2013-09-01,SPEI12_genlogistic_global_era5_moda_ref1991to2020_201309.nc,0,0,0.8598887920379639
074002,"General Pedernera, Gobernador Dupuy",2013,GENERALES,2013-10-27,2013-09-01,SPEI12_genlogistic_global_era5_moda_ref1991to2020_201309.nc,0,0,-0.8904269933700562
086002,Banda,2013,GENERALES,2013-10-27,2013-09-01,SPEI12_genlogistic_global_era5_moda_ref1991to2020_201309.nc,100,33.834582567214966,-1.9831037521362305
006006,San Nicolás,2013,GENERALES,2013-10-27,2013-09-01,SPEI12_genlogistic_global_era5_moda_ref1991to2020_201309.nc,0,0,-0.6218681931495667
066003,"Iruya, Orán, Santa Victoria",2013,GENERALES,2013-10-27,2013-09-01,SPEI12_genlogistic_global_era5_moda_ref1991to2020_201309.nc,98.33050966262817,84.91938710212708,-2.298083543777466
082006,San Lorenzo,2013,GENERALES,2013-10-27,2013-09-01,SPEI12_genlogistic_global_era5_moda_ref1991to2020_201309.nc,0,0,-0.8281711339950562
066002,General Jose de San Martín,2013,GENERALES,2013-10-27,2013-09-01,SPEI12_genlogistic_global_era5_moda_ref1991to2020_201309.nc,100,100,-2.3984992504119873
010001,Capital,2013,GENERALES,2013-10-27,2013-09-01,SPEI12_genlogistic_global_era5_moda_ref1991to2020_201309.nc,100,93.85676383972168,-2.202942132949829
006092,San Fernando,2013,GENERALES,2013-10-27,2013-09-01,SPEI12_genlogistic_global_era5_moda_ref1991to2020_201309.nc,0,0,-0.08920689672231674
014005,Punilla,2013,GENERALES,2013-10-27,2013-09-01,SPEI12_genlogistic_global_era5_moda_ref1991to2020_201309.nc,39.27953541278839,0,-1.4990339279174805
050005,Maipú,2013,GENERALES,2013-10-27,2013-09-01,SPEI12_genlogistic_global_era5_moda_ref1991to2020_201309.nc,0,0,-0.9675270318984985
082005,General Obligado,2013,GENERALES,2013-10-27,2013-09-01,SPEI12_genlogistic_global_era5_moda_ref1991to2020_201309.nc,0,0,-0.3765740990638733
082004,Castellanos,2013,GENERALES,2013-10-27,2013-09-01,SPEI12_genlogistic_global_era5_moda_ref1991to2020_201309.nc,0,0,-0.4268382489681244
046001,Capital,2013,GENERALES,2013-10-27,2013-09-01,SPEI12_genlogistic_global_era5_moda_ref1991to2020_201309.nc,100,70.25706768035889,-2.050616979598999
090002,Cruz Alta,2013,GENERALES,2013-10-27,2013-09-01,SPEI12_genlogistic_global_era5_moda_ref1991to2020_201309.nc,100,31.09915852546692,-1.9209964275360107
030002,"Colón, Concordia, Federal, Feliciano, San Salvador, Villaguay",2013,GENERALES,2013-10-27,2013-09-01,SPEI12_genlogistic_global_era5_moda_ref1991to2020_201309.nc,0,0,-0.43978312611579895
050004,San Rafael,2013,GENERALES,2013-10-27,2013-09-01,SPEI12_genlogistic_global_era5_moda_ref1991to2020_201309.nc,0,0,-0.2674231231212616
026001,Escalante,2013,GENERALES,2013-10-27,2013-09-01,SPEI12_genlogistic_global_era5_moda_ref1991to2020_201309.nc,0,0,0.7592883110046387
082003,General López,2013,GENERALES,2013-10-27,2013-09-01,SPEI12_genlogistic_global_era5_moda_ref1991to2020_201309.nc,0,0,-1.1852723360061646
050003,Godoy Cruz,2013,GENERALES,2013-10-27,2013-09-01,SPEI12_genlogistic_global_era5_moda_ref1991to2020_201309.nc,0,0,-0.9762683510780334
074001,La Capital,2013,GENERALES,2013-10-27,2013-09-01,SPEI12_genlogistic_global_era5_moda_ref1991to2020_201309.nc,10.532410442829132,0.04295490216463804,-1.2719560861587524
014004,San Justo,2013,GENERALES,2013-10-27,2013-09-01,SPEI12_genlogistic_global_era5_moda_ref1991to2020_201309.nc,0,0,-0.7676383256912231
050002,Las Heras,2013,GENERALES,2013-10-27,2013-09-01,SPEI12_genlogistic_global_era5_moda_ref1991to2020_201309.nc,0,0,-0.4139549732208252
006005,Escobar,2013,GENERALES,2013-10-27,2013-09-01,SPEI12_genlogistic_global_era5_moda_ref1991to2020_201309.nc,0,0,-0.15918095409870148
014003,Colón,2013,GENERALES,2013-10-27,2013-09-01,SPEI12_genlogistic_global_era5_moda_ref1991to2020_201309.nc,25.590717792510986,0,-1.385851263999939
034001,Formosa,2013,GENERALES,2013-10-27,2013-09-01,SPEI12_genlogistic_global_era5_moda_ref1991to2020_201309.nc,28.64830493927002,0,-1.4400651454925537
014002,Río Cuarto,2013,GENERALES,2013-10-27,2013-09-01,SPEI12_genlogistic_global_era5_moda_ref1991to2020_201309.nc,0,0,-0.9634297490119934
038001,"Dr. Manuel Belgrano, Palpalá",2013,GENERALES,2013-10-27,2013-09-01,SPEI12_genlogistic_global_era5_moda_ref1991to2020_201309.nc,86.70311570167542,86.70311570167542,-2.196646213531494
086001,Capital,2013,GENERALES,2013-10-27,2013-09-01,SPEI12_genlogistic_global_era5_moda_ref1991to2020_201309.nc,100,0,-1.849353551864624
006091,Vicente López,2013,GENERALES,2013-10-27,2013-09-01,SPEI12_genlogistic_global_era5_moda_ref1991to2020_201309.nc,0,0,0.24115434288978577
050001,Guaymallén,2013,GENERALES,2013-10-27,2013-09-01,SPEI12_genlogistic_global_era5_moda_ref1991to2020_201309.nc,0,0,-0.757538914680481
006090,San Isidro,2013,GENERALES,2013-10-27,2013-09-01,SPEI12_genlogistic_global_era5_moda_ref1991to2020_201309.nc,0,0,0.24115434288978577
006004,Bahía Blanca,2013,GENERALES,2013-10-27,2013-09-01,SPEI12_genlogistic_global_era5_moda_ref1991to2020_201309.nc,0,0,-0.4455870985984802
006003,Pilar,2013,GENERALES,2013-10-27,2013-09-01,SPEI12_genlogistic_global_era5_moda_ref1991to2020_201309.nc,0,0,-0.12459740042686462
006089,"Esteban Echeverría, Ezeiza",2013,GENERALES,2013-10-27,2013-09-01,SPEI12_genlogistic_global_era5_moda_ref1991to2020_201309.nc,0,0,0.035284534096717834
062001,General Roca,2013,GENERALES,2013-10-27,2013-09-01,SPEI12_genlogistic_global_era5_moda_ref1991to2020_201309.nc,0,0,0.511313796043396
006088,"Hurlingham, Ituzaingo, Morón",2013,GENERALES,2013-10-27,2013-09-01,SPEI12_genlogistic_global_era5_moda_ref1991to2020_201309.nc,0,0,0.013718120753765106
054001,"Capital, Leandro N. Alem",2013,GENERALES,2013-10-27,2013-09-01,SPEI12_genlogistic_global_era5_moda_ref1991to2020_201309.nc,0,0,-0.09513117372989655
006087,Berazategui,2013,GENERALES,2013-10-27,2013-09-01,SPEI12_genlogistic_global_era5_moda_ref1991to2020_201309.nc,0,0,0.3075234889984131
006086,"General Sarmiento, Jose C. Paz, Malvinas Argentinas, San Miguel",2013,GENERALES,2013-10-27,2013-09-01,SPEI12_genlogistic_global_era5_moda_ref1991to2020_201309.nc,0,0,-0.003627186408266425
030001,Parana,2013,GENERALES,2013-10-27,2013-09-01,SPEI12_genlogistic_global_era5_moda_ref1991to2020_201309.nc,0,0,-0.23202283680438995
006085,Tres de Febrero,2013,GENERALES,2013-10-27,2013-09-01,SPEI12_genlogistic_global_era5_moda_ref1991to2020_201309.nc,0,0,0.20061635971069336
006084,Avellaneda,2013,GENERALES,2013-10-27,2013-09-01,SPEI12_genlogistic_global_era5_moda_ref1991to2020_201309.nc,0,0,0.2646811604499817
018001,Capital,2013,GENERALES,2013-10-27,2013-09-01,SPEI12_genlogistic_global_era5_moda_ref1991to2020_201309.nc,0,0,-0.3367563486099243
058001,Confluencia,2013,GENERALES,2013-10-27,2013-09-01,SPEI12_genlogistic_global_era5_moda_ref1991to2020_201309.nc,0,0,0.30868178606033325
006083,Tigre,2013,GENERALES,2013-10-27,2013-09-01,SPEI12_genlogistic_global_era5_moda_ref1991to2020_201309.nc,0,0,0.031365200877189636
022001,San Fernando,2013,GENERALES,2013-10-27,2013-09-01,SPEI12_genlogistic_global_era5_moda_ref1991to2020_201309.nc,0,0,-0.5697752833366394
006082,General San Martín,2013,GENERALES,2013-10-27,2013-09-01,SPEI12_genlogistic_global_era5_moda_ref1991to2020_201309.nc,0,0,0.24115434288978577
006081,Florencio Varela,2013,GENERALES,2013-10-27,2013-09-01,SPEI12_genlogistic_global_era5_moda_ref1991to2020_201309.nc,0,0,0.2140473872423172
006080,Moreno,2013,GENERALES,2013-10-27,2013-09-01,SPEI12_genlogistic_global_era5_moda_ref1991to2020_201309.nc,0,0,-0.030613645911216736
006079,Lanus,2013,GENERALES,2013-10-27,2013-09-01,SPEI12_genlogistic_global_era5_moda_ref1991to2020_201309.nc,0,0,0.13725030422210693
082002,La Capital,2013,GENERALES,2013-10-27,2013-09-01,SPEI12_genlogistic_global_era5_moda_ref1991to2020_201309.nc,0,0,-0.36376821994781494
066001,Capital,2013,GENERALES,2013-10-27,2013-09-01,SPEI12_genlogistic_global_era5_moda_ref1991to2020_201309.nc,100,100,-2.3911728858947754
006078,Merlo,2013,GENERALES,2013-10-27,2013-09-01,SPEI12_genlogistic_global_era5_moda_ref1991to2020_201309.nc,0,0,-0.056459877640008926
006077,Almirante Brown,2013,GENERALES,2013-10-27,2013-09-01,SPEI12_genlogistic_global_era5_moda_ref1991to2020_201309.nc,0,0,0.18542613089084625
006076,Quilmes,2013,GENERALES,2013-10-27,2013-09-01,SPEI12_genlogistic_global_era5_moda_ref1991to2020_201309.nc,0,0,0.28620582818984985
006002,General Pueyrredón,2013,GENERALES,2013-10-27,2013-09-01,SPEI12_genlogistic_global_era5_moda_ref1991to2020_201309.nc,0,0,0.2528706192970276
006075,Lomas de Zamora,2013,GENERALES,2013-10-27,2013-09-01,SPEI12_genlogistic_global_era5_moda_ref1991to2020_201309.nc,0,0,0.10617446154356003
006001,La Plata,2013,GENERALES,2013-10-27,2013-09-01,SPEI12_genlogistic_global_era5_moda_ref1991to2020_201309.nc,0,0,0.28855079412460327
002001,City of Buenos Aires,2013,GENERALES,2013-10-27,2013-09-01,SPEI12_genlogistic_global_era5_moda_ref1991to2020_201309.nc,0,0,0.1792868822813034
090001,"Famaillá, Lules, Capital, Tafí del Valle, Tafí Viajo, Trancas, Yerba Buena",2013,GENERALES,2013-10-27,2013-09-01,SPEI12_genlogistic_global_era5_moda_ref1991to2020_201309.nc,92.06565618515015,54.806649684906006,-2.01566219329834
082001,Rosario,2013,GENERALES,2013-10-27,2013-09-01,SPEI12_genlogistic_global_era5_moda_ref1991to2020_201309.nc,0,0,-0.7407635450363159
014001,Capital,2013,GENERALES,2013-10-27,2013-09-01,SPEI12_genlogistic_global_era5_moda_ref1991to2020_201309.nc,0,0,-1.2482669353485107
006074,La Matanza,2013,GENERALES,2013-10-27,2013-09-01,SPEI12_genlogistic_global_era5_moda_ref1991to2020_201309.nc,0,0,0.007203283719718456
094002,Ushuaia,2013,GENERALES,2013-10-27,2013-09-01,SPEI12_genlogistic_global_era5_moda_ref1991to2020_201309.nc,0,0,0.2518016993999481
006072,Saavedra,2015,PASO,2015-08-09,2015-07-01,SPEI12_genlogistic_global_era5_moda_ref1991to2020_201507.nc,0,0,-0.36378616094589233
006073,"Castelli, Maipú, Tordillo",2015,PASO,2015-08-09,2015-07-01,SPEI12_genlogistic_global_era5_moda_ref1991to2020_201507.nc,0,0,-0.62461256980896
066013,Chicoana,2015,PASO,2015-08-09,2015-07-01,SPEI12_genlogistic_global_era5_moda_ref1991to2020_201507.nc,0,0,-0.7018731236457825
018016,"General Alvear, San Martín",2015,PASO,2015-08-09,2015-07-01,SPEI12_genlogistic_global_era5_moda_ref1991to2020_201507.nc,0,0,0.09611861407756805
006071,"General La Madrid, Laprida",2015,PASO,2015-08-09,2015-07-01,SPEI12_genlogistic_global_era5_moda_ref1991to2020_201507.nc,0,0,-1.1100451946258545
070012,"9 de Julio, San Martín",2015,PASO,2015-08-09,2015-07-01,SPEI12_genlogistic_global_era5_moda_ref1991to2020_201507.nc,0,0,-0.7919818758964539
006070,Monte,2015,PASO,2015-08-09,2015-07-01,SPEI12_genlogistic_global_era5_moda_ref1991to2020_201507.nc,0,0,-0.8249898552894592
006069,Mar Chiquita,2015,PASO,2015-08-09,2015-07-01,SPEI12_genlogistic_global_era5_moda_ref1991to2020_201507.nc,0,0,-1.0650800466537476
062007,"Conesa, Pichi Mahuida",2015,PASO,2015-08-09,2015-07-01,SPEI12_genlogistic_global_era5_moda_ref1991to2020_201507.nc,0,0,0.5280781984329224
046006,"Chamical, General Belgrano",2015,PASO,2015-08-09,2015-07-01,SPEI12_genlogistic_global_era5_moda_ref1991to2020_201507.nc,0,0,-0.5269928574562073
078004,"Lago Buenos Aires, Magallanes, Río Chico",2015,PASO,2015-08-09,2015-07-01,SPEI12_genlogistic_global_era5_moda_ref1991to2020_201507.nc,0,0,0.5957084894180298
082019,Garay,2015,PASO,2015-08-09,2015-07-01,SPEI12_genlogistic_global_era5_moda_ref1991to2020_201507.nc,0,0,0.2668716311454773
086015,Avellaneda,2015,PASO,2015-08-09,2015-07-01,SPEI12_genlogistic_global_era5_moda_ref1991to2020_201507.nc,0,0,0.29215848445892334
066012,"Cafayate, La Vina",2015,PASO,2015-08-09,2015-07-01,SPEI12_genlogistic_global_era5_moda_ref1991to2020_201507.nc,0,0,-0.5835700631141663
074005,Chacabuco,2015,PASO,2015-08-09,2015-07-01,SPEI12_genlogistic_global_era5_moda_ref1991to2020_201507.nc,0,0,-0.19800880551338196
042007,"Hucal, Utracán",2015,PASO,2015-08-09,2015-07-01,SPEI12_genlogistic_global_era5_moda_ref1991to2020_201507.nc,0,0,-0.3515036106109619
070011,Sarmiento,2015,PASO,2015-08-09,2015-07-01,SPEI12_genlogistic_global_era5_moda_ref1991to2020_201507.nc,0,0,-0.2269301414489746
006068,Carlos Casares,2015,PASO,2015-08-09,2015-07-01,SPEI12_genlogistic_global_era5_moda_ref1991to2020_201507.nc,0,0,-1.128010869026184
026006,"Cushamen, Languiñeo",2015,PASO,2015-08-09,2015-07-01,SPEI12_genlogistic_global_era5_moda_ref1991to2020_201507.nc,0,0,-0.39625561237335205
018015,"Itatí, San Cosme",2015,PASO,2015-08-09,2015-07-01,SPEI12_genlogistic_global_era5_moda_ref1991to2020_201507.nc,0,0,0.009475165978074074
086014,"Figueroa, Sarmiento",2015,PASO,2015-08-09,2015-07-01,SPEI12_genlogistic_global_era5_moda_ref1991to2020_201507.nc,0,0,-0.191918283700943
006067,San Andrés de Giles,2015,PASO,2015-08-09,2015-07-01,SPEI12_genlogistic_global_era5_moda_ref1991to2020_201507.nc,0,0,-0.40362656116485596
010007,"Antofagasta de la Sierra, Tinogasta",2015,PASO,2015-08-09,2015-07-01,SPEI12_genlogistic_global_era5_moda_ref1991to2020_201507.nc,12.55018413066864,0,-0.6810246109962463
018014,Saladas,2015,PASO,2015-08-09,2015-07-01,SPEI12_genlogistic_global_era5_moda_ref1991to2020_201507.nc,0,0,-0.3082982301712036
046005,"Arauco, Castro Barros, San Blas de los Sauces",2015,PASO,2015-08-09,2015-07-01,SPEI12_genlogistic_global_era5_moda_ref1991to2020_201507.nc,0,0,-0.6815573573112488
006066,Rojas,2015,PASO,2015-08-09,2015-07-01,SPEI12_genlogistic_global_era5_moda_ref1991to2020_201507.nc,0,0,-0.41306954622268677
006065,"Carlos Tejedor, Florentino Ameghino, General Pinto",2015,PASO,2015-08-09,2015-07-01,SPEI12_genlogistic_global_era5_moda_ref1991to2020_201507.nc,0,0,-1.0431829690933228
086013,"Aguirre, Belgrano, Mitre, Rivadavia",2015,PASO,2015-08-09,2015-07-01,SPEI12_genlogistic_global_era5_moda_ref1991to2020_201507.nc,0,0,0.3357119560241699
070010,"Calingasta, Iglesia, Ullúm, Zonda",2015,PASO,2015-08-09,2015-07-01,SPEI12_genlogistic_global_era5_moda_ref1991to2020_201507.nc,49.771130084991455,28.253018856048584,-1.3036118745803833
086012,"Ojo de Agua, Quebrachos",2015,PASO,2015-08-09,2015-07-01,SPEI12_genlogistic_global_era5_moda_ref1991to2020_201507.nc,0,0,-0.03904631361365318
070009,Albardón,2015,PASO,2015-08-09,2015-07-01,SPEI12_genlogistic_global_era5_moda_ref1991to2020_201507.nc,0,0,-0.7906879782676697
022015,Maipú,2015,PASO,2015-08-09,2015-07-01,SPEI12_genlogistic_global_era5_moda_ref1991to2020_201507.nc,0,0,-0.3620131015777588
006064,Las Flores,2015,PASO,2015-08-09,2015-07-01,SPEI12_genlogistic_global_era5_moda_ref1991to2020_201507.nc,0,0,-0.8577935099601746
006063,Colón,2015,PASO,2015-08-09,2015-07-01,SPEI12_genlogistic_global_era5_moda_ref1991to2020_201507.nc,0,0,-0.21364766359329224
022014,Bermejo,2015,PASO,2015-08-09,2015-07-01,SPEI12_genlogistic_global_era5_moda_ref1991to2020_201507.nc,0,0,-0.19103875756263733
006062,"Adolfo Alsina, Salliqueló",2015,PASO,2015-08-09,2015-07-01,SPEI12_genlogistic_global_era5_moda_ref1991to2020_201507.nc,0,0,-0.7621930241584778
030011,Tala,2015,PASO,2015-08-09,2015-07-01,SPEI12_genlogistic_global_era5_moda_ref1991to2020_201507.nc,0,0,-0.12942901253700256
042006,"Caleu-Caleu, Cura-Co, Chalileo, Chical-Có, Lihuel Calel, Limay Mahuida, Leventué, Puelén",2015,PASO,2015-08-09,2015-07-01,SPEI12_genlogistic_global_era5_moda_ref1991to2020_201507.nc,0,0,0.010304613038897514
050017,"La Paz, Santa Rosa",2015,PASO,2015-08-09,2015-07-01,SPEI12_genlogistic_global_era5_moda_ref1991to2020_201507.nc,0,0,-0.30565908551216125
066011,"Cachí, La Poma, Los Andes, Molinos, San Carlos",2015,PASO,2015-08-09,2015-07-01,SPEI12_genlogistic_global_era5_moda_ref1991to2020_201507.nc,2.683831937611103,0,-0.30741333961486816
006061,Brandsen,2015,PASO,2015-08-09,2015-07-01,SPEI12_genlogistic_global_era5_moda_ref1991to2020_201507.nc,0,0,-0.5625582933425903
046004,"General Ocampo, General San Martín, Rosario Vera Peñaloza",2015,PASO,2015-08-09,2015-07-01,SPEI12_genlogistic_global_era5_moda_ref1991to2020_201507.nc,0,0,-0.38271644711494446
006060,"Daireaux, Hipólito Yrigoyen",2015,PASO,2015-08-09,2015-07-01,SPEI12_genlogistic_global_era5_moda_ref1991to2020_201507.nc,21.11678272485733,0,-1.4487481117248535
006059,Dolores,2015,PASO,2015-08-09,2015-07-01,SPEI12_genlogistic_global_era5_moda_ref1991to2020_201507.nc,0,0,-0.6664260029792786
070008,"Jachal, Valle Fértil",2015,PASO,2015-08-09,2015-07-01,SPEI12_genlogistic_global_era5_moda_ref1991to2020_201507.nc,0,0,-0.5789086818695068
078003,"Corpen Aike, Lago Argentino",2015,PASO,2015-08-09,2015-07-01,SPEI12_genlogistic_global_era5_moda_ref1991to2020_201507.nc,0,0,0.579540491104126
054015,Candelaria,2015,PASO,2015-08-09,2015-07-01,SPEI12_genlogistic_global_era5_moda_ref1991to2020_201507.nc,0,0,0.7644404768943787
054014,25 de Mayo,2015,PASO,2015-08-09,2015-07-01,SPEI12_genlogistic_global_era5_moda_ref1991to2020_201507.nc,0,0,0.8700374960899353
042005,"Chapaleufú, Realicó",2015,PASO,2015-08-09,2015-07-01,SPEI12_genlogistic_global_era5_moda_ref1991to2020_201507.nc,0,0,-1.2196112871170044
074004,Junín,2015,PASO,2015-08-09,2015-07-01,SPEI12_genlogistic_global_era5_moda_ref1991to2020_201507.nc,0,0,-0.09388535469770432
050016,Malargue,2015,PASO,2015-08-09,2015-07-01,SPEI12_genlogistic_global_era5_moda_ref1991to2020_201507.nc,3.0757157132029533,0,-0.6416646242141724
066010,Rivadavia,2015,PASO,2015-08-09,2015-07-01,SPEI12_genlogistic_global_era5_moda_ref1991to2020_201507.nc,0,0,-0.2592598497867584
018013,Lavalle,2015,PASO,2015-08-09,2015-07-01,SPEI12_genlogistic_global_era5_moda_ref1991to2020_201507.nc,0,0,-0.43613889813423157
006058,"General Belgrano, General Paz",2015,PASO,2015-08-09,2015-07-01,SPEI12_genlogistic_global_era5_moda_ref1991to2020_201507.nc,0,0,-0.6906738877296448
086011,"Loreto, Silipica",2015,PASO,2015-08-09,2015-07-01,SPEI12_genlogistic_global_era5_moda_ref1991to2020_201507.nc,0,0,-0.11618600785732269
010006,"Ancasti, El Alto, La Paz",2015,PASO,2015-08-09,2015-07-01,SPEI12_genlogistic_global_era5_moda_ref1991to2020_201507.nc,0,0,-0.47491633892059326
034005,"Matacos, Ramón Lista",2015,PASO,2015-08-09,2015-07-01,SPEI12_genlogistic_global_era5_moda_ref1991to2020_201507.nc,0,0,-0.7783271074295044
006057,Exaltación de la Cruz,2015,PASO,2015-08-09,2015-07-01,SPEI12_genlogistic_global_era5_moda_ref1991to2020_201507.nc,0,0,-0.6065563559532166
006056,Arrecifes,2015,PASO,2015-08-09,2015-07-01,SPEI12_genlogistic_global_era5_moda_ref1991to2020_201507.nc,0,0,-0.3539276719093323
082018,9 de Julio,2015,PASO,2015-08-09,2015-07-01,SPEI12_genlogistic_global_era5_moda_ref1991to2020_201507.nc,0,0,0.197407066822052
062006,San Antonio,2015,PASO,2015-08-09,2015-07-01,SPEI12_genlogistic_global_era5_moda_ref1991to2020_201507.nc,0,0,0.19698472321033478
006055,Patagones,2015,PASO,2015-08-09,2015-07-01,SPEI12_genlogistic_global_era5_moda_ref1991to2020_201507.nc,0,0,0.7527374625205994
086010,Copo,2015,PASO,2015-08-09,2015-07-01,SPEI12_genlogistic_global_era5_moda_ref1991to2020_201507.nc,0,0,-0.5160536766052246
014021,"Río Seco, Sobremonte, Tulumba",2015,PASO,2015-08-09,2015-07-01,SPEI12_genlogistic_global_era5_moda_ref1991to2020_201507.nc,3.5298150032758713,3.5298150032758713,-0.37178370356559753
054013,San Pedro,2015,PASO,2015-08-09,2015-07-01,SPEI12_genlogistic_global_era5_moda_ref1991to2020_201507.nc,0,0,0.800510048866272
006054,"General Juan Madariaga, Pinamar, Villa Gesell",2015,PASO,2015-08-09,2015-07-01,SPEI12_genlogistic_global_era5_moda_ref1991to2020_201507.nc,0,0,-0.7079134583473206
018012,Esquina,2015,PASO,2015-08-09,2015-07-01,SPEI12_genlogistic_global_era5_moda_ref1991to2020_201507.nc,0,0,-0.11703155189752579
022013,Chacabuco,2015,PASO,2015-08-09,2015-07-01,SPEI12_genlogistic_global_era5_moda_ref1991to2020_201507.nc,0,0,-0.7731173038482666
006053,General Villegas,2015,PASO,2015-08-09,2015-07-01,SPEI12_genlogistic_global_era5_moda_ref1991to2020_201507.nc,0,0,-1.1109375953674316
038006,"Humahuaca, Tilcara, Valle Grande",2015,PASO,2015-08-09,2015-07-01,SPEI12_genlogistic_global_era5_moda_ref1991to2020_201507.nc,0,0,-0.47361132502555847
006052,"General Arenales, Leandro N. Alem",2015,PASO,2015-08-09,2015-07-01,SPEI12_genlogistic_global_era5_moda_ref1991to2020_201507.nc,0,0,-0.49359458684921265
086009,"Atamisqui, Salavina, San Martín",2015,PASO,2015-08-09,2015-07-01,SPEI12_genlogistic_global_era5_moda_ref1991to2020_201507.nc,0,0,0.06690042465925217
046003,"Coronel Felipe Varela, Famatina, General Angel V. Peñaloza, General Juan F. Quiroga, General Lamadrid, Vinchina, Independencia, Sanagasta",2015,PASO,2015-08-09,2015-07-01,SPEI12_genlogistic_global_era5_moda_ref1991to2020_201507.nc,24.025297164916992,1.47957568988204,-0.9368081092834473
054012,"Concepción, San Javier",2015,PASO,2015-08-09,2015-07-01,SPEI12_genlogistic_global_era5_moda_ref1991to2020_201507.nc,0,0,0.9854563474655151
082017,San Javier,2015,PASO,2015-08-09,2015-07-01,SPEI12_genlogistic_global_era5_moda_ref1991to2020_201507.nc,0,0,0.07705572992563248
006051,Baradero,2015,PASO,2015-08-09,2015-07-01,SPEI12_genlogistic_global_era5_moda_ref1991to2020_201507.nc,0,0,-0.33360543847084045
006050,Saladillo,2015,PASO,2015-08-09,2015-07-01,SPEI12_genlogistic_global_era5_moda_ref1991to2020_201507.nc,0,0,-0.9504879713058472
050015,Tupungato,2015,PASO,2015-08-09,2015-07-01,SPEI12_genlogistic_global_era5_moda_ref1991to2020_201507.nc,6.231808289885521,0,0.07414012402296066
050014,San Carlos,2015,PASO,2015-08-09,2015-07-01,SPEI12_genlogistic_global_era5_moda_ref1991to2020_201507.nc,10.962312668561935,0,-0.8258026838302612
006049,Salto,2015,PASO,2015-08-09,2015-07-01,SPEI12_genlogistic_global_era5_moda_ref1991to2020_201507.nc,0,0,-0.45238080620765686
006048,Ramallo,2015,PASO,2015-08-09,2015-07-01,SPEI12_genlogistic_global_era5_moda_ref1991to2020_201507.nc,0,0,-0.47406333684921265
022012,"12 de Octubre, 2 de Abril, Fray Justo Sta. María de Oro",2015,PASO,2015-08-09,2015-07-01,SPEI12_genlogistic_global_era5_moda_ref1991to2020_201507.nc,0,0,-0.3752238154411316
022011,Quitilipi,2015,PASO,2015-08-09,2015-07-01,SPEI12_genlogistic_global_era5_moda_ref1991to2020_201507.nc,0,0,-0.6206989884376526
022010,Almirante Brown,2015,PASO,2015-08-09,2015-07-01,SPEI12_genlogistic_global_era5_moda_ref1991to2020_201507.nc,0,0,-0.6048058271408081
022009,"General Belgrano, Independencia",2015,PASO,2015-08-09,2015-07-01,SPEI12_genlogistic_global_era5_moda_ref1991to2020_201507.nc,0,0,-0.740450918674469
042004,"Atreucó, Catriló, Guatrache, Quemú-Quemú",2015,PASO,2015-08-09,2015-07-01,SPEI12_genlogistic_global_era5_moda_ref1991to2020_201507.nc,0,0,-0.8347488045692444
062005,Avellaneda,2015,PASO,2015-08-09,2015-07-01,SPEI12_genlogistic_global_era5_moda_ref1991to2020_201507.nc,0,0,0.07120593637228012
030010,Victoria,2015,PASO,2015-08-09,2015-07-01,SPEI12_genlogistic_global_era5_moda_ref1991to2020_201507.nc,0,0,0.03116525150835514
066009,Cerrillos,2015,PASO,2015-08-09,2015-07-01,SPEI12_genlogistic_global_era5_moda_ref1991to2020_201507.nc,0,0,-0.4424561560153961
010005,"Ambato, Capayán, Paclín, Santa Rosa",2015,PASO,2015-08-09,2015-07-01,SPEI12_genlogistic_global_era5_moda_ref1991to2020_201507.nc,0,0,-0.34363624453544617
086008,"Jiménez, Pellegrini",2015,PASO,2015-08-09,2015-07-01,SPEI12_genlogistic_global_era5_moda_ref1991to2020_201507.nc,0,0,-0.18477864563465118
014020,General Roca,2015,PASO,2015-08-09,2015-07-01,SPEI12_genlogistic_global_era5_moda_ref1991to2020_201507.nc,0,0,-0.7786451578140259
014019,San Alberto,2015,PASO,2015-08-09,2015-07-01,SPEI12_genlogistic_global_era5_moda_ref1991to2020_201507.nc,0,0,-0.49189674854278564
054011,Montecarlo,2015,PASO,2015-08-09,2015-07-01,SPEI12_genlogistic_global_era5_moda_ref1991to2020_201507.nc,0,0,0.9914302825927734
014018,Presidente Roque Saénz Peña,2015,PASO,2015-08-09,2015-07-01,SPEI12_genlogistic_global_era5_moda_ref1991to2020_201507.nc,0,0,-0.7092181444168091
050013,Lavalle,2015,PASO,2015-08-09,2015-07-01,SPEI12_genlogistic_global_era5_moda_ref1991to2020_201507.nc,0,0,-0.1835656613111496
006047,"Capitán Sarmiento, San Antonio de Areco",2015,PASO,2015-08-09,2015-07-01,SPEI12_genlogistic_global_era5_moda_ref1991to2020_201507.nc,0,0,-0.33216676115989685
018011,Monte Caseros,2015,PASO,2015-08-09,2015-07-01,SPEI12_genlogistic_global_era5_moda_ref1991to2020_201507.nc,0,0,-0.4993971586227417
010004,"Belén, Pomán",2015,PASO,2015-08-09,2015-07-01,SPEI12_genlogistic_global_era5_moda_ref1991to2020_201507.nc,3.6757100373506546,3.6757100373506546,-1.0059911012649536
058005,Zapala,2015,PASO,2015-08-09,2015-07-01,SPEI12_genlogistic_global_era5_moda_ref1991to2020_201507.nc,0,0,-0.2071838080883026
006046,"Guaminí, Pellegrini, Rivadavia, Tres Lomas",2015,PASO,2015-08-09,2015-07-01,SPEI12_genlogistic_global_era5_moda_ref1991to2020_201507.nc,15.229138731956482,0,-1.2995479106903076
018010,Bella Vista,2015,PASO,2015-08-09,2015-07-01,SPEI12_genlogistic_global_era5_moda_ref1991to2020_201507.nc,0,0,-0.3776106536388397
006045,Coronel Suárez,2015,PASO,2015-08-09,2015-07-01,SPEI12_genlogistic_global_era5_moda_ref1991to2020_201507.nc,0,0,-0.7889489531517029
058004,"Chos Malal, Pehuenches",2015,PASO,2015-08-09,2015-07-01,SPEI12_genlogistic_global_era5_moda_ref1991to2020_201507.nc,0,0,-0.7428299188613892
090005,Burruyacú,2015,PASO,2015-08-09,2015-07-01,SPEI12_genlogistic_global_era5_moda_ref1991to2020_201507.nc,0,0,-0.11045904457569122
050012,Junín,2015,PASO,2015-08-09,2015-07-01,SPEI12_genlogistic_global_era5_moda_ref1991to2020_201507.nc,0,0,-0.18355312943458557
066008,"Guachipas, La Candelaria, Rosario de la Frontera",2015,PASO,2015-08-09,2015-07-01,SPEI12_genlogistic_global_era5_moda_ref1991to2020_201507.nc,0,0,-0.24364915490150452
006044,Pehuajó,2015,PASO,2015-08-09,2015-07-01,SPEI12_genlogistic_global_era5_moda_ref1991to2020_201507.nc,0,0,-1.3661320209503174
086007,General Taboada,2015,PASO,2015-08-09,2015-07-01,SPEI12_genlogistic_global_era5_moda_ref1991to2020_201507.nc,0,0,0.519926130771637
030009,Nogoyá,2015,PASO,2015-08-09,2015-07-01,SPEI12_genlogistic_global_era5_moda_ref1991to2020_201507.nc,0,0,-0.01549746748059988
026005,"Florentino Ameghino, Gaimán, Gastre, Mártires, Paso de los Indios, Río Senguer, Sarmiento, Tehuelches, Telsen",2015,PASO,2015-08-09,2015-07-01,SPEI12_genlogistic_global_era5_moda_ref1991to2020_201507.nc,6.345578283071518,0.07040031487122178,-0.9049016237258911
010003,"Fray Mamerto Esquiú, Valle Viejo",2015,PASO,2015-08-09,2015-07-01,SPEI12_genlogistic_global_era5_moda_ref1991to2020_201507.nc,0,0,-0.37842264771461487
066007,Metán,2015,PASO,2015-08-09,2015-07-01,SPEI12_genlogistic_global_era5_moda_ref1991to2020_201507.nc,0,0,-0.30140963196754456
006043,"Adolfo González Chaves, Benito Juárez, San Cayetano",2015,PASO,2015-08-09,2015-07-01,SPEI12_genlogistic_global_era5_moda_ref1991to2020_201507.nc,0,0,-0.7214676141738892
018009,Mercedes,2015,PASO,2015-08-09,2015-07-01,SPEI12_genlogistic_global_era5_moda_ref1991to2020_201507.nc,0,0,-0.4268542230129242
010002,"Andalgalá, Santa María",2015,PASO,2015-08-09,2015-07-01,SPEI12_genlogistic_global_era5_moda_ref1991to2020_201507.nc,0,0,-0.9770824909210205
018008,"Empedrado, Mburucuyá, San Luis del Palmar",2015,PASO,2015-08-09,2015-07-01,SPEI12_genlogistic_global_era5_moda_ref1991to2020_201507.nc,0,0,0.0060554626397788525
006042,Bragado,2015,PASO,2015-08-09,2015-07-01,SPEI12_genlogistic_global_era5_moda_ref1991to2020_201507.nc,0,0,-0.8903456926345825
006041,General Alvarado,2015,PASO,2015-08-09,2015-07-01,SPEI12_genlogistic_global_era5_moda_ref1991to2020_201507.nc,0,0,-1.1004756689071655
062004,"El Cuy, 9 de Julio, Ñorquincó, Pilcaniyeu, Valcheta, 25 de Mayo",2015,PASO,2015-08-09,2015-07-01,SPEI12_genlogistic_global_era5_moda_ref1991to2020_201507.nc,0,0,-0.4902935326099396
074003,"Ayacucho, Belgrano, Coronel Pringles, Libertador General San Martín",2015,PASO,2015-08-09,2015-07-01,SPEI12_genlogistic_global_era5_moda_ref1991to2020_201507.nc,0,0,0.05110301077365875
018007,"Ituzaingó, San Miguel",2015,PASO,2015-08-09,2015-07-01,SPEI12_genlogistic_global_era5_moda_ref1991to2020_201507.nc,0,0,0.5744521021842957
082016,San Justo,2015,PASO,2015-08-09,2015-07-01,SPEI12_genlogistic_global_era5_moda_ref1991to2020_201507.nc,0,0,0.16557595133781433
006040,"Carmen de Areco, Navarro, Suipacha",2015,PASO,2015-08-09,2015-07-01,SPEI12_genlogistic_global_era5_moda_ref1991to2020_201507.nc,0,0,-0.6109516620635986
006039,"Ayacucho, General Guido, Pila, Rauch",2015,PASO,2015-08-09,2015-07-01,SPEI12_genlogistic_global_era5_moda_ref1991to2020_201507.nc,0,0,-0.7641475200653076
042003,"Conhello, Rancul, Toay, Trenel",2015,PASO,2015-08-09,2015-07-01,SPEI12_genlogistic_global_era5_moda_ref1991to2020_201507.nc,0,0,-0.6719269752502441
086006,"Choya, Guasayan",2015,PASO,2015-08-09,2015-07-01,SPEI12_genlogistic_global_era5_moda_ref1991to2020_201507.nc,0,0,-0.11759041994810104
054010,General Manuel Belgrano,2015,PASO,2015-08-09,2015-07-01,SPEI12_genlogistic_global_era5_moda_ref1991to2020_201507.nc,0,0,0.8192341923713684
006038,Trenque Lauquen,2015,PASO,2015-08-09,2015-07-01,SPEI12_genlogistic_global_era5_moda_ref1991to2020_201507.nc,1.4540817588567734,0,-1.3993273973464966
026004,Futaleufú,2015,PASO,2015-08-09,2015-07-01,SPEI12_genlogistic_global_era5_moda_ref1991to2020_201507.nc,0,0,0.12311474978923798
054009,Apóstoles,2015,PASO,2015-08-09,2015-07-01,SPEI12_genlogistic_global_era5_moda_ref1991to2020_201507.nc,0,0,1.0861692428588867
022008,"General Donovan, Libertad, Presidencia de La Plaza, Tapenaga",2015,PASO,2015-08-09,2015-07-01,SPEI12_genlogistic_global_era5_moda_ref1991to2020_201507.nc,0,0,-0.5883398652076721
006037,"Puan, Villarino",2015,PASO,2015-08-09,2015-07-01,SPEI12_genlogistic_global_era5_moda_ref1991to2020_201507.nc,0,0,-0.1407897174358368
038005,"Cochinoca, Rinconada, Santa Catalina, Susques, Tumbaya, Yaví",2015,PASO,2015-08-09,2015-07-01,SPEI12_genlogistic_global_era5_moda_ref1991to2020_201507.nc,0,0,0.037963591516017914
086005,Robles,2015,PASO,2015-08-09,2015-07-01,SPEI12_genlogistic_global_era5_moda_ref1991to2020_201507.nc,0,0,-0.1563194990158081
030008,Diamante,2015,PASO,2015-08-09,2015-07-01,SPEI12_genlogistic_global_era5_moda_ref1991to2020_201507.nc,0,0,-0.17967067658901215
082015,Belgrano,2015,PASO,2015-08-09,2015-07-01,SPEI12_genlogistic_global_era5_moda_ref1991to2020_201507.nc,0,0,-0.13570183515548706
050011,General Alvear,2015,PASO,2015-08-09,2015-07-01,SPEI12_genlogistic_global_era5_moda_ref1991to2020_201507.nc,0,0,-0.288387268781662
014017,Río Primero,2015,PASO,2015-08-09,2015-07-01,SPEI12_genlogistic_global_era5_moda_ref1991to2020_201507.nc,0,0,-0.02235419861972332
006036,9 de Julio,2015,PASO,2015-08-09,2015-07-01,SPEI12_genlogistic_global_era5_moda_ref1991to2020_201507.nc,0,0,-1.0748740434646606
066006,General Güemes,2015,PASO,2015-08-09,2015-07-01,SPEI12_genlogistic_global_era5_moda_ref1991to2020_201507.nc,0,0,-0.27602943778038025
066005,"La Caldera, Rosario de Lerma",2015,PASO,2015-08-09,2015-07-01,SPEI12_genlogistic_global_era5_moda_ref1991to2020_201507.nc,0.16423012129962444,0,-0.7870350480079651
054008,Libertador General San Martín,2015,PASO,2015-08-09,2015-07-01,SPEI12_genlogistic_global_era5_moda_ref1991to2020_201507.nc,0,0,0.9732393622398376
070007,Santa Lucía,2015,PASO,2015-08-09,2015-07-01,SPEI12_genlogistic_global_era5_moda_ref1991to2020_201507.nc,0,0,-0.6546545028686523
018006,Paso de los Libres,2015,PASO,2015-08-09,2015-07-01,SPEI12_genlogistic_global_era5_moda_ref1991to2020_201507.nc,0,0,-0.3281358778476715
022007,"9 de Julio, O'Higgins",2015,PASO,2015-08-09,2015-07-01,SPEI12_genlogistic_global_era5_moda_ref1991to2020_201507.nc,0,0,-0.8493140935897827
006035,Chacabuco,2015,PASO,2015-08-09,2015-07-01,SPEI12_genlogistic_global_era5_moda_ref1991to2020_201507.nc,0,0,-0.5970439910888672
046002,Chilecito,2015,PASO,2015-08-09,2015-07-01,SPEI12_genlogistic_global_era5_moda_ref1991to2020_201507.nc,0,0,-0.5048607587814331
014016,"Ischilín, Totoral",2015,PASO,2015-08-09,2015-07-01,SPEI12_genlogistic_global_era5_moda_ref1991to2020_201507.nc,0,0,-0.0035896440967917442
050010,Tunuyán,2015,PASO,2015-08-09,2015-07-01,SPEI12_genlogistic_global_era5_moda_ref1991to2020_201507.nc,16.4497047662735,0,-0.80800461769104
006034,"Coronel Dorrego, Coronel Pringles, Monte Hermoso, Tornquist",2015,PASO,2015-08-09,2015-07-01,SPEI12_genlogistic_global_era5_moda_ref1991to2020_201507.nc,0,0,-0.45585930347442627
006033,"General Las Heras, Lobos",2015,PASO,2015-08-09,2015-07-01,SPEI12_genlogistic_global_era5_moda_ref1991to2020_201507.nc,0,0,-0.850212574005127
030007,Gualeguay,2015,PASO,2015-08-09,2015-07-01,SPEI12_genlogistic_global_era5_moda_ref1991to2020_201507.nc,0,0,-0.058386389166116714
014015,Calamuchita,2015,PASO,2015-08-09,2015-07-01,SPEI12_genlogistic_global_era5_moda_ref1991to2020_201507.nc,0,0,-0.5785638689994812
082014,Vera,2015,PASO,2015-08-09,2015-07-01,SPEI12_genlogistic_global_era5_moda_ref1991to2020_201507.nc,0,0,-0.16817443072795868
006032,Marcos Paz,2015,PASO,2015-08-09,2015-07-01,SPEI12_genlogistic_global_era5_moda_ref1991to2020_201507.nc,0,0,-0.6891783475875854
070006,Pocito,2015,PASO,2015-08-09,2015-07-01,SPEI12_genlogistic_global_era5_moda_ref1991to2020_201507.nc,0,0,-0.35033783316612244
018005,"Curuzú Cuatiá, Sauce",2015,PASO,2015-08-09,2015-07-01,SPEI12_genlogistic_global_era5_moda_ref1991to2020_201507.nc,0,0,-0.4915793240070343
014014,San Javier,2015,PASO,2015-08-09,2015-07-01,SPEI12_genlogistic_global_era5_moda_ref1991to2020_201507.nc,0,0,-0.45527464151382446
006031,Cañuelas,2015,PASO,2015-08-09,2015-07-01,SPEI12_genlogistic_global_era5_moda_ref1991to2020_201507.nc,0,0,-0.7858143448829651
006030,"Bolívar, General Alvear, Tapalqué",2015,PASO,2015-08-09,2015-07-01,SPEI12_genlogistic_global_era5_moda_ref1991to2020_201507.nc,0.7345594931393862,0,-0.8397901058197021
054007,Cainguas,2015,PASO,2015-08-09,2015-07-01,SPEI12_genlogistic_global_era5_moda_ref1991to2020_201507.nc,0,0,0.9796493649482727
058003,"Huiliches, Lácar, Los Lagos",2015,PASO,2015-08-09,2015-07-01,SPEI12_genlogistic_global_era5_moda_ref1991to2020_201507.nc,0,0,-0.3953425884246826
086004,Río Hondo,2015,PASO,2015-08-09,2015-07-01,SPEI12_genlogistic_global_era5_moda_ref1991to2020_201507.nc,0,0,-0.2516235411167145
022006,Mayor Luis J. Fontana,2015,PASO,2015-08-09,2015-07-01,SPEI12_genlogistic_global_era5_moda_ref1991to2020_201507.nc,0,0,-0.4816039502620697
090004,Leales,2015,PASO,2015-08-09,2015-07-01,SPEI12_genlogistic_global_era5_moda_ref1991to2020_201507.nc,0,0,-0.43661463260650635
058002,"Aluminé, Añelo, Catán-Lil, Collón-Cura, Loncopué, Minas, Ñorquin, Picún-Leufú, Picunches",2015,PASO,2015-08-09,2015-07-01,SPEI12_genlogistic_global_era5_moda_ref1991to2020_201507.nc,0,0,-0.516032338142395
018004,"Berón de Astrada, Concepción, General Paz, San Roque",2015,PASO,2015-08-09,2015-07-01,SPEI12_genlogistic_global_era5_moda_ref1991to2020_201507.nc,0,0,-0.04661688953638077
050009,Rivadavia,2015,PASO,2015-08-09,2015-07-01,SPEI12_genlogistic_global_era5_moda_ref1991to2020_201507.nc,0,0,-0.30349838733673096
006029,Ensenada,2015,PASO,2015-08-09,2015-07-01,SPEI12_genlogistic_global_era5_moda_ref1991to2020_201507.nc,0,0,-0.47897207736968994
006028,Tres Arroyos,2015,PASO,2015-08-09,2015-07-01,SPEI12_genlogistic_global_era5_moda_ref1991to2020_201507.nc,0,0,-0.36317262053489685
066004,Anta,2015,PASO,2015-08-09,2015-07-01,SPEI12_genlogistic_global_era5_moda_ref1991to2020_201507.nc,0,0,-0.45603519678115845
054006,San Ignacio,2015,PASO,2015-08-09,2015-07-01,SPEI12_genlogistic_global_era5_moda_ref1991to2020_201507.nc,0,0,0.7687056660652161
042002,Maracó,2015,PASO,2015-08-09,2015-07-01,SPEI12_genlogistic_global_era5_moda_ref1991to2020_201507.nc,0,0,-1.1906094551086426
062003,Adolfo Alsina,2015,PASO,2015-08-09,2015-07-01,SPEI12_genlogistic_global_era5_moda_ref1991to2020_201507.nc,0,0,1.140395164489746
006027,San Pedro,2015,PASO,2015-08-09,2015-07-01,SPEI12_genlogistic_global_era5_moda_ref1991to2020_201507.nc,0,0,-0.2908707857131958
018003,Santo Tomé,2015,PASO,2015-08-09,2015-07-01,SPEI12_genlogistic_global_era5_moda_ref1991to2020_201507.nc,0,0,0.8770790696144104
006026,"Alberti, Roque Pérez, 25 de Mayo",2015,PASO,2015-08-09,2015-07-01,SPEI12_genlogistic_global_era5_moda_ref1991to2020_201507.nc,0,0,-0.9001310467720032
006025,"Chascomus, Magdalena, Punta Indio",2015,PASO,2015-08-09,2015-07-01,SPEI12_genlogistic_global_era5_moda_ref1991to2020_201507.nc,0,0,-0.33917373418807983
006024,"General Viamonte, Lincoln",2015,PASO,2015-08-09,2015-07-01,SPEI12_genlogistic_global_era5_moda_ref1991to2020_201507.nc,0,0,-0.9844356179237366
022005,"San Lorenzo, Sargento Cabral, 25 de Mayo",2015,PASO,2015-08-09,2015-07-01,SPEI12_genlogistic_global_era5_moda_ref1991to2020_201507.nc,0,0,-0.6532583832740784
006023,Coronel de Marine L. Rosales,2015,PASO,2015-08-09,2015-07-01,SPEI12_genlogistic_global_era5_moda_ref1991to2020_201507.nc,0,0,-0.7239275574684143
006022,"Balcarce, Lobería",2015,PASO,2015-08-09,2015-07-01,SPEI12_genlogistic_global_era5_moda_ref1991to2020_201507.nc,13.781338930130005,0,-1.3445744514465332
006021,Mercedes,2015,PASO,2015-08-09,2015-07-01,SPEI12_genlogistic_global_era5_moda_ref1991to2020_201507.nc,0,0,-0.5021181106567383
014013,Juárez Celman,2015,PASO,2015-08-09,2015-07-01,SPEI12_genlogistic_global_era5_moda_ref1991to2020_201507.nc,0,0,-0.35234490036964417
070005,"Angaco, Caucete, 25 de Mayo",2015,PASO,2015-08-09,2015-07-01,SPEI12_genlogistic_global_era5_moda_ref1991to2020_201507.nc,0,0,-0.5778539180755615
082013,San Martín,2015,PASO,2015-08-09,2015-07-01,SPEI12_genlogistic_global_era5_moda_ref1991to2020_201507.nc,0,0,-0.09671822190284729
006020,Chivilcoy,2015,PASO,2015-08-09,2015-07-01,SPEI12_genlogistic_global_era5_moda_ref1991to2020_201507.nc,0,0,-0.7105982303619385
006019,Azul,2015,PASO,2015-08-09,2015-07-01,SPEI12_genlogistic_global_era5_moda_ref1991to2020_201507.nc,0,0,-0.48753365874290466
082012,Iriondo,2015,PASO,2015-08-09,2015-07-01,SPEI12_genlogistic_global_era5_moda_ref1991to2020_201507.nc,0,0,-0.1255418062210083
086003,"Alberdi, Juan F. Ibarra, Moreno",2015,PASO,2015-08-09,2015-07-01,SPEI12_genlogistic_global_era5_moda_ref1991to2020_201507.nc,0,0,-0.2861563563346863
082011,San Cristóbal,2015,PASO,2015-08-09,2015-07-01,SPEI12_genlogistic_global_era5_moda_ref1991to2020_201507.nc,0,0,0.007562384940683842
022004,General Güemes,2015,PASO,2015-08-09,2015-07-01,SPEI12_genlogistic_global_era5_moda_ref1991to2020_201507.nc,0,0,-0.49086883664131165
030006,La Paz,2015,PASO,2015-08-09,2015-07-01,SPEI12_genlogistic_global_era5_moda_ref1991to2020_201507.nc,0,0,0.22367997467517853
030005,Federación,2015,PASO,2015-08-09,2015-07-01,SPEI12_genlogistic_global_era5_moda_ref1991to2020_201507.nc,0,0,-0.1615835428237915
054005,Guaraní,2015,PASO,2015-08-09,2015-07-01,SPEI12_genlogistic_global_era5_moda_ref1991to2020_201507.nc,0,0,1.001747488975525
014012,"Cruz del Eje, Minas, Pocho",2015,PASO,2015-08-09,2015-07-01,SPEI12_genlogistic_global_era5_moda_ref1991to2020_201507.nc,0,0,-0.2431035339832306
022003,"Libertador General San Martín, 1 de Mayo",2015,PASO,2015-08-09,2015-07-01,SPEI12_genlogistic_global_era5_moda_ref1991to2020_201507.nc,0,0,-0.3855774402618408
094001,"Río Grande, Antarctic Argentina",2015,PASO,2015-08-09,2015-07-01,SPEI12_genlogistic_global_era5_moda_ref1991to2020_201507.nc,0,0,0.4211861491203308
006018,"General Lavalle, La Costa",2015,PASO,2015-08-09,2015-07-01,SPEI12_genlogistic_global_era5_moda_ref1991to2020_201507.nc,0,0,-0.8147584199905396
038004,San Pedro,2015,PASO,2015-08-09,2015-07-01,SPEI12_genlogistic_global_era5_moda_ref1991to2020_201507.nc,0,0,-0.4147055745124817
054004,El Dorado,2015,PASO,2015-08-09,2015-07-01,SPEI12_genlogistic_global_era5_moda_ref1991to2020_201507.nc,0,0,0.8444138765335083
082010,Caseros,2015,PASO,2015-08-09,2015-07-01,SPEI12_genlogistic_global_era5_moda_ref1991to2020_201507.nc,0,0,-0.3763255476951599
026003,Biedma,2015,PASO,2015-08-09,2015-07-01,SPEI12_genlogistic_global_era5_moda_ref1991to2020_201507.nc,0,0,-0.05074027180671692
082009,San Jerónimo,2015,PASO,2015-08-09,2015-07-01,SPEI12_genlogistic_global_era5_moda_ref1991to2020_201507.nc,0,0,-0.16341622173786163
054003,Iguazú,2015,PASO,2015-08-09,2015-07-01,SPEI12_genlogistic_global_era5_moda_ref1991to2020_201507.nc,0,0,0.7228231430053711
034004,"Bermejo, Patiño",2015,PASO,2015-08-09,2015-07-01,SPEI12_genlogistic_global_era5_moda_ref1991to2020_201507.nc,0,0,-0.48869141936302185
006017,"Presidente Perón, San Vicente",2015,PASO,2015-08-09,2015-07-01,SPEI12_genlogistic_global_era5_moda_ref1991to2020_201507.nc,0,0,-0.7123929858207703
070004,Rivadavia,2015,PASO,2015-08-09,2015-07-01,SPEI12_genlogistic_global_era5_moda_ref1991to2020_201507.nc,0,0,-0.15944130718708038
034003,Pilcomayo,2015,PASO,2015-08-09,2015-07-01,SPEI12_genlogistic_global_era5_moda_ref1991to2020_201507.nc,0,0,-0.08070696890354156
006016,General Rodríguez,2015,PASO,2015-08-09,2015-07-01,SPEI12_genlogistic_global_era5_moda_ref1991to2020_201507.nc,0,0,-0.6580061912536621
070003,Chimbas,2015,PASO,2015-08-09,2015-07-01,SPEI12_genlogistic_global_era5_moda_ref1991to2020_201507.nc,0,0,-0.6482043266296387
006015,Berisso,2015,PASO,2015-08-09,2015-07-01,SPEI12_genlogistic_global_era5_moda_ref1991to2020_201507.nc,0,0,-0.5670528411865234
082008,Constitución,2015,PASO,2015-08-09,2015-07-01,SPEI12_genlogistic_global_era5_moda_ref1991to2020_201507.nc,0,0,-0.24719709157943726
006014,Junín,2015,PASO,2015-08-09,2015-07-01,SPEI12_genlogistic_global_era5_moda_ref1991to2020_201507.nc,0,0,-0.6481701135635376
018002,Goya,2015,PASO,2015-08-09,2015-07-01,SPEI12_genlogistic_global_era5_moda_ref1991to2020_201507.nc,0,0,-0.32459086179733276
006013,Necochea,2015,PASO,2015-08-09,2015-07-01,SPEI12_genlogistic_global_era5_moda_ref1991to2020_201507.nc,0,0,-0.9823437333106995
006012,Campana,2015,PASO,2015-08-09,2015-07-01,SPEI12_genlogistic_global_era5_moda_ref1991to2020_201507.nc,0,0,-0.5922072529792786
014011,Santa María,2015,PASO,2015-08-09,2015-07-01,SPEI12_genlogistic_global_era5_moda_ref1991to2020_201507.nc,0,0,-0.21338123083114624
022002,Comandante Fernandez,2015,PASO,2015-08-09,2015-07-01,SPEI12_genlogistic_global_era5_moda_ref1991to2020_201507.nc,0,0,-0.7583998441696167
090003,"Chicligasta, Granero, Juan Bautista Alberdi, La Cocha, Monteros, Río Chico, Simoca",2015,PASO,2015-08-09,2015-07-01,SPEI12_genlogistic_global_era5_moda_ref1991to2020_201507.nc,0,0,-0.3783964216709137
034002,"Laishi, Pilagás, Pirané",2015,PASO,2015-08-09,2015-07-01,SPEI12_genlogistic_global_era5_moda_ref1991to2020_201507.nc,0,0,-0.16720277070999146
038003,"Ledesma, Santa Bárbara",2015,PASO,2015-08-09,2015-07-01,SPEI12_genlogistic_global_era5_moda_ref1991to2020_201507.nc,0,0,-0.34117406606674194
030004,Uruguay,2015,PASO,2015-08-09,2015-07-01,SPEI12_genlogistic_global_era5_moda_ref1991to2020_201507.nc,0,0,-0.22733843326568604
038002,"El Carmen, San Antonio",2015,PASO,2015-08-09,2015-07-01,SPEI12_genlogistic_global_era5_moda_ref1991to2020_201507.nc,0,0,-0.42220887541770935
014010,Marcos Juárez,2015,PASO,2015-08-09,2015-07-01,SPEI12_genlogistic_global_era5_moda_ref1991to2020_201507.nc,0,0,-0.466470330953598
014009,Unión,2015,PASO,2015-08-09,2015-07-01,SPEI12_genlogistic_global_era5_moda_ref1991to2020_201507.nc,0,0,-0.31244367361068726
042001,Capital,2015,PASO,2015-08-09,2015-07-01,SPEI12_genlogistic_global_era5_moda_ref1991to2020_201507.nc,0,0,-0.7813180088996887
014008,Río Segundo,2015,PASO,2015-08-09,2015-07-01,SPEI12_genlogistic_global_era5_moda_ref1991to2020_201507.nc,0,0,-0.08385878801345825
082007,Las Colonias,2015,PASO,2015-08-09,2015-07-01,SPEI12_genlogistic_global_era5_moda_ref1991to2020_201507.nc,0,0,0.02476402558386326
006011,Luján,2015,PASO,2015-08-09,2015-07-01,SPEI12_genlogistic_global_era5_moda_ref1991to2020_201507.nc,0,0,-0.5846593976020813
078002,Deseado,2015,PASO,2015-08-09,2015-07-01,SPEI12_genlogistic_global_era5_moda_ref1991to2020_201507.nc,0,0,-0.22910849750041962
006010,Pergamino,2015,PASO,2015-08-09,2015-07-01,SPEI12_genlogistic_global_era5_moda_ref1991to2020_201507.nc,0,0,-0.3336450755596161
054002,Oberá,2015,PASO,2015-08-09,2015-07-01,SPEI12_genlogistic_global_era5_moda_ref1991to2020_201507.nc,0,0,0.7834155559539795
006009,Olavarría,2015,PASO,2015-08-09,2015-07-01,SPEI12_genlogistic_global_era5_moda_ref1991to2020_201507.nc,0,0,-0.9057870507240295
070002,Capital,2015,PASO,2015-08-09,2015-07-01,SPEI12_genlogistic_global_era5_moda_ref1991to2020_201507.nc,0,0,-0.6546545028686523
014007,Tercero Arriba,2015,PASO,2015-08-09,2015-07-01,SPEI12_genlogistic_global_era5_moda_ref1991to2020_201507.nc,0,0,-0.256424218416214
030003,"Gualeguaychú, Islas del Ibicuy",2015,PASO,2015-08-09,2015-07-01,SPEI12_genlogistic_global_era5_moda_ref1991to2020_201507.nc,0,0,-0.2726479172706604
050008,Capital,2015,PASO,2015-08-09,2015-07-01,SPEI12_genlogistic_global_era5_moda_ref1991to2020_201507.nc,0,0,-0.18929220736026764
006008,Zárate,2015,PASO,2015-08-09,2015-07-01,SPEI12_genlogistic_global_era5_moda_ref1991to2020_201507.nc,0,0,-0.4641543924808502
078001,Guer Aike,2015,PASO,2015-08-09,2015-07-01,SPEI12_genlogistic_global_era5_moda_ref1991to2020_201507.nc,0,0,0.5204228758811951
070001,Rawson,2015,PASO,2015-08-09,2015-07-01,SPEI12_genlogistic_global_era5_moda_ref1991to2020_201507.nc,0,0,-0.517852783203125
050007,Luján de Cuyo,2015,PASO,2015-08-09,2015-07-01,SPEI12_genlogistic_global_era5_moda_ref1991to2020_201507.nc,53.084343671798706,4.964343830943108,-1.1173555850982666
050006,San Martín,2015,PASO,2015-08-09,2015-07-01,SPEI12_genlogistic_global_era5_moda_ref1991to2020_201507.nc,0,0,-0.22614511847496033
006007,Tandil,2015,PASO,2015-08-09,2015-07-01,SPEI12_genlogistic_global_era5_moda_ref1991to2020_201507.nc,0,0,-0.9476658701896667
014006,General San Martín,2015,PASO,2015-08-09,2015-07-01,SPEI12_genlogistic_global_era5_moda_ref1991to2020_201507.nc,0,0,-0.14023667573928833
062002,Bariloche,2015,PASO,2015-08-09,2015-07-01,SPEI12_genlogistic_global_era5_moda_ref1991to2020_201507.nc,0,0,-0.2602830231189728
026002,Rawson,2015,PASO,2015-08-09,2015-07-01,SPEI12_genlogistic_global_era5_moda_ref1991to2020_201507.nc,0,0,-0.9613975286483765
074002,"General Pedernera, Gobernador Dupuy",2015,PASO,2015-08-09,2015-07-01,SPEI12_genlogistic_global_era5_moda_ref1991to2020_201507.nc,0,0,-0.47140589356422424
086002,Banda,2015,PASO,2015-08-09,2015-07-01,SPEI12_genlogistic_global_era5_moda_ref1991to2020_201507.nc,0,0,-0.23100973665714264
006006,San Nicolás,2015,PASO,2015-08-09,2015-07-01,SPEI12_genlogistic_global_era5_moda_ref1991to2020_201507.nc,0,0,-0.510521650314331
066003,"Iruya, Orán, Santa Victoria",2015,PASO,2015-08-09,2015-07-01,SPEI12_genlogistic_global_era5_moda_ref1991to2020_201507.nc,0,0,-0.27489280700683594
082006,San Lorenzo,2015,PASO,2015-08-09,2015-07-01,SPEI12_genlogistic_global_era5_moda_ref1991to2020_201507.nc,0,0,-0.2608441412448883
066002,General Jose de San Martín,2015,PASO,2015-08-09,2015-07-01,SPEI12_genlogistic_global_era5_moda_ref1991to2020_201507.nc,0,0,0.17795196175575256
010001,Capital,2015,PASO,2015-08-09,2015-07-01,SPEI12_genlogistic_global_era5_moda_ref1991to2020_201507.nc,0,0,-0.21846844255924225
006092,San Fernando,2015,PASO,2015-08-09,2015-07-01,SPEI12_genlogistic_global_era5_moda_ref1991to2020_201507.nc,0,0,-0.5394905805587769
014005,Punilla,2015,PASO,2015-08-09,2015-07-01,SPEI12_genlogistic_global_era5_moda_ref1991to2020_201507.nc,0,0,-0.03848858177661896
050005,Maipú,2015,PASO,2015-08-09,2015-07-01,SPEI12_genlogistic_global_era5_moda_ref1991to2020_201507.nc,0,0,-0.060823630541563034
082005,General Obligado,2015,PASO,2015-08-09,2015-07-01,SPEI12_genlogistic_global_era5_moda_ref1991to2020_201507.nc,0,0,-0.36984673142433167
082004,Castellanos,2015,PASO,2015-08-09,2015-07-01,SPEI12_genlogistic_global_era5_moda_ref1991to2020_201507.nc,0,0,0.19301985204219818
046001,Capital,2015,PASO,2015-08-09,2015-07-01,SPEI12_genlogistic_global_era5_moda_ref1991to2020_201507.nc,0,0,-0.565647542476654
090002,Cruz Alta,2015,PASO,2015-08-09,2015-07-01,SPEI12_genlogistic_global_era5_moda_ref1991to2020_201507.nc,0,0,-0.35319390892982483
030002,"Colón, Concordia, Federal, Feliciano, San Salvador, Villaguay",2015,PASO,2015-08-09,2015-07-01,SPEI12_genlogistic_global_era5_moda_ref1991to2020_201507.nc,0,0,0.058101773262023926
050004,San Rafael,2015,PASO,2015-08-09,2015-07-01,SPEI12_genlogistic_global_era5_moda_ref1991to2020_201507.nc,1.9807115197181702,0,-0.44480565190315247
026001,Escalante,2015,PASO,2015-08-09,2015-07-01,SPEI12_genlogistic_global_era5_moda_ref1991to2020_201507.nc,3.1115610152482986,0,-1.0768797397613525
082003,General López,2015,PASO,2015-08-09,2015-07-01,SPEI12_genlogistic_global_era5_moda_ref1991to2020_201507.nc,0,0,-0.3646707236766815
050003,Godoy Cruz,2015,PASO,2015-08-09,2015-07-01,SPEI12_genlogistic_global_era5_moda_ref1991to2020_201507.nc,0,0,-0.15875144302845
074001,La Capital,2015,PASO,2015-08-09,2015-07-01,SPEI12_genlogistic_global_era5_moda_ref1991to2020_201507.nc,0,0,-0.2201566994190216
014004,San Justo,2015,PASO,2015-08-09,2015-07-01,SPEI12_genlogistic_global_era5_moda_ref1991to2020_201507.nc,4.698532819747925,4.698532819747925,-0.20872269570827484
050002,Las Heras,2015,PASO,2015-08-09,2015-07-01,SPEI12_genlogistic_global_era5_moda_ref1991to2020_201507.nc,35.471656918525696,33.4902286529541,-1.119014024734497
006005,Escobar,2015,PASO,2015-08-09,2015-07-01,SPEI12_genlogistic_global_era5_moda_ref1991to2020_201507.nc,0,0,-0.6858184933662415
014003,Colón,2015,PASO,2015-08-09,2015-07-01,SPEI12_genlogistic_global_era5_moda_ref1991to2020_201507.nc,0,0,-0.10217373073101044
034001,Formosa,2015,PASO,2015-08-09,2015-07-01,SPEI12_genlogistic_global_era5_moda_ref1991to2020_201507.nc,0,0,-0.03904593735933304
014002,Río Cuarto,2015,PASO,2015-08-09,2015-07-01,SPEI12_genlogistic_global_era5_moda_ref1991to2020_201507.nc,0,0,-0.6284195184707642
038001,"Dr. Manuel Belgrano, Palpalá",2015,PASO,2015-08-09,2015-07-01,SPEI12_genlogistic_global_era5_moda_ref1991to2020_201507.nc,0,0,-0.2151445597410202
086001,Capital,2015,PASO,2015-08-09,2015-07-01,SPEI12_genlogistic_global_era5_moda_ref1991to2020_201507.nc,0,0,-0.10930226743221283
006091,Vicente López,2015,PASO,2015-08-09,2015-07-01,SPEI12_genlogistic_global_era5_moda_ref1991to2020_201507.nc,0,0,-0.6353977918624878
050001,Guaymallén,2015,PASO,2015-08-09,2015-07-01,SPEI12_genlogistic_global_era5_moda_ref1991to2020_201507.nc,0,0,0.06583075225353241
006090,San Isidro,2015,PASO,2015-08-09,2015-07-01,SPEI12_genlogistic_global_era5_moda_ref1991to2020_201507.nc,0,0,-0.6353978514671326
006004,Bahía Blanca,2015,PASO,2015-08-09,2015-07-01,SPEI12_genlogistic_global_era5_moda_ref1991to2020_201507.nc,0,0,-0.5112568140029907
006003,Pilar,2015,PASO,2015-08-09,2015-07-01,SPEI12_genlogistic_global_era5_moda_ref1991to2020_201507.nc,0,0,-0.7143513560295105
006089,"Esteban Echeverría, Ezeiza",2015,PASO,2015-08-09,2015-07-01,SPEI12_genlogistic_global_era5_moda_ref1991to2020_201507.nc,0,0,-0.7254942059516907
062001,General Roca,2015,PASO,2015-08-09,2015-07-01,SPEI12_genlogistic_global_era5_moda_ref1991to2020_201507.nc,0,0,0.06907463073730469
006088,"Hurlingham, Ituzaingo, Morón",2015,PASO,2015-08-09,2015-07-01,SPEI12_genlogistic_global_era5_moda_ref1991to2020_201507.nc,0,0,-0.7159919142723083
054001,"Capital, Leandro N. Alem",2015,PASO,2015-08-09,2015-07-01,SPEI12_genlogistic_global_era5_moda_ref1991to2020_201507.nc,0,0,0.8411508202552795
006087,Berazategui,2015,PASO,2015-08-09,2015-07-01,SPEI12_genlogistic_global_era5_moda_ref1991to2020_201507.nc,0,0,-0.609464168548584
006086,"General Sarmiento, Jose C. Paz, Malvinas Argentinas, San Miguel",2015,PASO,2015-08-09,2015-07-01,SPEI12_genlogistic_global_era5_moda_ref1991to2020_201507.nc,0,0,-0.7313547134399414
030001,Parana,2015,PASO,2015-08-09,2015-07-01,SPEI12_genlogistic_global_era5_moda_ref1991to2020_201507.nc,0,0,0.07067104429006577
006085,Tres de Febrero,2015,PASO,2015-08-09,2015-07-01,SPEI12_genlogistic_global_era5_moda_ref1991to2020_201507.nc,0,0,-0.6553427577018738
006084,Avellaneda,2015,PASO,2015-08-09,2015-07-01,SPEI12_genlogistic_global_era5_moda_ref1991to2020_201507.nc,0,0,-0.6732073426246643
018001,Capital,2015,PASO,2015-08-09,2015-07-01,SPEI12_genlogistic_global_era5_moda_ref1991to2020_201507.nc,0,0,-0.09898156672716141
058001,Confluencia,2015,PASO,2015-08-09,2015-07-01,SPEI12_genlogistic_global_era5_moda_ref1991to2020_201507.nc,0,0,0.34566691517829895
006083,Tigre,2015,PASO,2015-08-09,2015-07-01,SPEI12_genlogistic_global_era5_moda_ref1991to2020_201507.nc,0,0,-0.6323951482772827
022001,San Fernando,2015,PASO,2015-08-09,2015-07-01,SPEI12_genlogistic_global_era5_moda_ref1991to2020_201507.nc,0,0,-0.3567754924297333
006082,General San Martín,2015,PASO,2015-08-09,2015-07-01,SPEI12_genlogistic_global_era5_moda_ref1991to2020_201507.nc,0,0,-0.6353977918624878
006081,Florencio Varela,2015,PASO,2015-08-09,2015-07-01,SPEI12_genlogistic_global_era5_moda_ref1991to2020_201507.nc,0,0,-0.6605912446975708
006080,Moreno,2015,PASO,2015-08-09,2015-07-01,SPEI12_genlogistic_global_era5_moda_ref1991to2020_201507.nc,0,0,-0.7245720028877258
006079,Lanus,2015,PASO,2015-08-09,2015-07-01,SPEI12_genlogistic_global_era5_moda_ref1991to2020_201507.nc,0,0,-0.7134825587272644
082002,La Capital,2015,PASO,2015-08-09,2015-07-01,SPEI12_genlogistic_global_era5_moda_ref1991to2020_201507.nc,0,0,-0.018088802695274353
066001,Capital,2015,PASO,2015-08-09,2015-07-01,SPEI12_genlogistic_global_era5_moda_ref1991to2020_201507.nc,0,0,-0.3619663119316101
006078,Merlo,2015,PASO,2015-08-09,2015-07-01,SPEI12_genlogistic_global_era5_moda_ref1991to2020_201507.nc,0,0,-0.7159374356269836
006077,Almirante Brown,2015,PASO,2015-08-09,2015-07-01,SPEI12_genlogistic_global_era5_moda_ref1991to2020_201507.nc,0,0,-0.6911540627479553
006076,Quilmes,2015,PASO,2015-08-09,2015-07-01,SPEI12_genlogistic_global_era5_moda_ref1991to2020_201507.nc,0,0,-0.6664044260978699
006002,General Pueyrredón,2015,PASO,2015-08-09,2015-07-01,SPEI12_genlogistic_global_era5_moda_ref1991to2020_201507.nc,0,0,-1.2164958715438843
006075,Lomas de Zamora,2015,PASO,2015-08-09,2015-07-01,SPEI12_genlogistic_global_era5_moda_ref1991to2020_201507.nc,0,0,-0.7233042120933533
006001,La Plata,2015,PASO,2015-08-09,2015-07-01,SPEI12_genlogistic_global_era5_moda_ref1991to2020_201507.nc,0,0,-0.5414084196090698
002001,City of Buenos Aires,2015,PASO,2015-08-09,2015-07-01,SPEI12_genlogistic_global_era5_moda_ref1991to2020_201507.nc,0,0,-0.6745006442070007
090001,"Famaillá, Lules, Capital, Tafí del Valle, Tafí Viajo, Trancas, Yerba Buena",2015,PASO,2015-08-09,2015-07-01,SPEI12_genlogistic_global_era5_moda_ref1991to2020_201507.nc,0,0,-0.5914278030395508
082001,Rosario,2015,PASO,2015-08-09,2015-07-01,SPEI12_genlogistic_global_era5_moda_ref1991to2020_201507.nc,0,0,-0.38681507110595703
014001,Capital,2015,PASO,2015-08-09,2015-07-01,SPEI12_genlogistic_global_era5_moda_ref1991to2020_201507.nc,0,0,-0.09923512488603592
006074,La Matanza,2015,PASO,2015-08-09,2015-07-01,SPEI12_genlogistic_global_era5_moda_ref1991to2020_201507.nc,0,0,-0.723077118396759
094002,Ushuaia,2015,PASO,2015-08-09,2015-07-01,SPEI12_genlogistic_global_era5_moda_ref1991to2020_201507.nc,0,0,0.5116410255432129
006072,Saavedra,2015,GENERALES,2015-10-25,2015-09-01,SPEI12_genlogistic_global_era5_moda_ref1991to2020_201509.nc,0,0,-0.5380462408065796
006073,"Castelli, Maipú, Tordillo",2015,GENERALES,2015-10-25,2015-09-01,SPEI12_genlogistic_global_era5_moda_ref1991to2020_201509.nc,8.637803792953491,8.637803792953491,-1.0013853311538696
066013,Chicoana,2015,GENERALES,2015-10-25,2015-09-01,SPEI12_genlogistic_global_era5_moda_ref1991to2020_201509.nc,0,0,-0.4825506806373596
018016,"General Alvear, San Martín",2015,GENERALES,2015-10-25,2015-09-01,SPEI12_genlogistic_global_era5_moda_ref1991to2020_201509.nc,0,0,0.15196993947029114
006071,"General La Madrid, Laprida",2015,GENERALES,2015-10-25,2015-09-01,SPEI12_genlogistic_global_era5_moda_ref1991to2020_201509.nc,0,0,-1.2434767484664917
070012,"9 de Julio, San Martín",2015,GENERALES,2015-10-25,2015-09-01,SPEI12_genlogistic_global_era5_moda_ref1991to2020_201509.nc,0,0,-0.4051866829395294
006070,Monte,2015,GENERALES,2015-10-25,2015-09-01,SPEI12_genlogistic_global_era5_moda_ref1991to2020_201509.nc,0,0,-0.46104446053504944
006069,Mar Chiquita,2015,GENERALES,2015-10-25,2015-09-01,SPEI12_genlogistic_global_era5_moda_ref1991to2020_201509.nc,0,0,-0.8306668996810913
062007,"Conesa, Pichi Mahuida",2015,GENERALES,2015-10-25,2015-09-01,SPEI12_genlogistic_global_era5_moda_ref1991to2020_201509.nc,0,0,-0.07605566084384918
046006,"Chamical, General Belgrano",2015,GENERALES,2015-10-25,2015-09-01,SPEI12_genlogistic_global_era5_moda_ref1991to2020_201509.nc,0,0,-0.3470858037471771
078004,"Lago Buenos Aires, Magallanes, Río Chico",2015,GENERALES,2015-10-25,2015-09-01,SPEI12_genlogistic_global_era5_moda_ref1991to2020_201509.nc,0,0,0.16465355455875397
082019,Garay,2015,GENERALES,2015-10-25,2015-09-01,SPEI12_genlogistic_global_era5_moda_ref1991to2020_201509.nc,0,0,0.29668304324150085
086015,Avellaneda,2015,GENERALES,2015-10-25,2015-09-01,SPEI12_genlogistic_global_era5_moda_ref1991to2020_201509.nc,0,0,0.5869007706642151
066012,"Cafayate, La Vina",2015,GENERALES,2015-10-25,2015-09-01,SPEI12_genlogistic_global_era5_moda_ref1991to2020_201509.nc,0,0,-0.3798181712627411
074005,Chacabuco,2015,GENERALES,2015-10-25,2015-09-01,SPEI12_genlogistic_global_era5_moda_ref1991to2020_201509.nc,0,0,-0.20473112165927887
042007,"Hucal, Utracán",2015,GENERALES,2015-10-25,2015-09-01,SPEI12_genlogistic_global_era5_moda_ref1991to2020_201509.nc,0,0,-0.5498841404914856
070011,Sarmiento,2015,GENERALES,2015-10-25,2015-09-01,SPEI12_genlogistic_global_era5_moda_ref1991to2020_201509.nc,0,0,-0.01863093487918377
006068,Carlos Casares,2015,GENERALES,2015-10-25,2015-09-01,SPEI12_genlogistic_global_era5_moda_ref1991to2020_201509.nc,0,0,-0.800491988658905
026006,"Cushamen, Languiñeo",2015,GENERALES,2015-10-25,2015-09-01,SPEI12_genlogistic_global_era5_moda_ref1991to2020_201509.nc,0.7935496978461742,0.7935496978461742,-0.4706701636314392
018015,"Itatí, San Cosme",2015,GENERALES,2015-10-25,2015-09-01,SPEI12_genlogistic_global_era5_moda_ref1991to2020_201509.nc,0,0,-0.075822614133358
086014,"Figueroa, Sarmiento",2015,GENERALES,2015-10-25,2015-09-01,SPEI12_genlogistic_global_era5_moda_ref1991to2020_201509.nc,0,0,0.2205274999141693
006067,San Andrés de Giles,2015,GENERALES,2015-10-25,2015-09-01,SPEI12_genlogistic_global_era5_moda_ref1991to2020_201509.nc,0,0,-0.17692510783672333
010007,"Antofagasta de la Sierra, Tinogasta",2015,GENERALES,2015-10-25,2015-09-01,SPEI12_genlogistic_global_era5_moda_ref1991to2020_201509.nc,2.087731286883354,0,-0.39375782012939453
018014,Saladas,2015,GENERALES,2015-10-25,2015-09-01,SPEI12_genlogistic_global_era5_moda_ref1991to2020_201509.nc,0,0,-0.1375451534986496
046005,"Arauco, Castro Barros, San Blas de los Sauces",2015,GENERALES,2015-10-25,2015-09-01,SPEI12_genlogistic_global_era5_moda_ref1991to2020_201509.nc,0,0,-0.4064026474952698
006066,Rojas,2015,GENERALES,2015-10-25,2015-09-01,SPEI12_genlogistic_global_era5_moda_ref1991to2020_201509.nc,13.247363269329071,13.247363269329071,-0.9641221165657043
006065,"Carlos Tejedor, Florentino Ameghino, General Pinto",2015,GENERALES,2015-10-25,2015-09-01,SPEI12_genlogistic_global_era5_moda_ref1991to2020_201509.nc,0,0,-0.7446566820144653
086013,"Aguirre, Belgrano, Mitre, Rivadavia",2015,GENERALES,2015-10-25,2015-09-01,SPEI12_genlogistic_global_era5_moda_ref1991to2020_201509.nc,2.1689267829060555,2.1689267829060555,0.2744247317314148
070010,"Calingasta, Iglesia, Ullúm, Zonda",2015,GENERALES,2015-10-25,2015-09-01,SPEI12_genlogistic_global_era5_moda_ref1991to2020_201509.nc,0,0,-0.06466854363679886
086012,"Ojo de Agua, Quebrachos",2015,GENERALES,2015-10-25,2015-09-01,SPEI12_genlogistic_global_era5_moda_ref1991to2020_201509.nc,0,0,0.23762112855911255
070009,Albardón,2015,GENERALES,2015-10-25,2015-09-01,SPEI12_genlogistic_global_era5_moda_ref1991to2020_201509.nc,0,0,-0.1950107216835022
022015,Maipú,2015,GENERALES,2015-10-25,2015-09-01,SPEI12_genlogistic_global_era5_moda_ref1991to2020_201509.nc,0,0,-0.22764600813388824
006064,Las Flores,2015,GENERALES,2015-10-25,2015-09-01,SPEI12_genlogistic_global_era5_moda_ref1991to2020_201509.nc,0,0,-0.5100958943367004
006063,Colón,2015,GENERALES,2015-10-25,2015-09-01,SPEI12_genlogistic_global_era5_moda_ref1991to2020_201509.nc,0,0,0.3078426718711853
022014,Bermejo,2015,GENERALES,2015-10-25,2015-09-01,SPEI12_genlogistic_global_era5_moda_ref1991to2020_201509.nc,0,0,-0.1432521790266037
006062,"Adolfo Alsina, Salliqueló",2015,GENERALES,2015-10-25,2015-09-01,SPEI12_genlogistic_global_era5_moda_ref1991to2020_201509.nc,0,0,-0.678052544593811
030011,Tala,2015,GENERALES,2015-10-25,2015-09-01,SPEI12_genlogistic_global_era5_moda_ref1991to2020_201509.nc,0,0,0.12587767839431763
042006,"Caleu-Caleu, Cura-Co, Chalileo, Chical-Có, Lihuel Calel, Limay Mahuida, Leventué, Puelén",2015,GENERALES,2015-10-25,2015-09-01,SPEI12_genlogistic_global_era5_moda_ref1991to2020_201509.nc,0,0,-0.046619072556495667
050017,"La Paz, Santa Rosa",2015,GENERALES,2015-10-25,2015-09-01,SPEI12_genlogistic_global_era5_moda_ref1991to2020_201509.nc,0,0,-0.07735215127468109
066011,"Cachí, La Poma, Los Andes, Molinos, San Carlos",2015,GENERALES,2015-10-25,2015-09-01,SPEI12_genlogistic_global_era5_moda_ref1991to2020_201509.nc,2.683831937611103,0,-0.24582995474338531
006061,Brandsen,2015,GENERALES,2015-10-25,2015-09-01,SPEI12_genlogistic_global_era5_moda_ref1991to2020_201509.nc,0,0,-0.5213460922241211
046004,"General Ocampo, General San Martín, Rosario Vera Peñaloza",2015,GENERALES,2015-10-25,2015-09-01,SPEI12_genlogistic_global_era5_moda_ref1991to2020_201509.nc,0,0,-0.19441674649715424
006060,"Daireaux, Hipólito Yrigoyen",2015,GENERALES,2015-10-25,2015-09-01,SPEI12_genlogistic_global_era5_moda_ref1991to2020_201509.nc,0,0,-1.3443809747695923
006059,Dolores,2015,GENERALES,2015-10-25,2015-09-01,SPEI12_genlogistic_global_era5_moda_ref1991to2020_201509.nc,30.434781312942505,30.434781312942505,-2.720853328704834
070008,"Jachal, Valle Fértil",2015,GENERALES,2015-10-25,2015-09-01,SPEI12_genlogistic_global_era5_moda_ref1991to2020_201509.nc,0,0,-0.25633683800697327
078003,"Corpen Aike, Lago Argentino",2015,GENERALES,2015-10-25,2015-09-01,SPEI12_genlogistic_global_era5_moda_ref1991to2020_201509.nc,0,0,0.1535947173833847
054015,Candelaria,2015,GENERALES,2015-10-25,2015-09-01,SPEI12_genlogistic_global_era5_moda_ref1991to2020_201509.nc,0,0,0.17503607273101807
054014,25 de Mayo,2015,GENERALES,2015-10-25,2015-09-01,SPEI12_genlogistic_global_era5_moda_ref1991to2020_201509.nc,0,0,0.3696383535861969
042005,"Chapaleufú, Realicó",2015,GENERALES,2015-10-25,2015-09-01,SPEI12_genlogistic_global_era5_moda_ref1991to2020_201509.nc,0,0,-1.205291509628296
074004,Junín,2015,GENERALES,2015-10-25,2015-09-01,SPEI12_genlogistic_global_era5_moda_ref1991to2020_201509.nc,0,0,-0.09608254581689835
050016,Malargue,2015,GENERALES,2015-10-25,2015-09-01,SPEI12_genlogistic_global_era5_moda_ref1991to2020_201509.nc,0,0,-0.08127203583717346
066010,Rivadavia,2015,GENERALES,2015-10-25,2015-09-01,SPEI12_genlogistic_global_era5_moda_ref1991to2020_201509.nc,0,0,0.06154948100447655
018013,Lavalle,2015,GENERALES,2015-10-25,2015-09-01,SPEI12_genlogistic_global_era5_moda_ref1991to2020_201509.nc,0,0,-0.2252463549375534
006058,"General Belgrano, General Paz",2015,GENERALES,2015-10-25,2015-09-01,SPEI12_genlogistic_global_era5_moda_ref1991to2020_201509.nc,0,0,-0.3662169575691223
086011,"Loreto, Silipica",2015,GENERALES,2015-10-25,2015-09-01,SPEI12_genlogistic_global_era5_moda_ref1991to2020_201509.nc,0,0,0.2123718410730362
010006,"Ancasti, El Alto, La Paz",2015,GENERALES,2015-10-25,2015-09-01,SPEI12_genlogistic_global_era5_moda_ref1991to2020_201509.nc,0,0,-0.22339501976966858
034005,"Matacos, Ramón Lista",2015,GENERALES,2015-10-25,2015-09-01,SPEI12_genlogistic_global_era5_moda_ref1991to2020_201509.nc,0,0,-0.3468136787414551
006057,Exaltación de la Cruz,2015,GENERALES,2015-10-25,2015-09-01,SPEI12_genlogistic_global_era5_moda_ref1991to2020_201509.nc,0,0,-0.4245513677597046
006056,Arrecifes,2015,GENERALES,2015-10-25,2015-09-01,SPEI12_genlogistic_global_era5_moda_ref1991to2020_201509.nc,0,0,-0.08573632687330246
082018,9 de Julio,2015,GENERALES,2015-10-25,2015-09-01,SPEI12_genlogistic_global_era5_moda_ref1991to2020_201509.nc,0,0,0.3235722780227661
062006,San Antonio,2015,GENERALES,2015-10-25,2015-09-01,SPEI12_genlogistic_global_era5_moda_ref1991to2020_201509.nc,0,0,-0.4219231605529785
006055,Patagones,2015,GENERALES,2015-10-25,2015-09-01,SPEI12_genlogistic_global_era5_moda_ref1991to2020_201509.nc,0,0,0.3045058250427246
086010,Copo,2015,GENERALES,2015-10-25,2015-09-01,SPEI12_genlogistic_global_era5_moda_ref1991to2020_201509.nc,0,0,-0.11561207473278046
014021,"Río Seco, Sobremonte, Tulumba",2015,GENERALES,2015-10-25,2015-09-01,SPEI12_genlogistic_global_era5_moda_ref1991to2020_201509.nc,9.02273803949356,9.02273803949356,-0.6373947262763977
054013,San Pedro,2015,GENERALES,2015-10-25,2015-09-01,SPEI12_genlogistic_global_era5_moda_ref1991to2020_201509.nc,0,0,0.5974509119987488
006054,"General Juan Madariaga, Pinamar, Villa Gesell",2015,GENERALES,2015-10-25,2015-09-01,SPEI12_genlogistic_global_era5_moda_ref1991to2020_201509.nc,1.5836359933018684,1.5836359933018684,-0.5176835060119629
018012,Esquina,2015,GENERALES,2015-10-25,2015-09-01,SPEI12_genlogistic_global_era5_moda_ref1991to2020_201509.nc,0,0,-0.017488451674580574
022013,Chacabuco,2015,GENERALES,2015-10-25,2015-09-01,SPEI12_genlogistic_global_era5_moda_ref1991to2020_201509.nc,0,0,-0.5296973586082458
006053,General Villegas,2015,GENERALES,2015-10-25,2015-09-01,SPEI12_genlogistic_global_era5_moda_ref1991to2020_201509.nc,0,0,-0.9812659025192261
038006,"Humahuaca, Tilcara, Valle Grande",2015,GENERALES,2015-10-25,2015-09-01,SPEI12_genlogistic_global_era5_moda_ref1991to2020_201509.nc,0,0,-0.5020867586135864
006052,"General Arenales, Leandro N. Alem",2015,GENERALES,2015-10-25,2015-09-01,SPEI12_genlogistic_global_era5_moda_ref1991to2020_201509.nc,0,0,0.07703898847103119
086009,"Atamisqui, Salavina, San Martín",2015,GENERALES,2015-10-25,2015-09-01,SPEI12_genlogistic_global_era5_moda_ref1991to2020_201509.nc,0,0,0.3543214201927185
046003,"Coronel Felipe Varela, Famatina, General Angel V. Peñaloza, General Juan F. Quiroga, General Lamadrid, Vinchina, Independencia, Sanagasta",2015,GENERALES,2015-10-25,2015-09-01,SPEI12_genlogistic_global_era5_moda_ref1991to2020_201509.nc,2.768332324922085,0,-0.3863587975502014
054012,"Concepción, San Javier",2015,GENERALES,2015-10-25,2015-09-01,SPEI12_genlogistic_global_era5_moda_ref1991to2020_201509.nc,0,0,0.3487178683280945
082017,San Javier,2015,GENERALES,2015-10-25,2015-09-01,SPEI12_genlogistic_global_era5_moda_ref1991to2020_201509.nc,0,0,0.13115352392196655
006051,Baradero,2015,GENERALES,2015-10-25,2015-09-01,SPEI12_genlogistic_global_era5_moda_ref1991to2020_201509.nc,0,0,-0.2778744697570801
006050,Saladillo,2015,GENERALES,2015-10-25,2015-09-01,SPEI12_genlogistic_global_era5_moda_ref1991to2020_201509.nc,0,0,-0.48534902930259705
050015,Tupungato,2015,GENERALES,2015-10-25,2015-09-01,SPEI12_genlogistic_global_era5_moda_ref1991to2020_201509.nc,0,0,0.45969730615615845
050014,San Carlos,2015,GENERALES,2015-10-25,2015-09-01,SPEI12_genlogistic_global_era5_moda_ref1991to2020_201509.nc,0,0,-0.37283003330230713
006049,Salto,2015,GENERALES,2015-10-25,2015-09-01,SPEI12_genlogistic_global_era5_moda_ref1991to2020_201509.nc,22.90032058954239,22.90032058954239,-2.012316942214966
006048,Ramallo,2015,GENERALES,2015-10-25,2015-09-01,SPEI12_genlogistic_global_era5_moda_ref1991to2020_201509.nc,0,0,-0.3474927246570587
022012,"12 de Octubre, 2 de Abril, Fray Justo Sta. María de Oro",2015,GENERALES,2015-10-25,2015-09-01,SPEI12_genlogistic_global_era5_moda_ref1991to2020_201509.nc,0,0,-0.06385056674480438
022011,Quitilipi,2015,GENERALES,2015-10-25,2015-09-01,SPEI12_genlogistic_global_era5_moda_ref1991to2020_201509.nc,0,0,-0.46429747343063354
022010,Almirante Brown,2015,GENERALES,2015-10-25,2015-09-01,SPEI12_genlogistic_global_era5_moda_ref1991to2020_201509.nc,0,0,-0.17811386287212372
022009,"General Belgrano, Independencia",2015,GENERALES,2015-10-25,2015-09-01,SPEI12_genlogistic_global_era5_moda_ref1991to2020_201509.nc,0,0,-0.586842954158783
042004,"Atreucó, Catriló, Guatrache, Quemú-Quemú",2015,GENERALES,2015-10-25,2015-09-01,SPEI12_genlogistic_global_era5_moda_ref1991to2020_201509.nc,0,0,-0.8072225451469421
062005,Avellaneda,2015,GENERALES,2015-10-25,2015-09-01,SPEI12_genlogistic_global_era5_moda_ref1991to2020_201509.nc,0,0,-0.27493277192115784
030010,Victoria,2015,GENERALES,2015-10-25,2015-09-01,SPEI12_genlogistic_global_era5_moda_ref1991to2020_201509.nc,0,0,-0.03736268728971481
066009,Cerrillos,2015,GENERALES,2015-10-25,2015-09-01,SPEI12_genlogistic_global_era5_moda_ref1991to2020_201509.nc,0,0,-0.045550256967544556
010005,"Ambato, Capayán, Paclín, Santa Rosa",2015,GENERALES,2015-10-25,2015-09-01,SPEI12_genlogistic_global_era5_moda_ref1991to2020_201509.nc,0,0,-0.070081427693367
086008,"Jiménez, Pellegrini",2015,GENERALES,2015-10-25,2015-09-01,SPEI12_genlogistic_global_era5_moda_ref1991to2020_201509.nc,0,0,0.2866276204586029
014020,General Roca,2015,GENERALES,2015-10-25,2015-09-01,SPEI12_genlogistic_global_era5_moda_ref1991to2020_201509.nc,0,0,-0.7252935767173767
014019,San Alberto,2015,GENERALES,2015-10-25,2015-09-01,SPEI12_genlogistic_global_era5_moda_ref1991to2020_201509.nc,0,0,-0.44289228320121765
054011,Montecarlo,2015,GENERALES,2015-10-25,2015-09-01,SPEI12_genlogistic_global_era5_moda_ref1991to2020_201509.nc,0,0,0.7368547320365906
014018,Presidente Roque Saénz Peña,2015,GENERALES,2015-10-25,2015-09-01,SPEI12_genlogistic_global_era5_moda_ref1991to2020_201509.nc,0,0,-0.6053319573402405
050013,Lavalle,2015,GENERALES,2015-10-25,2015-09-01,SPEI12_genlogistic_global_era5_moda_ref1991to2020_201509.nc,0,0,0.009249210357666016
006047,"Capitán Sarmiento, San Antonio de Areco",2015,GENERALES,2015-10-25,2015-09-01,SPEI12_genlogistic_global_era5_moda_ref1991to2020_201509.nc,0,0,-0.10762741416692734
018011,Monte Caseros,2015,GENERALES,2015-10-25,2015-09-01,SPEI12_genlogistic_global_era5_moda_ref1991to2020_201509.nc,0,0,-0.08668600022792816
010004,"Belén, Pomán",2015,GENERALES,2015-10-25,2015-09-01,SPEI12_genlogistic_global_era5_moda_ref1991to2020_201509.nc,0,0,-0.555654764175415
058005,Zapala,2015,GENERALES,2015-10-25,2015-09-01,SPEI12_genlogistic_global_era5_moda_ref1991to2020_201509.nc,0,0,0.0383027158677578
006046,"Guaminí, Pellegrini, Rivadavia, Tres Lomas",2015,GENERALES,2015-10-25,2015-09-01,SPEI12_genlogistic_global_era5_moda_ref1991to2020_201509.nc,0,0,-1.1583142280578613
018010,Bella Vista,2015,GENERALES,2015-10-25,2015-09-01,SPEI12_genlogistic_global_era5_moda_ref1991to2020_201509.nc,0,0,-0.1966419368982315
006045,Coronel Suárez,2015,GENERALES,2015-10-25,2015-09-01,SPEI12_genlogistic_global_era5_moda_ref1991to2020_201509.nc,0,0,-0.8848349452018738
058004,"Chos Malal, Pehuenches",2015,GENERALES,2015-10-25,2015-09-01,SPEI12_genlogistic_global_era5_moda_ref1991to2020_201509.nc,0,0,-0.12275026738643646
090005,Burruyacú,2015,GENERALES,2015-10-25,2015-09-01,SPEI12_genlogistic_global_era5_moda_ref1991to2020_201509.nc,0,0,0.4066580533981323
050012,Junín,2015,GENERALES,2015-10-25,2015-09-01,SPEI12_genlogistic_global_era5_moda_ref1991to2020_201509.nc,0,0,-0.021477000787854195
066008,"Guachipas, La Candelaria, Rosario de la Frontera",2015,GENERALES,2015-10-25,2015-09-01,SPEI12_genlogistic_global_era5_moda_ref1991to2020_201509.nc,0,0,0.20364250242710114
006044,Pehuajó,2015,GENERALES,2015-10-25,2015-09-01,SPEI12_genlogistic_global_era5_moda_ref1991to2020_201509.nc,0,0,-1.1382603645324707
086007,General Taboada,2015,GENERALES,2015-10-25,2015-09-01,SPEI12_genlogistic_global_era5_moda_ref1991to2020_201509.nc,0,0,0.6583936214447021
030009,Nogoyá,2015,GENERALES,2015-10-25,2015-09-01,SPEI12_genlogistic_global_era5_moda_ref1991to2020_201509.nc,0,0,0.22409315407276154
026005,"Florentino Ameghino, Gaimán, Gastre, Mártires, Paso de los Indios, Río Senguer, Sarmiento, Tehuelches, Telsen",2015,GENERALES,2015-10-25,2015-09-01,SPEI12_genlogistic_global_era5_moda_ref1991to2020_201509.nc,1.3222023844718933,0.22193382028490305,-0.8251124024391174
010003,"Fray Mamerto Esquiú, Valle Viejo",2015,GENERALES,2015-10-25,2015-09-01,SPEI12_genlogistic_global_era5_moda_ref1991to2020_201509.nc,0,0,-0.053557321429252625
066007,Metán,2015,GENERALES,2015-10-25,2015-09-01,SPEI12_genlogistic_global_era5_moda_ref1991to2020_201509.nc,0,0,0.10093586891889572
006043,"Adolfo González Chaves, Benito Juárez, San Cayetano",2015,GENERALES,2015-10-25,2015-09-01,SPEI12_genlogistic_global_era5_moda_ref1991to2020_201509.nc,0,0,-0.9313400983810425
018009,Mercedes,2015,GENERALES,2015-10-25,2015-09-01,SPEI12_genlogistic_global_era5_moda_ref1991to2020_201509.nc,0,0,-0.19549889862537384
010002,"Andalgalá, Santa María",2015,GENERALES,2015-10-25,2015-09-01,SPEI12_genlogistic_global_era5_moda_ref1991to2020_201509.nc,0,0,-0.816199541091919
018008,"Empedrado, Mburucuyá, San Luis del Palmar",2015,GENERALES,2015-10-25,2015-09-01,SPEI12_genlogistic_global_era5_moda_ref1991to2020_201509.nc,0,0,0.07631103694438934
006042,Bragado,2015,GENERALES,2015-10-25,2015-09-01,SPEI12_genlogistic_global_era5_moda_ref1991to2020_201509.nc,0,0,-0.41912245750427246
006041,General Alvarado,2015,GENERALES,2015-10-25,2015-09-01,SPEI12_genlogistic_global_era5_moda_ref1991to2020_201509.nc,0,0,-1.0250166654586792
062004,"El Cuy, 9 de Julio, Ñorquincó, Pilcaniyeu, Valcheta, 25 de Mayo",2015,GENERALES,2015-10-25,2015-09-01,SPEI12_genlogistic_global_era5_moda_ref1991to2020_201509.nc,0,0,-0.6152297258377075
074003,"Ayacucho, Belgrano, Coronel Pringles, Libertador General San Martín",2015,GENERALES,2015-10-25,2015-09-01,SPEI12_genlogistic_global_era5_moda_ref1991to2020_201509.nc,0,0,0.1482306271791458
018007,"Ituzaingó, San Miguel",2015,GENERALES,2015-10-25,2015-09-01,SPEI12_genlogistic_global_era5_moda_ref1991to2020_201509.nc,0,0,0.2832094728946686
082016,San Justo,2015,GENERALES,2015-10-25,2015-09-01,SPEI12_genlogistic_global_era5_moda_ref1991to2020_201509.nc,0,0,0.22627480328083038
006040,"Carmen de Areco, Navarro, Suipacha",2015,GENERALES,2015-10-25,2015-09-01,SPEI12_genlogistic_global_era5_moda_ref1991to2020_201509.nc,7.233256101608276,7.233256101608276,-0.7760826945304871
006039,"Ayacucho, General Guido, Pila, Rauch",2015,GENERALES,2015-10-25,2015-09-01,SPEI12_genlogistic_global_era5_moda_ref1991to2020_201509.nc,8.123894035816193,8.123894035816193,-1.1824464797973633
042003,"Conhello, Rancul, Toay, Trenel",2015,GENERALES,2015-10-25,2015-09-01,SPEI12_genlogistic_global_era5_moda_ref1991to2020_201509.nc,0,0,-0.6013379096984863
086006,"Choya, Guasayan",2015,GENERALES,2015-10-25,2015-09-01,SPEI12_genlogistic_global_era5_moda_ref1991to2020_201509.nc,0,0,0.21379640698432922
054010,General Manuel Belgrano,2015,GENERALES,2015-10-25,2015-09-01,SPEI12_genlogistic_global_era5_moda_ref1991to2020_201509.nc,0,0,0.6285666823387146
006038,Trenque Lauquen,2015,GENERALES,2015-10-25,2015-09-01,SPEI12_genlogistic_global_era5_moda_ref1991to2020_201509.nc,0,0,-1.2393490076065063
026004,Futaleufú,2015,GENERALES,2015-10-25,2015-09-01,SPEI12_genlogistic_global_era5_moda_ref1991to2020_201509.nc,0,0,0.022724108770489693
054009,Apóstoles,2015,GENERALES,2015-10-25,2015-09-01,SPEI12_genlogistic_global_era5_moda_ref1991to2020_201509.nc,0,0,0.5441502332687378
022008,"General Donovan, Libertad, Presidencia de La Plaza, Tapenaga",2015,GENERALES,2015-10-25,2015-09-01,SPEI12_genlogistic_global_era5_moda_ref1991to2020_201509.nc,0,0,-0.39353492856025696
006037,"Puan, Villarino",2015,GENERALES,2015-10-25,2015-09-01,SPEI12_genlogistic_global_era5_moda_ref1991to2020_201509.nc,0,0,-0.3150680363178253
038005,"Cochinoca, Rinconada, Santa Catalina, Susques, Tumbaya, Yaví",2015,GENERALES,2015-10-25,2015-09-01,SPEI12_genlogistic_global_era5_moda_ref1991to2020_201509.nc,0,0,-0.029138250276446342
086005,Robles,2015,GENERALES,2015-10-25,2015-09-01,SPEI12_genlogistic_global_era5_moda_ref1991to2020_201509.nc,0,0,0.25899261236190796
030008,Diamante,2015,GENERALES,2015-10-25,2015-09-01,SPEI12_genlogistic_global_era5_moda_ref1991to2020_201509.nc,0,0,-0.055364012718200684
082015,Belgrano,2015,GENERALES,2015-10-25,2015-09-01,SPEI12_genlogistic_global_era5_moda_ref1991to2020_201509.nc,3.883623704314232,3.883623704314232,-0.3450915813446045
050011,General Alvear,2015,GENERALES,2015-10-25,2015-09-01,SPEI12_genlogistic_global_era5_moda_ref1991to2020_201509.nc,0,0,-0.03996432572603226
014017,Río Primero,2015,GENERALES,2015-10-25,2015-09-01,SPEI12_genlogistic_global_era5_moda_ref1991to2020_201509.nc,0,0,0.1561584621667862
006036,9 de Julio,2015,GENERALES,2015-10-25,2015-09-01,SPEI12_genlogistic_global_era5_moda_ref1991to2020_201509.nc,0,0,-0.5837999582290649
066006,General Güemes,2015,GENERALES,2015-10-25,2015-09-01,SPEI12_genlogistic_global_era5_moda_ref1991to2020_201509.nc,0,0,0.020352404564619064
066005,"La Caldera, Rosario de Lerma",2015,GENERALES,2015-10-25,2015-09-01,SPEI12_genlogistic_global_era5_moda_ref1991to2020_201509.nc,0.16423012129962444,0,-0.7224699258804321
054008,Libertador General San Martín,2015,GENERALES,2015-10-25,2015-09-01,SPEI12_genlogistic_global_era5_moda_ref1991to2020_201509.nc,0,0,0.625538170337677
070007,Santa Lucía,2015,GENERALES,2015-10-25,2015-09-01,SPEI12_genlogistic_global_era5_moda_ref1991to2020_201509.nc,0,0,-0.008217265829443932
018006,Paso de los Libres,2015,GENERALES,2015-10-25,2015-09-01,SPEI12_genlogistic_global_era5_moda_ref1991to2020_201509.nc,0,0,-0.1200517788529396
022007,"9 de Julio, O'Higgins",2015,GENERALES,2015-10-25,2015-09-01,SPEI12_genlogistic_global_era5_moda_ref1991to2020_201509.nc,0,0,-0.6486980319023132
006035,Chacabuco,2015,GENERALES,2015-10-25,2015-09-01,SPEI12_genlogistic_global_era5_moda_ref1991to2020_201509.nc,0,0,-0.20739500224590302
046002,Chilecito,2015,GENERALES,2015-10-25,2015-09-01,SPEI12_genlogistic_global_era5_moda_ref1991to2020_201509.nc,0,0,-0.10724745690822601
014016,"Ischilín, Totoral",2015,GENERALES,2015-10-25,2015-09-01,SPEI12_genlogistic_global_era5_moda_ref1991to2020_201509.nc,0,0,0.2205418348312378
050010,Tunuyán,2015,GENERALES,2015-10-25,2015-09-01,SPEI12_genlogistic_global_era5_moda_ref1991to2020_201509.nc,0,0,-0.012314710766077042
006034,"Coronel Dorrego, Coronel Pringles, Monte Hermoso, Tornquist",2015,GENERALES,2015-10-25,2015-09-01,SPEI12_genlogistic_global_era5_moda_ref1991to2020_201509.nc,0,0,-0.7257960438728333
006033,"General Las Heras, Lobos",2015,GENERALES,2015-10-25,2015-09-01,SPEI12_genlogistic_global_era5_moda_ref1991to2020_201509.nc,2.41213645786047,2.41213645786047,-0.6810855269432068
030007,Gualeguay,2015,GENERALES,2015-10-25,2015-09-01,SPEI12_genlogistic_global_era5_moda_ref1991to2020_201509.nc,0,0,-0.029487725347280502
014015,Calamuchita,2015,GENERALES,2015-10-25,2015-09-01,SPEI12_genlogistic_global_era5_moda_ref1991to2020_201509.nc,0,0,-0.48536452651023865
082014,Vera,2015,GENERALES,2015-10-25,2015-09-01,SPEI12_genlogistic_global_era5_moda_ref1991to2020_201509.nc,0,0,-0.00905459001660347
006032,Marcos Paz,2015,GENERALES,2015-10-25,2015-09-01,SPEI12_genlogistic_global_era5_moda_ref1991to2020_201509.nc,0,0,-0.5556103587150574
070006,Pocito,2015,GENERALES,2015-10-25,2015-09-01,SPEI12_genlogistic_global_era5_moda_ref1991to2020_201509.nc,0,0,0.013036299496889114
018005,"Curuzú Cuatiá, Sauce",2015,GENERALES,2015-10-25,2015-09-01,SPEI12_genlogistic_global_era5_moda_ref1991to2020_201509.nc,0,0,-0.28546154499053955
014014,San Javier,2015,GENERALES,2015-10-25,2015-09-01,SPEI12_genlogistic_global_era5_moda_ref1991to2020_201509.nc,0,0,-0.4395543038845062
006031,Cañuelas,2015,GENERALES,2015-10-25,2015-09-01,SPEI12_genlogistic_global_era5_moda_ref1991to2020_201509.nc,0,0,-0.610396146774292
006030,"Bolívar, General Alvear, Tapalqué",2015,GENERALES,2015-10-25,2015-09-01,SPEI12_genlogistic_global_era5_moda_ref1991to2020_201509.nc,0,0,-0.6077598929405212
054007,Cainguas,2015,GENERALES,2015-10-25,2015-09-01,SPEI12_genlogistic_global_era5_moda_ref1991to2020_201509.nc,0,0,0.5523951649665833
058003,"Huiliches, Lácar, Los Lagos",2015,GENERALES,2015-10-25,2015-09-01,SPEI12_genlogistic_global_era5_moda_ref1991to2020_201509.nc,0,0,-0.3134218454360962
086004,Río Hondo,2015,GENERALES,2015-10-25,2015-09-01,SPEI12_genlogistic_global_era5_moda_ref1991to2020_201509.nc,0,0,0.08998440206050873
022006,Mayor Luis J. Fontana,2015,GENERALES,2015-10-25,2015-09-01,SPEI12_genlogistic_global_era5_moda_ref1991to2020_201509.nc,0,0,-0.2198323905467987
090004,Leales,2015,GENERALES,2015-10-25,2015-09-01,SPEI12_genlogistic_global_era5_moda_ref1991to2020_201509.nc,0,0,-0.09652704745531082
058002,"Aluminé, Añelo, Catán-Lil, Collón-Cura, Loncopué, Minas, Ñorquin, Picún-Leufú, Picunches",2015,GENERALES,2015-10-25,2015-09-01,SPEI12_genlogistic_global_era5_moda_ref1991to2020_201509.nc,0,0,-0.281623899936676
018004,"Berón de Astrada, Concepción, General Paz, San Roque",2015,GENERALES,2015-10-25,2015-09-01,SPEI12_genlogistic_global_era5_moda_ref1991to2020_201509.nc,0,0,0.021427934989333153
050009,Rivadavia,2015,GENERALES,2015-10-25,2015-09-01,SPEI12_genlogistic_global_era5_moda_ref1991to2020_201509.nc,0,0,-0.10747680813074112
006029,Ensenada,2015,GENERALES,2015-10-25,2015-09-01,SPEI12_genlogistic_global_era5_moda_ref1991to2020_201509.nc,0,0,-0.657296359539032
006028,Tres Arroyos,2015,GENERALES,2015-10-25,2015-09-01,SPEI12_genlogistic_global_era5_moda_ref1991to2020_201509.nc,0,0,-0.7029741406440735
066004,Anta,2015,GENERALES,2015-10-25,2015-09-01,SPEI12_genlogistic_global_era5_moda_ref1991to2020_201509.nc,0,0,-0.1714450865983963
054006,San Ignacio,2015,GENERALES,2015-10-25,2015-09-01,SPEI12_genlogistic_global_era5_moda_ref1991to2020_201509.nc,0,0,0.2399466633796692
042002,Maracó,2015,GENERALES,2015-10-25,2015-09-01,SPEI12_genlogistic_global_era5_moda_ref1991to2020_201509.nc,0,0,-1.1705158948898315
062003,Adolfo Alsina,2015,GENERALES,2015-10-25,2015-09-01,SPEI12_genlogistic_global_era5_moda_ref1991to2020_201509.nc,0,0,0.24822427332401276
006027,San Pedro,2015,GENERALES,2015-10-25,2015-09-01,SPEI12_genlogistic_global_era5_moda_ref1991to2020_201509.nc,0,0,-0.22210438549518585
018003,Santo Tomé,2015,GENERALES,2015-10-25,2015-09-01,SPEI12_genlogistic_global_era5_moda_ref1991to2020_201509.nc,0,0,0.5341516733169556
006026,"Alberti, Roque Pérez, 25 de Mayo",2015,GENERALES,2015-10-25,2015-09-01,SPEI12_genlogistic_global_era5_moda_ref1991to2020_201509.nc,0,0,-0.4288124740123749
006025,"Chascomus, Magdalena, Punta Indio",2015,GENERALES,2015-10-25,2015-09-01,SPEI12_genlogistic_global_era5_moda_ref1991to2020_201509.nc,0,0,-0.22693988680839539
006024,"General Viamonte, Lincoln",2015,GENERALES,2015-10-25,2015-09-01,SPEI12_genlogistic_global_era5_moda_ref1991to2020_201509.nc,0,0,-0.5297485589981079
022005,"San Lorenzo, Sargento Cabral, 25 de Mayo",2015,GENERALES,2015-10-25,2015-09-01,SPEI12_genlogistic_global_era5_moda_ref1991to2020_201509.nc,0,0,-0.466169536113739
006023,Coronel de Marine L. Rosales,2015,GENERALES,2015-10-25,2015-09-01,SPEI12_genlogistic_global_era5_moda_ref1991to2020_201509.nc,0,0,-0.823010265827179
006022,"Balcarce, Lobería",2015,GENERALES,2015-10-25,2015-09-01,SPEI12_genlogistic_global_era5_moda_ref1991to2020_201509.nc,0,0,-1.1572481393814087
006021,Mercedes,2015,GENERALES,2015-10-25,2015-09-01,SPEI12_genlogistic_global_era5_moda_ref1991to2020_201509.nc,73.36280345916748,73.36280345916748,-6.082640171051025
014013,Juárez Celman,2015,GENERALES,2015-10-25,2015-09-01,SPEI12_genlogistic_global_era5_moda_ref1991to2020_201509.nc,0,0,-0.1760782152414322
070005,"Angaco, Caucete, 25 de Mayo",2015,GENERALES,2015-10-25,2015-09-01,SPEI12_genlogistic_global_era5_moda_ref1991to2020_201509.nc,0,0,-0.306244432926178
082013,San Martín,2015,GENERALES,2015-10-25,2015-09-01,SPEI12_genlogistic_global_era5_moda_ref1991to2020_201509.nc,24.609093368053436,24.609093368053436,-2.026907205581665
006020,Chivilcoy,2015,GENERALES,2015-10-25,2015-09-01,SPEI12_genlogistic_global_era5_moda_ref1991to2020_201509.nc,0,0,-0.1723194569349289
006019,Azul,2015,GENERALES,2015-10-25,2015-09-01,SPEI12_genlogistic_global_era5_moda_ref1991to2020_201509.nc,0,0,-0.5295418500900269
082012,Iriondo,2015,GENERALES,2015-10-25,2015-09-01,SPEI12_genlogistic_global_era5_moda_ref1991to2020_201509.nc,0,0,-0.015277995727956295
086003,"Alberdi, Juan F. Ibarra, Moreno",2015,GENERALES,2015-10-25,2015-09-01,SPEI12_genlogistic_global_era5_moda_ref1991to2020_201509.nc,0,0,0.01257164403796196
082011,San Cristóbal,2015,GENERALES,2015-10-25,2015-09-01,SPEI12_genlogistic_global_era5_moda_ref1991to2020_201509.nc,0,0,0.12030640244483948
022004,General Güemes,2015,GENERALES,2015-10-25,2015-09-01,SPEI12_genlogistic_global_era5_moda_ref1991to2020_201509.nc,0,0,-0.05546403303742409
030006,La Paz,2015,GENERALES,2015-10-25,2015-09-01,SPEI12_genlogistic_global_era5_moda_ref1991to2020_201509.nc,0,0,0.3422306478023529
030005,Federación,2015,GENERALES,2015-10-25,2015-09-01,SPEI12_genlogistic_global_era5_moda_ref1991to2020_201509.nc,0,0,0.18054035305976868
054005,Guaraní,2015,GENERALES,2015-10-25,2015-09-01,SPEI12_genlogistic_global_era5_moda_ref1991to2020_201509.nc,0,0,0.6922363638877869
014012,"Cruz del Eje, Minas, Pocho",2015,GENERALES,2015-10-25,2015-09-01,SPEI12_genlogistic_global_era5_moda_ref1991to2020_201509.nc,0,0,-0.14863668382167816
022003,"Libertador General San Martín, 1 de Mayo",2015,GENERALES,2015-10-25,2015-09-01,SPEI12_genlogistic_global_era5_moda_ref1991to2020_201509.nc,0,0,-0.2671020030975342
094001,"Río Grande, Antarctic Argentina",2015,GENERALES,2015-10-25,2015-09-01,SPEI12_genlogistic_global_era5_moda_ref1991to2020_201509.nc,0,0,-0.22123663127422333
006018,"General Lavalle, La Costa",2015,GENERALES,2015-10-25,2015-09-01,SPEI12_genlogistic_global_era5_moda_ref1991to2020_201509.nc,0,0,-0.45742666721343994
038004,San Pedro,2015,GENERALES,2015-10-25,2015-09-01,SPEI12_genlogistic_global_era5_moda_ref1991to2020_201509.nc,0,0,-0.16041898727416992
054004,El Dorado,2015,GENERALES,2015-10-25,2015-09-01,SPEI12_genlogistic_global_era5_moda_ref1991to2020_201509.nc,0,0,0.6742029786109924
082010,Caseros,2015,GENERALES,2015-10-25,2015-09-01,SPEI12_genlogistic_global_era5_moda_ref1991to2020_201509.nc,0,0,-0.11487410217523575
026003,Biedma,2015,GENERALES,2015-10-25,2015-09-01,SPEI12_genlogistic_global_era5_moda_ref1991to2020_201509.nc,0,0,-0.39603757858276367
082009,San Jerónimo,2015,GENERALES,2015-10-25,2015-09-01,SPEI12_genlogistic_global_era5_moda_ref1991to2020_201509.nc,0,0,0.0510542094707489
054003,Iguazú,2015,GENERALES,2015-10-25,2015-09-01,SPEI12_genlogistic_global_era5_moda_ref1991to2020_201509.nc,0,0,0.534358024597168
034004,"Bermejo, Patiño",2015,GENERALES,2015-10-25,2015-09-01,SPEI12_genlogistic_global_era5_moda_ref1991to2020_201509.nc,0,0,-0.34629660844802856
006017,"Presidente Perón, San Vicente",2015,GENERALES,2015-10-25,2015-09-01,SPEI12_genlogistic_global_era5_moda_ref1991to2020_201509.nc,0,0,-0.6804467439651489
070004,Rivadavia,2015,GENERALES,2015-10-25,2015-09-01,SPEI12_genlogistic_global_era5_moda_ref1991to2020_201509.nc,0,0,0.26170167326927185
034003,Pilcomayo,2015,GENERALES,2015-10-25,2015-09-01,SPEI12_genlogistic_global_era5_moda_ref1991to2020_201509.nc,0,0,-0.40732577443122864
006016,General Rodríguez,2015,GENERALES,2015-10-25,2015-09-01,SPEI12_genlogistic_global_era5_moda_ref1991to2020_201509.nc,0.23894780315458775,0.23894780315458775,-0.5157176852226257
070003,Chimbas,2015,GENERALES,2015-10-25,2015-09-01,SPEI12_genlogistic_global_era5_moda_ref1991to2020_201509.nc,0,0,-0.004701555706560612
006015,Berisso,2015,GENERALES,2015-10-25,2015-09-01,SPEI12_genlogistic_global_era5_moda_ref1991to2020_201509.nc,0,0,-0.6499110460281372
082008,Constitución,2015,GENERALES,2015-10-25,2015-09-01,SPEI12_genlogistic_global_era5_moda_ref1991to2020_201509.nc,0,0,0.029405033215880394
006014,Junín,2015,GENERALES,2015-10-25,2015-09-01,SPEI12_genlogistic_global_era5_moda_ref1991to2020_201509.nc,0,0,-0.12906144559383392
018002,Goya,2015,GENERALES,2015-10-25,2015-09-01,SPEI12_genlogistic_global_era5_moda_ref1991to2020_201509.nc,0,0,-0.17693281173706055
006013,Necochea,2015,GENERALES,2015-10-25,2015-09-01,SPEI12_genlogistic_global_era5_moda_ref1991to2020_201509.nc,0,0,-1.066050410270691
006012,Campana,2015,GENERALES,2015-10-25,2015-09-01,SPEI12_genlogistic_global_era5_moda_ref1991to2020_201509.nc,0,0,-0.5637539625167847
014011,Santa María,2015,GENERALES,2015-10-25,2015-09-01,SPEI12_genlogistic_global_era5_moda_ref1991to2020_201509.nc,0,0,-0.10750538855791092
022002,Comandante Fernandez,2015,GENERALES,2015-10-25,2015-09-01,SPEI12_genlogistic_global_era5_moda_ref1991to2020_201509.nc,0,0,-0.6310632824897766
090003,"Chicligasta, Granero, Juan Bautista Alberdi, La Cocha, Monteros, Río Chico, Simoca",2015,GENERALES,2015-10-25,2015-09-01,SPEI12_genlogistic_global_era5_moda_ref1991to2020_201509.nc,0,0,-0.11060375720262527
034002,"Laishi, Pilagás, Pirané",2015,GENERALES,2015-10-25,2015-09-01,SPEI12_genlogistic_global_era5_moda_ref1991to2020_201509.nc,0,0,-0.32404592633247375
038003,"Ledesma, Santa Bárbara",2015,GENERALES,2015-10-25,2015-09-01,SPEI12_genlogistic_global_era5_moda_ref1991to2020_201509.nc,0,0,-0.024145808070898056
030004,Uruguay,2015,GENERALES,2015-10-25,2015-09-01,SPEI12_genlogistic_global_era5_moda_ref1991to2020_201509.nc,0,0,0.03290021792054176
038002,"El Carmen, San Antonio",2015,GENERALES,2015-10-25,2015-09-01,SPEI12_genlogistic_global_era5_moda_ref1991to2020_201509.nc,0,0,-0.24281789362430573
014010,Marcos Juárez,2015,GENERALES,2015-10-25,2015-09-01,SPEI12_genlogistic_global_era5_moda_ref1991to2020_201509.nc,0,0,-0.17150725424289703
014009,Unión,2015,GENERALES,2015-10-25,2015-09-01,SPEI12_genlogistic_global_era5_moda_ref1991to2020_201509.nc,0,0,-0.09917142242193222
042001,Capital,2015,GENERALES,2015-10-25,2015-09-01,SPEI12_genlogistic_global_era5_moda_ref1991to2020_201509.nc,0,0,-0.6817233562469482
014008,Río Segundo,2015,GENERALES,2015-10-25,2015-09-01,SPEI12_genlogistic_global_era5_moda_ref1991to2020_201509.nc,0,0,0.14082148671150208
082007,Las Colonias,2015,GENERALES,2015-10-25,2015-09-01,SPEI12_genlogistic_global_era5_moda_ref1991to2020_201509.nc,0,0,0.13970260322093964
006011,Luján,2015,GENERALES,2015-10-25,2015-09-01,SPEI12_genlogistic_global_era5_moda_ref1991to2020_201509.nc,22.640064358711243,22.640064358711243,-2.1939749717712402
078002,Deseado,2015,GENERALES,2015-10-25,2015-09-01,SPEI12_genlogistic_global_era5_moda_ref1991to2020_201509.nc,0.08077442180365324,0,-0.8979321718215942
006010,Pergamino,2015,GENERALES,2015-10-25,2015-09-01,SPEI12_genlogistic_global_era5_moda_ref1991to2020_201509.nc,21.25394493341446,21.25394493341446,-1.7418452501296997
054002,Oberá,2015,GENERALES,2015-10-25,2015-09-01,SPEI12_genlogistic_global_era5_moda_ref1991to2020_201509.nc,0,0,0.211174875497818
006009,Olavarría,2015,GENERALES,2015-10-25,2015-09-01,SPEI12_genlogistic_global_era5_moda_ref1991to2020_201509.nc,0,0,-1.001521110534668
070002,Capital,2015,GENERALES,2015-10-25,2015-09-01,SPEI12_genlogistic_global_era5_moda_ref1991to2020_201509.nc,0,0,-0.008217265829443932
014007,Tercero Arriba,2015,GENERALES,2015-10-25,2015-09-01,SPEI12_genlogistic_global_era5_moda_ref1991to2020_201509.nc,0,0,-0.08372952044010162
030003,"Gualeguaychú, Islas del Ibicuy",2015,GENERALES,2015-10-25,2015-09-01,SPEI12_genlogistic_global_era5_moda_ref1991to2020_201509.nc,0,0,-0.1580306887626648
050008,Capital,2015,GENERALES,2015-10-25,2015-09-01,SPEI12_genlogistic_global_era5_moda_ref1991to2020_201509.nc,0,0,-0.0580432265996933
006008,Zárate,2015,GENERALES,2015-10-25,2015-09-01,SPEI12_genlogistic_global_era5_moda_ref1991to2020_201509.nc,0,0,-0.48468753695487976
078001,Guer Aike,2015,GENERALES,2015-10-25,2015-09-01,SPEI12_genlogistic_global_era5_moda_ref1991to2020_201509.nc,0,0,0.24816642701625824
070001,Rawson,2015,GENERALES,2015-10-25,2015-09-01,SPEI12_genlogistic_global_era5_moda_ref1991to2020_201509.nc,0,0,-0.040988996624946594
050007,Luján de Cuyo,2015,GENERALES,2015-10-25,2015-09-01,SPEI12_genlogistic_global_era5_moda_ref1991to2020_201509.nc,0,0,-0.36062291264533997
050006,San Martín,2015,GENERALES,2015-10-25,2015-09-01,SPEI12_genlogistic_global_era5_moda_ref1991to2020_201509.nc,0,0,-0.027470894157886505
006007,Tandil,2015,GENERALES,2015-10-25,2015-09-01,SPEI12_genlogistic_global_era5_moda_ref1991to2020_201509.nc,0,0,-0.9134153723716736
014006,General San Martín,2015,GENERALES,2015-10-25,2015-09-01,SPEI12_genlogistic_global_era5_moda_ref1991to2020_201509.nc,0,0,0.06929758191108704
062002,Bariloche,2015,GENERALES,2015-10-25,2015-09-01,SPEI12_genlogistic_global_era5_moda_ref1991to2020_201509.nc,13.064639270305634,13.064639270305634,-1.3330391645431519
026002,Rawson,2015,GENERALES,2015-10-25,2015-09-01,SPEI12_genlogistic_global_era5_moda_ref1991to2020_201509.nc,1.1864054948091507,0,-1.1061867475509644
074002,"General Pedernera, Gobernador Dupuy",2015,GENERALES,2015-10-25,2015-09-01,SPEI12_genlogistic_global_era5_moda_ref1991to2020_201509.nc,0,0,-0.32271263003349304
086002,Banda,2015,GENERALES,2015-10-25,2015-09-01,SPEI12_genlogistic_global_era5_moda_ref1991to2020_201509.nc,0,0,0.19205166399478912
006006,San Nicolás,2015,GENERALES,2015-10-25,2015-09-01,SPEI12_genlogistic_global_era5_moda_ref1991to2020_201509.nc,0,0,-0.33724549412727356
066003,"Iruya, Orán, Santa Victoria",2015,GENERALES,2015-10-25,2015-09-01,SPEI12_genlogistic_global_era5_moda_ref1991to2020_201509.nc,0,0,-0.1720045655965805
082006,San Lorenzo,2015,GENERALES,2015-10-25,2015-09-01,SPEI12_genlogistic_global_era5_moda_ref1991to2020_201509.nc,0,0,-0.092670343816280365
066002,General Jose de San Martín,2015,GENERALES,2015-10-25,2015-09-01,SPEI12_genlogistic_global_era5_moda_ref1991to2020_201509.nc,0,0,0.5174309611320496
010001,Capital,2015,GENERALES,2015-10-25,2015-09-01,SPEI12_genlogistic_global_era5_moda_ref1991to2020_201509.nc,0,0,0.09460669010877609
006092,San Fernando,2015,GENERALES,2015-10-25,2015-09-01,SPEI12_genlogistic_global_era5_moda_ref1991to2020_201509.nc,0,0,-0.5620401501655579
014005,Punilla,2015,GENERALES,2015-10-25,2015-09-01,SPEI12_genlogistic_global_era5_moda_ref1991to2020_201509.nc,0,0,0.04744492098689079
050005,Maipú,2015,GENERALES,2015-10-25,2015-09-01,SPEI12_genlogistic_global_era5_moda_ref1991to2020_201509.nc,0,0,0.08222685754299164
082005,General Obligado,2015,GENERALES,2015-10-25,2015-09-01,SPEI12_genlogistic_global_era5_moda_ref1991to2020_201509.nc,0,0,-0.12458612769842148
082004,Castellanos,2015,GENERALES,2015-10-25,2015-09-01,SPEI12_genlogistic_global_era5_moda_ref1991to2020_201509.nc,0,0,0.34342509508132935
046001,Capital,2015,GENERALES,2015-10-25,2015-09-01,SPEI12_genlogistic_global_era5_moda_ref1991to2020_201509.nc,0,0,-0.31027328968048096
090002,Cruz Alta,2015,GENERALES,2015-10-25,2015-09-01,SPEI12_genlogistic_global_era5_moda_ref1991to2020_201509.nc,0,0,0.09225542843341827
030002,"Colón, Concordia, Federal, Feliciano, San Salvador, Villaguay",2015,GENERALES,2015-10-25,2015-09-01,SPEI12_genlogistic_global_era5_moda_ref1991to2020_201509.nc,0,0,0.20059895515441895
050004,San Rafael,2015,GENERALES,2015-10-25,2015-09-01,SPEI12_genlogistic_global_era5_moda_ref1991to2020_201509.nc,0,0,-0.0947108194231987
026001,Escalante,2015,GENERALES,2015-10-25,2015-09-01,SPEI12_genlogistic_global_era5_moda_ref1991to2020_201509.nc,1.9206076860427856,0,-1.0715962648391724
082003,General López,2015,GENERALES,2015-10-25,2015-09-01,SPEI12_genlogistic_global_era5_moda_ref1991to2020_201509.nc,0,0,0.04082302004098892
050003,Godoy Cruz,2015,GENERALES,2015-10-25,2015-09-01,SPEI12_genlogistic_global_era5_moda_ref1991to2020_201509.nc,0,0,-0.04110893979668617
074001,La Capital,2015,GENERALES,2015-10-25,2015-09-01,SPEI12_genlogistic_global_era5_moda_ref1991to2020_201509.nc,0,0,-0.09769633412361145
014004,San Justo,2015,GENERALES,2015-10-25,2015-09-01,SPEI12_genlogistic_global_era5_moda_ref1991to2020_201509.nc,0,0,0.3777275085449219
050002,Las Heras,2015,GENERALES,2015-10-25,2015-09-01,SPEI12_genlogistic_global_era5_moda_ref1991to2020_201509.nc,0,0,-0.34316346049308777
006005,Escobar,2015,GENERALES,2015-10-25,2015-09-01,SPEI12_genlogistic_global_era5_moda_ref1991to2020_201509.nc,0,0,-0.6100414991378784
014003,Colón,2015,GENERALES,2015-10-25,2015-09-01,SPEI12_genlogistic_global_era5_moda_ref1991to2020_201509.nc,0,0,0.1220737099647522
034001,Formosa,2015,GENERALES,2015-10-25,2015-09-01,SPEI12_genlogistic_global_era5_moda_ref1991to2020_201509.nc,0,0,-0.4809982180595398
014002,Río Cuarto,2015,GENERALES,2015-10-25,2015-09-01,SPEI12_genlogistic_global_era5_moda_ref1991to2020_201509.nc,0,0,-0.5240986347198486
038001,"Dr. Manuel Belgrano, Palpalá",2015,GENERALES,2015-10-25,2015-09-01,SPEI12_genlogistic_global_era5_moda_ref1991to2020_201509.nc,0,0,-0.22719241678714752
086001,Capital,2015,GENERALES,2015-10-25,2015-09-01,SPEI12_genlogistic_global_era5_moda_ref1991to2020_201509.nc,0,0,0.23055751621723175
006091,Vicente López,2015,GENERALES,2015-10-25,2015-09-01,SPEI12_genlogistic_global_era5_moda_ref1991to2020_201509.nc,0,0,-0.558561384677887
050001,Guaymallén,2015,GENERALES,2015-10-25,2015-09-01,SPEI12_genlogistic_global_era5_moda_ref1991to2020_201509.nc,0,0,0.16826826333999634
006090,San Isidro,2015,GENERALES,2015-10-25,2015-09-01,SPEI12_genlogistic_global_era5_moda_ref1991to2020_201509.nc,0,0,-0.558561384677887
006004,Bahía Blanca,2015,GENERALES,2015-10-25,2015-09-01,SPEI12_genlogistic_global_era5_moda_ref1991to2020_201509.nc,0,0,-0.5583630800247192
006003,Pilar,2015,GENERALES,2015-10-25,2015-09-01,SPEI12_genlogistic_global_era5_moda_ref1991to2020_201509.nc,0,0,-0.5720289945602417
006089,"Esteban Echeverría, Ezeiza",2015,GENERALES,2015-10-25,2015-09-01,SPEI12_genlogistic_global_era5_moda_ref1991to2020_201509.nc,0,0,-0.7037587761878967
062001,General Roca,2015,GENERALES,2015-10-25,2015-09-01,SPEI12_genlogistic_global_era5_moda_ref1991to2020_201509.nc,0,0,0.17830444872379303
006088,"Hurlingham, Ituzaingo, Morón",2015,GENERALES,2015-10-25,2015-09-01,SPEI12_genlogistic_global_era5_moda_ref1991to2020_201509.nc,0,0,-0.6214262247085571
054001,"Capital, Leandro N. Alem",2015,GENERALES,2015-10-25,2015-09-01,SPEI12_genlogistic_global_era5_moda_ref1991to2020_201509.nc,0,0,0.2622844874858856
006087,Berazategui,2015,GENERALES,2015-10-25,2015-09-01,SPEI12_genlogistic_global_era5_moda_ref1991to2020_201509.nc,0,0,-0.7063924670219421
006086,"General Sarmiento, Jose C. Paz, Malvinas Argentinas, San Miguel",2015,GENERALES,2015-10-25,2015-09-01,SPEI12_genlogistic_global_era5_moda_ref1991to2020_201509.nc,0,0,-0.5971431732177734
030001,Parana,2015,GENERALES,2015-10-25,2015-09-01,SPEI12_genlogistic_global_era5_moda_ref1991to2020_201509.nc,0,0,0.2252965122461319
006085,Tres de Febrero,2015,GENERALES,2015-10-25,2015-09-01,SPEI12_genlogistic_global_era5_moda_ref1991to2020_201509.nc,0,0,-0.581657886505127
006084,Avellaneda,2015,GENERALES,2015-10-25,2015-09-01,SPEI12_genlogistic_global_era5_moda_ref1991to2020_201509.nc,0,0,-0.7304793000221252
018001,Capital,2015,GENERALES,2015-10-25,2015-09-01,SPEI12_genlogistic_global_era5_moda_ref1991to2020_201509.nc,0,0,0.06807107478380203
058001,Confluencia,2015,GENERALES,2015-10-25,2015-09-01,SPEI12_genlogistic_global_era5_moda_ref1991to2020_201509.nc,0,0,0.4669415056705475
006083,Tigre,2015,GENERALES,2015-10-25,2015-09-01,SPEI12_genlogistic_global_era5_moda_ref1991to2020_201509.nc,0,0,-0.5779573917388916
022001,San Fernando,2015,GENERALES,2015-10-25,2015-09-01,SPEI12_genlogistic_global_era5_moda_ref1991to2020_201509.nc,0,0,-0.20269083976745605
006082,General San Martín,2015,GENERALES,2015-10-25,2015-09-01,SPEI12_genlogistic_global_era5_moda_ref1991to2020_201509.nc,0,0,-0.558561384677887
006081,Florencio Varela,2015,GENERALES,2015-10-25,2015-09-01,SPEI12_genlogistic_global_era5_moda_ref1991to2020_201509.nc,0,0,-0.7128589749336243
006080,Moreno,2015,GENERALES,2015-10-25,2015-09-01,SPEI12_genlogistic_global_era5_moda_ref1991to2020_201509.nc,0,0,-0.6008033752441406
006079,Lanus,2015,GENERALES,2015-10-25,2015-09-01,SPEI12_genlogistic_global_era5_moda_ref1991to2020_201509.nc,0,0,-0.7236047387123108
082002,La Capital,2015,GENERALES,2015-10-25,2015-09-01,SPEI12_genlogistic_global_era5_moda_ref1991to2020_201509.nc,0,0,0.01646805740892887
066001,Capital,2015,GENERALES,2015-10-25,2015-09-01,SPEI12_genlogistic_global_era5_moda_ref1991to2020_201509.nc,0,0,0.013159391470253468
006078,Merlo,2015,GENERALES,2015-10-25,2015-09-01,SPEI12_genlogistic_global_era5_moda_ref1991to2020_201509.nc,0,0,-0.6137599945068359
006077,Almirante Brown,2015,GENERALES,2015-10-25,2015-09-01,SPEI12_genlogistic_global_era5_moda_ref1991to2020_201509.nc,0,0,-0.7222486734390259
006076,Quilmes,2015,GENERALES,2015-10-25,2015-09-01,SPEI12_genlogistic_global_era5_moda_ref1991to2020_201509.nc,0,0,-0.7316404581069946
006002,General Pueyrredón,2015,GENERALES,2015-10-25,2015-09-01,SPEI12_genlogistic_global_era5_moda_ref1991to2020_201509.nc,0,0,-0.9851958155632019
006075,Lomas de Zamora,2015,GENERALES,2015-10-25,2015-09-01,SPEI12_genlogistic_global_era5_moda_ref1991to2020_201509.nc,0,0,-0.7219283580780029
006001,La Plata,2015,GENERALES,2015-10-25,2015-09-01,SPEI12_genlogistic_global_era5_moda_ref1991to2020_201509.nc,0,0,-0.5851537585258484
002001,City of Buenos Aires,2015,GENERALES,2015-10-25,2015-09-01,SPEI12_genlogistic_global_era5_moda_ref1991to2020_201509.nc,0,0,-0.6289564967155457
090001,"Famaillá, Lules, Capital, Tafí del Valle, Tafí Viajo, Trancas, Yerba Buena",2015,GENERALES,2015-10-25,2015-09-01,SPEI12_genlogistic_global_era5_moda_ref1991to2020_201509.nc,0,0,-0.277878999710083
082001,Rosario,2015,GENERALES,2015-10-25,2015-09-01,SPEI12_genlogistic_global_era5_moda_ref1991to2020_201509.nc,0,0,-0.23806637525558472
014001,Capital,2015,GENERALES,2015-10-25,2015-09-01,SPEI12_genlogistic_global_era5_moda_ref1991to2020_201509.nc,0,0,0.0636972039937973
006074,La Matanza,2015,GENERALES,2015-10-25,2015-09-01,SPEI12_genlogistic_global_era5_moda_ref1991to2020_201509.nc,0,0,-0.663033127784729
094002,Ushuaia,2015,GENERALES,2015-10-25,2015-09-01,SPEI12_genlogistic_global_era5_moda_ref1991to2020_201509.nc,0,0,0.2709603011608124
006072,Saavedra,2017,PASO,2017-08-13,2017-07-01,SPEI12_genlogistic_global_era5_moda_ref1991to2020_201707.nc,0,0,0.8133179545402527
006073,"Castelli, Maipú, Tordillo",2017,PASO,2017-08-13,2017-07-01,SPEI12_genlogistic_global_era5_moda_ref1991to2020_201707.nc,0,0,-0.22625648975372314
066013,Chicoana,2017,PASO,2017-08-13,2017-07-01,SPEI12_genlogistic_global_era5_moda_ref1991to2020_201707.nc,0,0,-1.0826075077056885
018016,"General Alvear, San Martín",2017,PASO,2017-08-13,2017-07-01,SPEI12_genlogistic_global_era5_moda_ref1991to2020_201707.nc,0,0,0.27679532766342163
006071,"General La Madrid, Laprida",2017,PASO,2017-08-13,2017-07-01,SPEI12_genlogistic_global_era5_moda_ref1991to2020_201707.nc,0,0,0.2800309956073761
070012,"9 de Julio, San Martín",2017,PASO,2017-08-13,2017-07-01,SPEI12_genlogistic_global_era5_moda_ref1991to2020_201707.nc,0,0,-0.9770554900169373
006070,Monte,2017,PASO,2017-08-13,2017-07-01,SPEI12_genlogistic_global_era5_moda_ref1991to2020_201707.nc,0,0,-0.9456000924110413
006069,Mar Chiquita,2017,PASO,2017-08-13,2017-07-01,SPEI12_genlogistic_global_era5_moda_ref1991to2020_201707.nc,0,0,0.49700677394866943
062007,"Conesa, Pichi Mahuida",2017,PASO,2017-08-13,2017-07-01,SPEI12_genlogistic_global_era5_moda_ref1991to2020_201707.nc,0,0,0.4360378384590149
046006,"Chamical, General Belgrano",2017,PASO,2017-08-13,2017-07-01,SPEI12_genlogistic_global_era5_moda_ref1991to2020_201707.nc,0,0,-0.059953078627586365
078004,"Lago Buenos Aires, Magallanes, Río Chico",2017,PASO,2017-08-13,2017-07-01,SPEI12_genlogistic_global_era5_moda_ref1991to2020_201707.nc,0,0,1.5752516984939575
082019,Garay,2017,PASO,2017-08-13,2017-07-01,SPEI12_genlogistic_global_era5_moda_ref1991to2020_201707.nc,0,0,0.08827739953994751
086015,Avellaneda,2017,PASO,2017-08-13,2017-07-01,SPEI12_genlogistic_global_era5_moda_ref1991to2020_201707.nc,0,0,-0.17982912063598633
066012,"Cafayate, La Vina",2017,PASO,2017-08-13,2017-07-01,SPEI12_genlogistic_global_era5_moda_ref1991to2020_201707.nc,0,0,-0.9232969284057617
074005,Chacabuco,2017,PASO,2017-08-13,2017-07-01,SPEI12_genlogistic_global_era5_moda_ref1991to2020_201707.nc,0,0,-0.109000064432621
042007,"Hucal, Utracán",2017,PASO,2017-08-13,2017-07-01,SPEI12_genlogistic_global_era5_moda_ref1991to2020_201707.nc,0,0,0.3889668881893158
070011,Sarmiento,2017,PASO,2017-08-13,2017-07-01,SPEI12_genlogistic_global_era5_moda_ref1991to2020_201707.nc,0,0,-0.8449930548667908
006068,Carlos Casares,2017,PASO,2017-08-13,2017-07-01,SPEI12_genlogistic_global_era5_moda_ref1991to2020_201707.nc,0,0,-0.30038943886756897
026006,"Cushamen, Languiñeo",2017,PASO,2017-08-13,2017-07-01,SPEI12_genlogistic_global_era5_moda_ref1991to2020_201707.nc,0,0,0.2745094299316406
018015,"Itatí, San Cosme",2017,PASO,2017-08-13,2017-07-01,SPEI12_genlogistic_global_era5_moda_ref1991to2020_201707.nc,0,0,0.48067381978034973
086014,"Figueroa, Sarmiento",2017,PASO,2017-08-13,2017-07-01,SPEI12_genlogistic_global_era5_moda_ref1991to2020_201707.nc,0,0,-0.045009177178144455
006067,San Andrés de Giles,2017,PASO,2017-08-13,2017-07-01,SPEI12_genlogistic_global_era5_moda_ref1991to2020_201707.nc,0,0,-0.3283873498439789
010007,"Antofagasta de la Sierra, Tinogasta",2017,PASO,2017-08-13,2017-07-01,SPEI12_genlogistic_global_era5_moda_ref1991to2020_201707.nc,0,0,0.4970608949661255
018014,Saladas,2017,PASO,2017-08-13,2017-07-01,SPEI12_genlogistic_global_era5_moda_ref1991to2020_201707.nc,0,0,0.0014110906049609184
046005,"Arauco, Castro Barros, San Blas de los Sauces",2017,PASO,2017-08-13,2017-07-01,SPEI12_genlogistic_global_era5_moda_ref1991to2020_201707.nc,0,0,-0.7279879450798035
006066,Rojas,2017,PASO,2017-08-13,2017-07-01,SPEI12_genlogistic_global_era5_moda_ref1991to2020_201707.nc,0,0,0.378493994474411
006065,"Carlos Tejedor, Florentino Ameghino, General Pinto",2017,PASO,2017-08-13,2017-07-01,SPEI12_genlogistic_global_era5_moda_ref1991to2020_201707.nc,0,0,0.19663023948669434
086013,"Aguirre, Belgrano, Mitre, Rivadavia",2017,PASO,2017-08-13,2017-07-01,SPEI12_genlogistic_global_era5_moda_ref1991to2020_201707.nc,0,0,-0.060266878455877304
070010,"Calingasta, Iglesia, Ullúm, Zonda",2017,PASO,2017-08-13,2017-07-01,SPEI12_genlogistic_global_era5_moda_ref1991to2020_201707.nc,6.3118308782577515,0,-0.5670626759529114
086012,"Ojo de Agua, Quebrachos",2017,PASO,2017-08-13,2017-07-01,SPEI12_genlogistic_global_era5_moda_ref1991to2020_201707.nc,0,0,-0.2795273959636688
070009,Albardón,2017,PASO,2017-08-13,2017-07-01,SPEI12_genlogistic_global_era5_moda_ref1991to2020_201707.nc,0,0,-0.8212596774101257
022015,Maipú,2017,PASO,2017-08-13,2017-07-01,SPEI12_genlogistic_global_era5_moda_ref1991to2020_201707.nc,0,0,0.1865205615758896
006064,Las Flores,2017,PASO,2017-08-13,2017-07-01,SPEI12_genlogistic_global_era5_moda_ref1991to2020_201707.nc,0,0,-0.7805169224739075
006063,Colón,2017,PASO,2017-08-13,2017-07-01,SPEI12_genlogistic_global_era5_moda_ref1991to2020_201707.nc,0,0,0.4597555696964264
022014,Bermejo,2017,PASO,2017-08-13,2017-07-01,SPEI12_genlogistic_global_era5_moda_ref1991to2020_201707.nc,0,0,0.5172362923622131
006062,"Adolfo Alsina, Salliqueló",2017,PASO,2017-08-13,2017-07-01,SPEI12_genlogistic_global_era5_moda_ref1991to2020_201707.nc,0,0,0.4829017221927643
030011,Tala,2017,PASO,2017-08-13,2017-07-01,SPEI12_genlogistic_global_era5_moda_ref1991to2020_201707.nc,0,0,0.1506655514240265
042006,"Caleu-Caleu, Cura-Co, Chalileo, Chical-Có, Lihuel Calel, Limay Mahuida, Leventué, Puelén",2017,PASO,2017-08-13,2017-07-01,SPEI12_genlogistic_global_era5_moda_ref1991to2020_201707.nc,0,0,0.4912789463996887
050017,"La Paz, Santa Rosa",2017,PASO,2017-08-13,2017-07-01,SPEI12_genlogistic_global_era5_moda_ref1991to2020_201707.nc,0,0,0.1403096318244934
066011,"Cachí, La Poma, Los Andes, Molinos, San Carlos",2017,PASO,2017-08-13,2017-07-01,SPEI12_genlogistic_global_era5_moda_ref1991to2020_201707.nc,0,0,0.27554237842559814
006061,Brandsen,2017,PASO,2017-08-13,2017-07-01,SPEI12_genlogistic_global_era5_moda_ref1991to2020_201707.nc,0,0,-0.8781944513320923
046004,"General Ocampo, General San Martín, Rosario Vera Peñaloza",2017,PASO,2017-08-13,2017-07-01,SPEI12_genlogistic_global_era5_moda_ref1991to2020_201707.nc,0,0,-0.12301764637231827
006060,"Daireaux, Hipólito Yrigoyen",2017,PASO,2017-08-13,2017-07-01,SPEI12_genlogistic_global_era5_moda_ref1991to2020_201707.nc,0,0,0.049311138689517975
006059,Dolores,2017,PASO,2017-08-13,2017-07-01,SPEI12_genlogistic_global_era5_moda_ref1991to2020_201707.nc,0,0,-0.29639700055122375
070008,"Jachal, Valle Fértil",2017,PASO,2017-08-13,2017-07-01,SPEI12_genlogistic_global_era5_moda_ref1991to2020_201707.nc,1.372517179697752,0,-0.7620829939842224
078003,"Corpen Aike, Lago Argentino",2017,PASO,2017-08-13,2017-07-01,SPEI12_genlogistic_global_era5_moda_ref1991to2020_201707.nc,0,0,0.9814141988754272
054015,Candelaria,2017,PASO,2017-08-13,2017-07-01,SPEI12_genlogistic_global_era5_moda_ref1991to2020_201707.nc,0,0,0.49029338359832764
054014,25 de Mayo,2017,PASO,2017-08-13,2017-07-01,SPEI12_genlogistic_global_era5_moda_ref1991to2020_201707.nc,0,0,0.2994411587715149
042005,"Chapaleufú, Realicó",2017,PASO,2017-08-13,2017-07-01,SPEI12_genlogistic_global_era5_moda_ref1991to2020_201707.nc,0,0,0.2862807512283325
074004,Junín,2017,PASO,2017-08-13,2017-07-01,SPEI12_genlogistic_global_era5_moda_ref1991to2020_201707.nc,0,0,0.005178359802812338
050016,Malargue,2017,PASO,2017-08-13,2017-07-01,SPEI12_genlogistic_global_era5_moda_ref1991to2020_201707.nc,23.040631413459778,6.522947549819946,-0.9831793904304504
066010,Rivadavia,2017,PASO,2017-08-13,2017-07-01,SPEI12_genlogistic_global_era5_moda_ref1991to2020_201707.nc,0,0,0.4295860230922699
018013,Lavalle,2017,PASO,2017-08-13,2017-07-01,SPEI12_genlogistic_global_era5_moda_ref1991to2020_201707.nc,0,0,-0.004816062282770872
006058,"General Belgrano, General Paz",2017,PASO,2017-08-13,2017-07-01,SPEI12_genlogistic_global_era5_moda_ref1991to2020_201707.nc,0,0,-0.9420911073684692
086011,"Loreto, Silipica",2017,PASO,2017-08-13,2017-07-01,SPEI12_genlogistic_global_era5_moda_ref1991to2020_201707.nc,0,0,-0.22446951270103455
010006,"Ancasti, El Alto, La Paz",2017,PASO,2017-08-13,2017-07-01,SPEI12_genlogistic_global_era5_moda_ref1991to2020_201707.nc,0,0,-0.28884485363960266
034005,"Matacos, Ramón Lista",2017,PASO,2017-08-13,2017-07-01,SPEI12_genlogistic_global_era5_moda_ref1991to2020_201707.nc,0,0,0.21151116490364075
006057,Exaltación de la Cruz,2017,PASO,2017-08-13,2017-07-01,SPEI12_genlogistic_global_era5_moda_ref1991to2020_201707.nc,0,0,-0.09235873073339462
006056,Arrecifes,2017,PASO,2017-08-13,2017-07-01,SPEI12_genlogistic_global_era5_moda_ref1991to2020_201707.nc,0,0,-0.031699616461992264
082018,9 de Julio,2017,PASO,2017-08-13,2017-07-01,SPEI12_genlogistic_global_era5_moda_ref1991to2020_201707.nc,0,0,0.34754985570907593
062006,San Antonio,2017,PASO,2017-08-13,2017-07-01,SPEI12_genlogistic_global_era5_moda_ref1991to2020_201707.nc,0,0,0.5204834342002869
006055,Patagones,2017,PASO,2017-08-13,2017-07-01,SPEI12_genlogistic_global_era5_moda_ref1991to2020_201707.nc,0,0,0.11632400751113892
086010,Copo,2017,PASO,2017-08-13,2017-07-01,SPEI12_genlogistic_global_era5_moda_ref1991to2020_201707.nc,0,0,0.29120975732803345
014021,"Río Seco, Sobremonte, Tulumba",2017,PASO,2017-08-13,2017-07-01,SPEI12_genlogistic_global_era5_moda_ref1991to2020_201707.nc,3.5298150032758713,3.5298150032758713,-0.6975117325782776
054013,San Pedro,2017,PASO,2017-08-13,2017-07-01,SPEI12_genlogistic_global_era5_moda_ref1991to2020_201707.nc,0,0,-0.4587295353412628
006054,"General Juan Madariaga, Pinamar, Villa Gesell",2017,PASO,2017-08-13,2017-07-01,SPEI12_genlogistic_global_era5_moda_ref1991to2020_201707.nc,0,0,0.1846422702074051
018012,Esquina,2017,PASO,2017-08-13,2017-07-01,SPEI12_genlogistic_global_era5_moda_ref1991to2020_201707.nc,0,0,0.11692392826080322
022013,Chacabuco,2017,PASO,2017-08-13,2017-07-01,SPEI12_genlogistic_global_era5_moda_ref1991to2020_201707.nc,0,0,0.6741606593132019
006053,General Villegas,2017,PASO,2017-08-13,2017-07-01,SPEI12_genlogistic_global_era5_moda_ref1991to2020_201707.nc,0,0,0.1641865372657776
038006,"Humahuaca, Tilcara, Valle Grande",2017,PASO,2017-08-13,2017-07-01,SPEI12_genlogistic_global_era5_moda_ref1991to2020_201707.nc,0,0,-0.7056418061256409
006052,"General Arenales, Leandro N. Alem",2017,PASO,2017-08-13,2017-07-01,SPEI12_genlogistic_global_era5_moda_ref1991to2020_201707.nc,0,0,0.6449410915374756
086009,"Atamisqui, Salavina, San Martín",2017,PASO,2017-08-13,2017-07-01,SPEI12_genlogistic_global_era5_moda_ref1991to2020_201707.nc,0,0,-0.2791416347026825
046003,"Coronel Felipe Varela, Famatina, General Angel V. Peñaloza, General Juan F. Quiroga, General Lamadrid, Vinchina, Independencia, Sanagasta",2017,PASO,2017-08-13,2017-07-01,SPEI12_genlogistic_global_era5_moda_ref1991to2020_201707.nc,1.4509011059999466,0,-0.2843039631843567
054012,"Concepción, San Javier",2017,PASO,2017-08-13,2017-07-01,SPEI12_genlogistic_global_era5_moda_ref1991to2020_201707.nc,0,0,0.4463196098804474
082017,San Javier,2017,PASO,2017-08-13,2017-07-01,SPEI12_genlogistic_global_era5_moda_ref1991to2020_201707.nc,0,0,0.13661929965019226
006051,Baradero,2017,PASO,2017-08-13,2017-07-01,SPEI12_genlogistic_global_era5_moda_ref1991to2020_201707.nc,0,0,0.18028298020362854
006050,Saladillo,2017,PASO,2017-08-13,2017-07-01,SPEI12_genlogistic_global_era5_moda_ref1991to2020_201707.nc,0,0,-0.9496339559555054
050015,Tupungato,2017,PASO,2017-08-13,2017-07-01,SPEI12_genlogistic_global_era5_moda_ref1991to2020_201707.nc,0,0,-0.919330894947052
050014,San Carlos,2017,PASO,2017-08-13,2017-07-01,SPEI12_genlogistic_global_era5_moda_ref1991to2020_201707.nc,0.9094081819057465,0,-0.6038606762886047
006049,Salto,2017,PASO,2017-08-13,2017-07-01,SPEI12_genlogistic_global_era5_moda_ref1991to2020_201707.nc,0,0,-0.06052705645561218
006048,Ramallo,2017,PASO,2017-08-13,2017-07-01,SPEI12_genlogistic_global_era5_moda_ref1991to2020_201707.nc,0,0,0.06129962578415871
022012,"12 de Octubre, 2 de Abril, Fray Justo Sta. María de Oro",2017,PASO,2017-08-13,2017-07-01,SPEI12_genlogistic_global_era5_moda_ref1991to2020_201707.nc,0,0,0.6749926209449768
022011,Quitilipi,2017,PASO,2017-08-13,2017-07-01,SPEI12_genlogistic_global_era5_moda_ref1991to2020_201707.nc,0,0,0.3833463788032532
022010,Almirante Brown,2017,PASO,2017-08-13,2017-07-01,SPEI12_genlogistic_global_era5_moda_ref1991to2020_201707.nc,0,0,0.6340844631195068
022009,"General Belgrano, Independencia",2017,PASO,2017-08-13,2017-07-01,SPEI12_genlogistic_global_era5_moda_ref1991to2020_201707.nc,0,0,0.4480929374694824
042004,"Atreucó, Catriló, Guatrache, Quemú-Quemú",2017,PASO,2017-08-13,2017-07-01,SPEI12_genlogistic_global_era5_moda_ref1991to2020_201707.nc,0,0,0.4822886288166046
062005,Avellaneda,2017,PASO,2017-08-13,2017-07-01,SPEI12_genlogistic_global_era5_moda_ref1991to2020_201707.nc,0,0,0.5520175695419312
030010,Victoria,2017,PASO,2017-08-13,2017-07-01,SPEI12_genlogistic_global_era5_moda_ref1991to2020_201707.nc,0,0,0.009608786553144455
066009,Cerrillos,2017,PASO,2017-08-13,2017-07-01,SPEI12_genlogistic_global_era5_moda_ref1991to2020_201707.nc,0,0,-0.9634871482849121
010005,"Ambato, Capayán, Paclín, Santa Rosa",2017,PASO,2017-08-13,2017-07-01,SPEI12_genlogistic_global_era5_moda_ref1991to2020_201707.nc,0.25567577686160803,0,-0.3342289626598358
086008,"Jiménez, Pellegrini",2017,PASO,2017-08-13,2017-07-01,SPEI12_genlogistic_global_era5_moda_ref1991to2020_201707.nc,0,0,-0.19228336215019226
014020,General Roca,2017,PASO,2017-08-13,2017-07-01,SPEI12_genlogistic_global_era5_moda_ref1991to2020_201707.nc,0,0,0.19234910607337952
014019,San Alberto,2017,PASO,2017-08-13,2017-07-01,SPEI12_genlogistic_global_era5_moda_ref1991to2020_201707.nc,0,0,-0.5915510058403015
054011,Montecarlo,2017,PASO,2017-08-13,2017-07-01,SPEI12_genlogistic_global_era5_moda_ref1991to2020_201707.nc,0,0,-0.12458285689353943
014018,Presidente Roque Saénz Peña,2017,PASO,2017-08-13,2017-07-01,SPEI12_genlogistic_global_era5_moda_ref1991to2020_201707.nc,0,0,0.16167736053466797
050013,Lavalle,2017,PASO,2017-08-13,2017-07-01,SPEI12_genlogistic_global_era5_moda_ref1991to2020_201707.nc,0,0,-0.5352908372879028
006047,"Capitán Sarmiento, San Antonio de Areco",2017,PASO,2017-08-13,2017-07-01,SPEI12_genlogistic_global_era5_moda_ref1991to2020_201707.nc,0,0,-0.1042245402932167
018011,Monte Caseros,2017,PASO,2017-08-13,2017-07-01,SPEI12_genlogistic_global_era5_moda_ref1991to2020_201707.nc,0,0,0.12330897897481918
010004,"Belén, Pomán",2017,PASO,2017-08-13,2017-07-01,SPEI12_genlogistic_global_era5_moda_ref1991to2020_201707.nc,10.796824097633362,3.6757100373506546,-0.93301922082901
058005,Zapala,2017,PASO,2017-08-13,2017-07-01,SPEI12_genlogistic_global_era5_moda_ref1991to2020_201707.nc,0,0,-0.6861127614974976
006046,"Guaminí, Pellegrini, Rivadavia, Tres Lomas",2017,PASO,2017-08-13,2017-07-01,SPEI12_genlogistic_global_era5_moda_ref1991to2020_201707.nc,0,0,0.30770739912986755
018010,Bella Vista,2017,PASO,2017-08-13,2017-07-01,SPEI12_genlogistic_global_era5_moda_ref1991to2020_201707.nc,0,0,0.042581576853990555
006045,Coronel Suárez,2017,PASO,2017-08-13,2017-07-01,SPEI12_genlogistic_global_era5_moda_ref1991to2020_201707.nc,0,0,0.7882269620895386
058004,"Chos Malal, Pehuenches",2017,PASO,2017-08-13,2017-07-01,SPEI12_genlogistic_global_era5_moda_ref1991to2020_201707.nc,22.207187116146088,3.486477956175804,-0.8944194316864014
090005,Burruyacú,2017,PASO,2017-08-13,2017-07-01,SPEI12_genlogistic_global_era5_moda_ref1991to2020_201707.nc,0,0,-0.7051527500152588
050012,Junín,2017,PASO,2017-08-13,2017-07-01,SPEI12_genlogistic_global_era5_moda_ref1991to2020_201707.nc,0,0,-0.4347074627876282
066008,"Guachipas, La Candelaria, Rosario de la Frontera",2017,PASO,2017-08-13,2017-07-01,SPEI12_genlogistic_global_era5_moda_ref1991to2020_201707.nc,0,0,-0.8021576404571533
006044,Pehuajó,2017,PASO,2017-08-13,2017-07-01,SPEI12_genlogistic_global_era5_moda_ref1991to2020_201707.nc,0,0,-0.10802125185728073
086007,General Taboada,2017,PASO,2017-08-13,2017-07-01,SPEI12_genlogistic_global_era5_moda_ref1991to2020_201707.nc,0,0,0.33389148116111755
030009,Nogoyá,2017,PASO,2017-08-13,2017-07-01,SPEI12_genlogistic_global_era5_moda_ref1991to2020_201707.nc,0,0,-0.15642103552818298
026005,"Florentino Ameghino, Gaimán, Gastre, Mártires, Paso de los Indios, Río Senguer, Sarmiento, Tehuelches, Telsen",2017,PASO,2017-08-13,2017-07-01,SPEI12_genlogistic_global_era5_moda_ref1991to2020_201707.nc,0,0,1.4968218803405762
010003,"Fray Mamerto Esquiú, Valle Viejo",2017,PASO,2017-08-13,2017-07-01,SPEI12_genlogistic_global_era5_moda_ref1991to2020_201707.nc,0,0,-0.23686262965202332
066007,Metán,2017,PASO,2017-08-13,2017-07-01,SPEI12_genlogistic_global_era5_moda_ref1991to2020_201707.nc,0,0,-0.5316513180732727
006043,"Adolfo González Chaves, Benito Juárez, San Cayetano",2017,PASO,2017-08-13,2017-07-01,SPEI12_genlogistic_global_era5_moda_ref1991to2020_201707.nc,0,0,-0.08101595938205719
018009,Mercedes,2017,PASO,2017-08-13,2017-07-01,SPEI12_genlogistic_global_era5_moda_ref1991to2020_201707.nc,0,0,0.015753822401165962
010002,"Andalgalá, Santa María",2017,PASO,2017-08-13,2017-07-01,SPEI12_genlogistic_global_era5_moda_ref1991to2020_201707.nc,0,0,-0.8404831290245056
018008,"Empedrado, Mburucuyá, San Luis del Palmar",2017,PASO,2017-08-13,2017-07-01,SPEI12_genlogistic_global_era5_moda_ref1991to2020_201707.nc,0,0,0.19785399734973907
006042,Bragado,2017,PASO,2017-08-13,2017-07-01,SPEI12_genlogistic_global_era5_moda_ref1991to2020_201707.nc,0,0,-0.01506456732749939
006041,General Alvarado,2017,PASO,2017-08-13,2017-07-01,SPEI12_genlogistic_global_era5_moda_ref1991to2020_201707.nc,0,0,0.04621810466051102
062004,"El Cuy, 9 de Julio, Ñorquincó, Pilcaniyeu, Valcheta, 25 de Mayo",2017,PASO,2017-08-13,2017-07-01,SPEI12_genlogistic_global_era5_moda_ref1991to2020_201707.nc,0,0,0.2593420743942261
074003,"Ayacucho, Belgrano, Coronel Pringles, Libertador General San Martín",2017,PASO,2017-08-13,2017-07-01,SPEI12_genlogistic_global_era5_moda_ref1991to2020_201707.nc,0,0,0.23016992211341858
018007,"Ituzaingó, San Miguel",2017,PASO,2017-08-13,2017-07-01,SPEI12_genlogistic_global_era5_moda_ref1991to2020_201707.nc,0,0,0.3913867473602295
082016,San Justo,2017,PASO,2017-08-13,2017-07-01,SPEI12_genlogistic_global_era5_moda_ref1991to2020_201707.nc,0,0,0.2450748234987259
006040,"Carmen de Areco, Navarro, Suipacha",2017,PASO,2017-08-13,2017-07-01,SPEI12_genlogistic_global_era5_moda_ref1991to2020_201707.nc,0,0,-0.5641316771507263
006039,"Ayacucho, General Guido, Pila, Rauch",2017,PASO,2017-08-13,2017-07-01,SPEI12_genlogistic_global_era5_moda_ref1991to2020_201707.nc,0,0,-0.041277263313531876
042003,"Conhello, Rancul, Toay, Trenel",2017,PASO,2017-08-13,2017-07-01,SPEI12_genlogistic_global_era5_moda_ref1991to2020_201707.nc,0,0,0.651188313961029
086006,"Choya, Guasayan",2017,PASO,2017-08-13,2017-07-01,SPEI12_genlogistic_global_era5_moda_ref1991to2020_201707.nc,0,0,-0.09897998720407486
054010,General Manuel Belgrano,2017,PASO,2017-08-13,2017-07-01,SPEI12_genlogistic_global_era5_moda_ref1991to2020_201707.nc,0,0,-0.48564818501472473
006038,Trenque Lauquen,2017,PASO,2017-08-13,2017-07-01,SPEI12_genlogistic_global_era5_moda_ref1991to2020_201707.nc,0,0,0.18657630681991577
026004,Futaleufú,2017,PASO,2017-08-13,2017-07-01,SPEI12_genlogistic_global_era5_moda_ref1991to2020_201707.nc,0,0,-0.13236573338508606
054009,Apóstoles,2017,PASO,2017-08-13,2017-07-01,SPEI12_genlogistic_global_era5_moda_ref1991to2020_201707.nc,0,0,0.35298633575439453
022008,"General Donovan, Libertad, Presidencia de La Plaza, Tapenaga",2017,PASO,2017-08-13,2017-07-01,SPEI12_genlogistic_global_era5_moda_ref1991to2020_201707.nc,0,0,0.4655308723449707
006037,"Puan, Villarino",2017,PASO,2017-08-13,2017-07-01,SPEI12_genlogistic_global_era5_moda_ref1991to2020_201707.nc,0,0,0.4218542277812958
038005,"Cochinoca, Rinconada, Santa Catalina, Susques, Tumbaya, Yaví",2017,PASO,2017-08-13,2017-07-01,SPEI12_genlogistic_global_era5_moda_ref1991to2020_201707.nc,0,0,-0.663872241973877
086005,Robles,2017,PASO,2017-08-13,2017-07-01,SPEI12_genlogistic_global_era5_moda_ref1991to2020_201707.nc,0,0,-0.18428988754749298
030008,Diamante,2017,PASO,2017-08-13,2017-07-01,SPEI12_genlogistic_global_era5_moda_ref1991to2020_201707.nc,0,0,-0.25682151317596436
082015,Belgrano,2017,PASO,2017-08-13,2017-07-01,SPEI12_genlogistic_global_era5_moda_ref1991to2020_201707.nc,0,0,-0.43420904874801636
050011,General Alvear,2017,PASO,2017-08-13,2017-07-01,SPEI12_genlogistic_global_era5_moda_ref1991to2020_201707.nc,0,0,0.32163968682289124
014017,Río Primero,2017,PASO,2017-08-13,2017-07-01,SPEI12_genlogistic_global_era5_moda_ref1991to2020_201707.nc,0,0,-0.4338410496711731
006036,9 de Julio,2017,PASO,2017-08-13,2017-07-01,SPEI12_genlogistic_global_era5_moda_ref1991to2020_201707.nc,0,0,-0.3409254848957062
066006,General Güemes,2017,PASO,2017-08-13,2017-07-01,SPEI12_genlogistic_global_era5_moda_ref1991to2020_201707.nc,0,0,-0.8147512674331665
066005,"La Caldera, Rosario de Lerma",2017,PASO,2017-08-13,2017-07-01,SPEI12_genlogistic_global_era5_moda_ref1991to2020_201707.nc,8.850453048944473,0,-0.9303612112998962
054008,Libertador General San Martín,2017,PASO,2017-08-13,2017-07-01,SPEI12_genlogistic_global_era5_moda_ref1991to2020_201707.nc,0,0,0.19632770121097565
070007,Santa Lucía,2017,PASO,2017-08-13,2017-07-01,SPEI12_genlogistic_global_era5_moda_ref1991to2020_201707.nc,0,0,-0.9268397092819214
018006,Paso de los Libres,2017,PASO,2017-08-13,2017-07-01,SPEI12_genlogistic_global_era5_moda_ref1991to2020_201707.nc,0,0,0.16506564617156982
022007,"9 de Julio, O'Higgins",2017,PASO,2017-08-13,2017-07-01,SPEI12_genlogistic_global_era5_moda_ref1991to2020_201707.nc,0,0,0.679023265838623
006035,Chacabuco,2017,PASO,2017-08-13,2017-07-01,SPEI12_genlogistic_global_era5_moda_ref1991to2020_201707.nc,0,0,-0.08308718353509903
046002,Chilecito,2017,PASO,2017-08-13,2017-07-01,SPEI12_genlogistic_global_era5_moda_ref1991to2020_201707.nc,0,0,-0.5350926518440247
014016,"Ischilín, Totoral",2017,PASO,2017-08-13,2017-07-01,SPEI12_genlogistic_global_era5_moda_ref1991to2020_201707.nc,0,0,-0.45074230432510376
050010,Tunuyán,2017,PASO,2017-08-13,2017-07-01,SPEI12_genlogistic_global_era5_moda_ref1991to2020_201707.nc,0,0,-0.7609438300132751
006034,"Coronel Dorrego, Coronel Pringles, Monte Hermoso, Tornquist",2017,PASO,2017-08-13,2017-07-01,SPEI12_genlogistic_global_era5_moda_ref1991to2020_201707.nc,0,0,0.3661413788795471
006033,"General Las Heras, Lobos",2017,PASO,2017-08-13,2017-07-01,SPEI12_genlogistic_global_era5_moda_ref1991to2020_201707.nc,0,0,-0.7704641819000244
030007,Gualeguay,2017,PASO,2017-08-13,2017-07-01,SPEI12_genlogistic_global_era5_moda_ref1991to2020_201707.nc,0,0,0.13988235592842102
014015,Calamuchita,2017,PASO,2017-08-13,2017-07-01,SPEI12_genlogistic_global_era5_moda_ref1991to2020_201707.nc,0,0,-0.807969331741333
082014,Vera,2017,PASO,2017-08-13,2017-07-01,SPEI12_genlogistic_global_era5_moda_ref1991to2020_201707.nc,0,0,0.05988292023539543
006032,Marcos Paz,2017,PASO,2017-08-13,2017-07-01,SPEI12_genlogistic_global_era5_moda_ref1991to2020_201707.nc,0,0,-0.7092946171760559
070006,Pocito,2017,PASO,2017-08-13,2017-07-01,SPEI12_genlogistic_global_era5_moda_ref1991to2020_201707.nc,0,0,-1.0139973163604736
018005,"Curuzú Cuatiá, Sauce",2017,PASO,2017-08-13,2017-07-01,SPEI12_genlogistic_global_era5_moda_ref1991to2020_201707.nc,0,0,0.1165570318698883
014014,San Javier,2017,PASO,2017-08-13,2017-07-01,SPEI12_genlogistic_global_era5_moda_ref1991to2020_201707.nc,0,0,-0.5213280916213989
006031,Cañuelas,2017,PASO,2017-08-13,2017-07-01,SPEI12_genlogistic_global_era5_moda_ref1991to2020_201707.nc,0,0,-0.8479965329170227
006030,"Bolívar, General Alvear, Tapalqué",2017,PASO,2017-08-13,2017-07-01,SPEI12_genlogistic_global_era5_moda_ref1991to2020_201707.nc,0,0,-0.643716037273407
054007,Cainguas,2017,PASO,2017-08-13,2017-07-01,SPEI12_genlogistic_global_era5_moda_ref1991to2020_201707.nc,0,0,0.2939015328884125
058003,"Huiliches, Lácar, Los Lagos",2017,PASO,2017-08-13,2017-07-01,SPEI12_genlogistic_global_era5_moda_ref1991to2020_201707.nc,0,0,-0.7399939298629761
086004,Río Hondo,2017,PASO,2017-08-13,2017-07-01,SPEI12_genlogistic_global_era5_moda_ref1991to2020_201707.nc,0,0,-0.30056753754615784
022006,Mayor Luis J. Fontana,2017,PASO,2017-08-13,2017-07-01,SPEI12_genlogistic_global_era5_moda_ref1991to2020_201707.nc,0,0,0.2661305069923401
090004,Leales,2017,PASO,2017-08-13,2017-07-01,SPEI12_genlogistic_global_era5_moda_ref1991to2020_201707.nc,0,0,-0.34822893142700195
058002,"Aluminé, Añelo, Catán-Lil, Collón-Cura, Loncopué, Minas, Ñorquin, Picún-Leufú, Picunches",2017,PASO,2017-08-13,2017-07-01,SPEI12_genlogistic_global_era5_moda_ref1991to2020_201707.nc,1.2114007025957108,0,-0.7810006737709045
018004,"Berón de Astrada, Concepción, General Paz, San Roque",2017,PASO,2017-08-13,2017-07-01,SPEI12_genlogistic_global_era5_moda_ref1991to2020_201707.nc,0,0,0.14147551357746124
050009,Rivadavia,2017,PASO,2017-08-13,2017-07-01,SPEI12_genlogistic_global_era5_moda_ref1991to2020_201707.nc,0,0,-0.3898906707763672
006029,Ensenada,2017,PASO,2017-08-13,2017-07-01,SPEI12_genlogistic_global_era5_moda_ref1991to2020_201707.nc,0,0,-0.3209705054759979
006028,Tres Arroyos,2017,PASO,2017-08-13,2017-07-01,SPEI12_genlogistic_global_era5_moda_ref1991to2020_201707.nc,0,0,-0.48572224378585815
066004,Anta,2017,PASO,2017-08-13,2017-07-01,SPEI12_genlogistic_global_era5_moda_ref1991to2020_201707.nc,0,0,0.036668311804533005
054006,San Ignacio,2017,PASO,2017-08-13,2017-07-01,SPEI12_genlogistic_global_era5_moda_ref1991to2020_201707.nc,0,0,0.37967950105667114
042002,Maracó,2017,PASO,2017-08-13,2017-07-01,SPEI12_genlogistic_global_era5_moda_ref1991to2020_201707.nc,0,0,0.3703247904777527
062003,Adolfo Alsina,2017,PASO,2017-08-13,2017-07-01,SPEI12_genlogistic_global_era5_moda_ref1991to2020_201707.nc,0,0,0.05367587134242058
006027,San Pedro,2017,PASO,2017-08-13,2017-07-01,SPEI12_genlogistic_global_era5_moda_ref1991to2020_201707.nc,0,0,0.1947767287492752
018003,Santo Tomé,2017,PASO,2017-08-13,2017-07-01,SPEI12_genlogistic_global_era5_moda_ref1991to2020_201707.nc,0,0,0.5396820902824402
006026,"Alberti, Roque Pérez, 25 de Mayo",2017,PASO,2017-08-13,2017-07-01,SPEI12_genlogistic_global_era5_moda_ref1991to2020_201707.nc,0,0,-0.6531742811203003
006025,"Chascomus, Magdalena, Punta Indio",2017,PASO,2017-08-13,2017-07-01,SPEI12_genlogistic_global_era5_moda_ref1991to2020_201707.nc,0,0,-0.9448670744895935
006024,"General Viamonte, Lincoln",2017,PASO,2017-08-13,2017-07-01,SPEI12_genlogistic_global_era5_moda_ref1991to2020_201707.nc,0,0,0.18237628042697906
022005,"San Lorenzo, Sargento Cabral, 25 de Mayo",2017,PASO,2017-08-13,2017-07-01,SPEI12_genlogistic_global_era5_moda_ref1991to2020_201707.nc,0,0,0.5093566179275513
006023,Coronel de Marine L. Rosales,2017,PASO,2017-08-13,2017-07-01,SPEI12_genlogistic_global_era5_moda_ref1991to2020_201707.nc,0,0,0.5131377577781677
006022,"Balcarce, Lobería",2017,PASO,2017-08-13,2017-07-01,SPEI12_genlogistic_global_era5_moda_ref1991to2020_201707.nc,0,0,0.025701165199279785
006021,Mercedes,2017,PASO,2017-08-13,2017-07-01,SPEI12_genlogistic_global_era5_moda_ref1991to2020_201707.nc,0,0,-0.5881985425949097
014013,Juárez Celman,2017,PASO,2017-08-13,2017-07-01,SPEI12_genlogistic_global_era5_moda_ref1991to2020_201707.nc,0,0,0.06377711147069931
070005,"Angaco, Caucete, 25 de Mayo",2017,PASO,2017-08-13,2017-07-01,SPEI12_genlogistic_global_era5_moda_ref1991to2020_201707.nc,0,0,-0.7792542576789856
082013,San Martín,2017,PASO,2017-08-13,2017-07-01,SPEI12_genlogistic_global_era5_moda_ref1991to2020_201707.nc,0,0,-0.4098636209964752
006020,Chivilcoy,2017,PASO,2017-08-13,2017-07-01,SPEI12_genlogistic_global_era5_moda_ref1991to2020_201707.nc,0,0,-0.4287923276424408
006019,Azul,2017,PASO,2017-08-13,2017-07-01,SPEI12_genlogistic_global_era5_moda_ref1991to2020_201707.nc,0,0,-0.21617133915424347
082012,Iriondo,2017,PASO,2017-08-13,2017-07-01,SPEI12_genlogistic_global_era5_moda_ref1991to2020_201707.nc,0,0,-0.18671473860740662
086003,"Alberdi, Juan F. Ibarra, Moreno",2017,PASO,2017-08-13,2017-07-01,SPEI12_genlogistic_global_era5_moda_ref1991to2020_201707.nc,0,0,0.4381215274333954
082011,San Cristóbal,2017,PASO,2017-08-13,2017-07-01,SPEI12_genlogistic_global_era5_moda_ref1991to2020_201707.nc,0,0,0.012712067924439907
022004,General Güemes,2017,PASO,2017-08-13,2017-07-01,SPEI12_genlogistic_global_era5_moda_ref1991to2020_201707.nc,0,0,0.6795781254768372
030006,La Paz,2017,PASO,2017-08-13,2017-07-01,SPEI12_genlogistic_global_era5_moda_ref1991to2020_201707.nc,0,0,0.07493062317371368
030005,Federación,2017,PASO,2017-08-13,2017-07-01,SPEI12_genlogistic_global_era5_moda_ref1991to2020_201707.nc,0,0,0.14257381856441498
054005,Guaraní,2017,PASO,2017-08-13,2017-07-01,SPEI12_genlogistic_global_era5_moda_ref1991to2020_201707.nc,0,0,-0.09083197265863419
014012,"Cruz del Eje, Minas, Pocho",2017,PASO,2017-08-13,2017-07-01,SPEI12_genlogistic_global_era5_moda_ref1991to2020_201707.nc,0,0,-0.21733693778514862
022003,"Libertador General San Martín, 1 de Mayo",2017,PASO,2017-08-13,2017-07-01,SPEI12_genlogistic_global_era5_moda_ref1991to2020_201707.nc,0,0,0.4205183684825897
094001,"Río Grande, Antarctic Argentina",2017,PASO,2017-08-13,2017-07-01,SPEI12_genlogistic_global_era5_moda_ref1991to2020_201707.nc,0,0,0.5367816686630249
006018,"General Lavalle, La Costa",2017,PASO,2017-08-13,2017-07-01,SPEI12_genlogistic_global_era5_moda_ref1991to2020_201707.nc,0,0,0.13749708235263824
038004,San Pedro,2017,PASO,2017-08-13,2017-07-01,SPEI12_genlogistic_global_era5_moda_ref1991to2020_201707.nc,0,0,-0.6386865377426147
054004,El Dorado,2017,PASO,2017-08-13,2017-07-01,SPEI12_genlogistic_global_era5_moda_ref1991to2020_201707.nc,0,0,-0.2972601056098938
082010,Caseros,2017,PASO,2017-08-13,2017-07-01,SPEI12_genlogistic_global_era5_moda_ref1991to2020_201707.nc,0,0,0.23695215582847595
026003,Biedma,2017,PASO,2017-08-13,2017-07-01,SPEI12_genlogistic_global_era5_moda_ref1991to2020_201707.nc,0,0,1.0040957927703857
082009,San Jerónimo,2017,PASO,2017-08-13,2017-07-01,SPEI12_genlogistic_global_era5_moda_ref1991to2020_201707.nc,0,0,-0.19139152765274048
054003,Iguazú,2017,PASO,2017-08-13,2017-07-01,SPEI12_genlogistic_global_era5_moda_ref1991to2020_201707.nc,0,0,-0.44936588406562805
034004,"Bermejo, Patiño",2017,PASO,2017-08-13,2017-07-01,SPEI12_genlogistic_global_era5_moda_ref1991to2020_201707.nc,0,0,0.39074212312698364
006017,"Presidente Perón, San Vicente",2017,PASO,2017-08-13,2017-07-01,SPEI12_genlogistic_global_era5_moda_ref1991to2020_201707.nc,0,0,-0.7394181489944458
070004,Rivadavia,2017,PASO,2017-08-13,2017-07-01,SPEI12_genlogistic_global_era5_moda_ref1991to2020_201707.nc,0,0,-1.2095746994018555
034003,Pilcomayo,2017,PASO,2017-08-13,2017-07-01,SPEI12_genlogistic_global_era5_moda_ref1991to2020_201707.nc,0,0,0.002871556906029582
006016,General Rodríguez,2017,PASO,2017-08-13,2017-07-01,SPEI12_genlogistic_global_era5_moda_ref1991to2020_201707.nc,0,0,-0.5914173126220703
070003,Chimbas,2017,PASO,2017-08-13,2017-07-01,SPEI12_genlogistic_global_era5_moda_ref1991to2020_201707.nc,0,0,-0.9305223822593689
006015,Berisso,2017,PASO,2017-08-13,2017-07-01,SPEI12_genlogistic_global_era5_moda_ref1991to2020_201707.nc,0,0,-0.6886515021324158
082008,Constitución,2017,PASO,2017-08-13,2017-07-01,SPEI12_genlogistic_global_era5_moda_ref1991to2020_201707.nc,0,0,0.18788079917430878
006014,Junín,2017,PASO,2017-08-13,2017-07-01,SPEI12_genlogistic_global_era5_moda_ref1991to2020_201707.nc,0,0,0.53032684326171875
018002,Goya,2017,PASO,2017-08-13,2017-07-01,SPEI12_genlogistic_global_era5_moda_ref1991to2020_201707.nc,0,0,-0.053866948932409286
006013,Necochea,2017,PASO,2017-08-13,2017-07-01,SPEI12_genlogistic_global_era5_moda_ref1991to2020_201707.nc,0,0,-0.14779533445835114
006012,Campana,2017,PASO,2017-08-13,2017-07-01,SPEI12_genlogistic_global_era5_moda_ref1991to2020_201707.nc,0,0,0.1640557497739792
014011,Santa María,2017,PASO,2017-08-13,2017-07-01,SPEI12_genlogistic_global_era5_moda_ref1991to2020_201707.nc,0,0,-0.6830926537513733
022002,Comandante Fernandez,2017,PASO,2017-08-13,2017-07-01,SPEI12_genlogistic_global_era5_moda_ref1991to2020_201707.nc,0,0,0.5316206216812134
090003,"Chicligasta, Granero, Juan Bautista Alberdi, La Cocha, Monteros, Río Chico, Simoca",2017,PASO,2017-08-13,2017-07-01,SPEI12_genlogistic_global_era5_moda_ref1991to2020_201707.nc,0,0,-0.1530131995677948
034002,"Laishi, Pilagás, Pirané",2017,PASO,2017-08-13,2017-07-01,SPEI12_genlogistic_global_era5_moda_ref1991to2020_201707.nc,0,0,0.2826478183269501
038003,"Ledesma, Santa Bárbara",2017,PASO,2017-08-13,2017-07-01,SPEI12_genlogistic_global_era5_moda_ref1991to2020_201707.nc,0,0,-0.1613633781671524
030004,Uruguay,2017,PASO,2017-08-13,2017-07-01,SPEI12_genlogistic_global_era5_moda_ref1991to2020_201707.nc,0,0,0.06220549717545509
038002,"El Carmen, San Antonio",2017,PASO,2017-08-13,2017-07-01,SPEI12_genlogistic_global_era5_moda_ref1991to2020_201707.nc,10.186798125505447,0,-1.1436041593551636
014010,Marcos Juárez,2017,PASO,2017-08-13,2017-07-01,SPEI12_genlogistic_global_era5_moda_ref1991to2020_201707.nc,0,0,0.03940017521381378
014009,Unión,2017,PASO,2017-08-13,2017-07-01,SPEI12_genlogistic_global_era5_moda_ref1991to2020_201707.nc,0,0,-0.10908900201320648
042001,Capital,2017,PASO,2017-08-13,2017-07-01,SPEI12_genlogistic_global_era5_moda_ref1991to2020_201707.nc,0,0,0.6919247508049011
014008,Río Segundo,2017,PASO,2017-08-13,2017-07-01,SPEI12_genlogistic_global_era5_moda_ref1991to2020_201707.nc,0,0,-0.36571449041366577
082007,Las Colonias,2017,PASO,2017-08-13,2017-07-01,SPEI12_genlogistic_global_era5_moda_ref1991to2020_201707.nc,0,0,-0.020980188623070717
006011,Luján,2017,PASO,2017-08-13,2017-07-01,SPEI12_genlogistic_global_era5_moda_ref1991to2020_201707.nc,0,0,-0.4813496768474579
078002,Deseado,2017,PASO,2017-08-13,2017-07-01,SPEI12_genlogistic_global_era5_moda_ref1991to2020_201707.nc,0,0,1.3919059038162231
006010,Pergamino,2017,PASO,2017-08-13,2017-07-01,SPEI12_genlogistic_global_era5_moda_ref1991to2020_201707.nc,0,0,0.14073887467384338
054002,Oberá,2017,PASO,2017-08-13,2017-07-01,SPEI12_genlogistic_global_era5_moda_ref1991to2020_201707.nc,0,0,0.4732782244682312
006009,Olavarría,2017,PASO,2017-08-13,2017-07-01,SPEI12_genlogistic_global_era5_moda_ref1991to2020_201707.nc,0,0,-0.18726994097232819
070002,Capital,2017,PASO,2017-08-13,2017-07-01,SPEI12_genlogistic_global_era5_moda_ref1991to2020_201707.nc,0,0,-0.9268397092819214
014007,Tercero Arriba,2017,PASO,2017-08-13,2017-07-01,SPEI12_genlogistic_global_era5_moda_ref1991to2020_201707.nc,0,0,-0.37454667687416077
030003,"Gualeguaychú, Islas del Ibicuy",2017,PASO,2017-08-13,2017-07-01,SPEI12_genlogistic_global_era5_moda_ref1991to2020_201707.nc,0,0,0.23136958479881287
050008,Capital,2017,PASO,2017-08-13,2017-07-01,SPEI12_genlogistic_global_era5_moda_ref1991to2020_201707.nc,0,0,-0.4906221330165863
006008,Zárate,2017,PASO,2017-08-13,2017-07-01,SPEI12_genlogistic_global_era5_moda_ref1991to2020_201707.nc,0,0,0.23327744007110596
078001,Guer Aike,2017,PASO,2017-08-13,2017-07-01,SPEI12_genlogistic_global_era5_moda_ref1991to2020_201707.nc,0,0,0.15417148172855377
070001,Rawson,2017,PASO,2017-08-13,2017-07-01,SPEI12_genlogistic_global_era5_moda_ref1991to2020_201707.nc,0,0,-0.9626612067222595
050007,Luján de Cuyo,2017,PASO,2017-08-13,2017-07-01,SPEI12_genlogistic_global_era5_moda_ref1991to2020_201707.nc,2.516756020486355,0,-0.662396252155304
050006,San Martín,2017,PASO,2017-08-13,2017-07-01,SPEI12_genlogistic_global_era5_moda_ref1991to2020_201707.nc,0,0,-0.4569317400455475
006007,Tandil,2017,PASO,2017-08-13,2017-07-01,SPEI12_genlogistic_global_era5_moda_ref1991to2020_201707.nc,0,0,0.3297833800315857
014006,General San Martín,2017,PASO,2017-08-13,2017-07-01,SPEI12_genlogistic_global_era5_moda_ref1991to2020_201707.nc,0,0,-0.22866478562355042
062002,Bariloche,2017,PASO,2017-08-13,2017-07-01,SPEI12_genlogistic_global_era5_moda_ref1991to2020_201707.nc,0,0,-0.2805616855621338
026002,Rawson,2017,PASO,2017-08-13,2017-07-01,SPEI12_genlogistic_global_era5_moda_ref1991to2020_201707.nc,0,0,1.37788724899292
074002,"General Pedernera, Gobernador Dupuy",2017,PASO,2017-08-13,2017-07-01,SPEI12_genlogistic_global_era5_moda_ref1991to2020_201707.nc,0,0,0.3430280387401581
086002,Banda,2017,PASO,2017-08-13,2017-07-01,SPEI12_genlogistic_global_era5_moda_ref1991to2020_201707.nc,0,0,-0.2927851676940918
006006,San Nicolás,2017,PASO,2017-08-13,2017-07-01,SPEI12_genlogistic_global_era5_moda_ref1991to2020_201707.nc,0,0,0.06793028861284256
066003,"Iruya, Orán, Santa Victoria",2017,PASO,2017-08-13,2017-07-01,SPEI12_genlogistic_global_era5_moda_ref1991to2020_201707.nc,14.791351556777954,0,-0.4927307367324829
082006,San Lorenzo,2017,PASO,2017-08-13,2017-07-01,SPEI12_genlogistic_global_era5_moda_ref1991to2020_201707.nc,0,0,-0.0703684613108635
066002,General Jose de San Martín,2017,PASO,2017-08-13,2017-07-01,SPEI12_genlogistic_global_era5_moda_ref1991to2020_201707.nc,0,0,0.23359647393226624
010001,Capital,2017,PASO,2017-08-13,2017-07-01,SPEI12_genlogistic_global_era5_moda_ref1991to2020_201707.nc,0,0,-0.3666301369667053
006092,San Fernando,2017,PASO,2017-08-13,2017-07-01,SPEI12_genlogistic_global_era5_moda_ref1991to2020_201707.nc,0,0,0.33358675241470337
014005,Punilla,2017,PASO,2017-08-13,2017-07-01,SPEI12_genlogistic_global_era5_moda_ref1991to2020_201707.nc,0,0,-0.5162468552589417
050005,Maipú,2017,PASO,2017-08-13,2017-07-01,SPEI12_genlogistic_global_era5_moda_ref1991to2020_201707.nc,0,0,-0.30917492508888245
082005,General Obligado,2017,PASO,2017-08-13,2017-07-01,SPEI12_genlogistic_global_era5_moda_ref1991to2020_201707.nc,0,0,0.0076061272993683815
082004,Castellanos,2017,PASO,2017-08-13,2017-07-01,SPEI12_genlogistic_global_era5_moda_ref1991to2020_201707.nc,0,0,-0.17448191344738007
046001,Capital,2017,PASO,2017-08-13,2017-07-01,SPEI12_genlogistic_global_era5_moda_ref1991to2020_201707.nc,0,0,-0.49264001846313477
090002,Cruz Alta,2017,PASO,2017-08-13,2017-07-01,SPEI12_genlogistic_global_era5_moda_ref1991to2020_201707.nc,0,0,-0.6295212507247925
030002,"Colón, Concordia, Federal, Feliciano, San Salvador, Villaguay",2017,PASO,2017-08-13,2017-07-01,SPEI12_genlogistic_global_era5_moda_ref1991to2020_201707.nc,0,0,0.050464604049921036
050004,San Rafael,2017,PASO,2017-08-13,2017-07-01,SPEI12_genlogistic_global_era5_moda_ref1991to2020_201707.nc,4.151211306452751,0,-0.29269176721572876
026001,Escalante,2017,PASO,2017-08-13,2017-07-01,SPEI12_genlogistic_global_era5_moda_ref1991to2020_201707.nc,0,0,1.831744909286499
082003,General López,2017,PASO,2017-08-13,2017-07-01,SPEI12_genlogistic_global_era5_moda_ref1991to2020_201707.nc,0,0,0.5738558173179626
050003,Godoy Cruz,2017,PASO,2017-08-13,2017-07-01,SPEI12_genlogistic_global_era5_moda_ref1991to2020_201707.nc,0,0,-0.5772449374198914
074001,La Capital,2017,PASO,2017-08-13,2017-07-01,SPEI12_genlogistic_global_era5_moda_ref1991to2020_201707.nc,0,0,0.3310489356517792
014004,San Justo,2017,PASO,2017-08-13,2017-07-01,SPEI12_genlogistic_global_era5_moda_ref1991to2020_201707.nc,4.698532819747925,4.698532819747925,-0.8930500149726868
050002,Las Heras,2017,PASO,2017-08-13,2017-07-01,SPEI12_genlogistic_global_era5_moda_ref1991to2020_201707.nc,20.976507663726807,0,-0.8677518367767334
006005,Escobar,2017,PASO,2017-08-13,2017-07-01,SPEI12_genlogistic_global_era5_moda_ref1991to2020_201707.nc,0,0,0.021036695688962936
014003,Colón,2017,PASO,2017-08-13,2017-07-01,SPEI12_genlogistic_global_era5_moda_ref1991to2020_201707.nc,0,0,-0.5618917346000671
034001,Formosa,2017,PASO,2017-08-13,2017-07-01,SPEI12_genlogistic_global_era5_moda_ref1991to2020_201707.nc,0,0,0.17221085727214813
014002,Río Cuarto,2017,PASO,2017-08-13,2017-07-01,SPEI12_genlogistic_global_era5_moda_ref1991to2020_201707.nc,0,0,-0.32888057827949524
038001,"Dr. Manuel Belgrano, Palpalá",2017,PASO,2017-08-13,2017-07-01,SPEI12_genlogistic_global_era5_moda_ref1991to2020_201707.nc,0,0,-1.0312566757202148
086001,Capital,2017,PASO,2017-08-13,2017-07-01,SPEI12_genlogistic_global_era5_moda_ref1991to2020_201707.nc,0,0,-0.08763914555311203
006091,Vicente López,2017,PASO,2017-08-13,2017-07-01,SPEI12_genlogistic_global_era5_moda_ref1991to2020_201707.nc,0,0,-0.1415126621723175
050001,Guaymallén,2017,PASO,2017-08-13,2017-07-01,SPEI12_genlogistic_global_era5_moda_ref1991to2020_201707.nc,0,0,-0.1553945392370224
006090,San Isidro,2017,PASO,2017-08-13,2017-07-01,SPEI12_genlogistic_global_era5_moda_ref1991to2020_201707.nc,0,0,-0.1415126770734787
006004,Bahía Blanca,2017,PASO,2017-08-13,2017-07-01,SPEI12_genlogistic_global_era5_moda_ref1991to2020_201707.nc,0,0,0.56712806224823
006003,Pilar,2017,PASO,2017-08-13,2017-07-01,SPEI12_genlogistic_global_era5_moda_ref1991to2020_201707.nc,0,0,-0.36825233697891235
006089,"Esteban Echeverría, Ezeiza",2017,PASO,2017-08-13,2017-07-01,SPEI12_genlogistic_global_era5_moda_ref1991to2020_201707.nc,0,0,-0.6455503702163696
062001,General Roca,2017,PASO,2017-08-13,2017-07-01,SPEI12_genlogistic_global_era5_moda_ref1991to2020_201707.nc,0,0,0.6041650176048279
006088,"Hurlingham, Ituzaingo, Morón",2017,PASO,2017-08-13,2017-07-01,SPEI12_genlogistic_global_era5_moda_ref1991to2020_201707.nc,0,0,-0.5066990852355957
054001,"Capital, Leandro N. Alem",2017,PASO,2017-08-13,2017-07-01,SPEI12_genlogistic_global_era5_moda_ref1991to2020_201707.nc,0,0,0.46922653913497925
006087,Berazategui,2017,PASO,2017-08-13,2017-07-01,SPEI12_genlogistic_global_era5_moda_ref1991to2020_201707.nc,0,0,-0.40488943457603455
006086,"General Sarmiento, Jose C. Paz, Malvinas Argentinas, San Miguel",2017,PASO,2017-08-13,2017-07-01,SPEI12_genlogistic_global_era5_moda_ref1991to2020_201707.nc,0,0,-0.35274413228034973
030001,Parana,2017,PASO,2017-08-13,2017-07-01,SPEI12_genlogistic_global_era5_moda_ref1991to2020_201707.nc,0,0,-0.1697254180908203
006085,Tres de Febrero,2017,PASO,2017-08-13,2017-07-01,SPEI12_genlogistic_global_era5_moda_ref1991to2020_201707.nc,0,0,-0.21355363726615906
006084,Avellaneda,2017,PASO,2017-08-13,2017-07-01,SPEI12_genlogistic_global_era5_moda_ref1991to2020_201707.nc,0,0,-0.4129807651042938
018001,Capital,2017,PASO,2017-08-13,2017-07-01,SPEI12_genlogistic_global_era5_moda_ref1991to2020_201707.nc,0,0,0.414408802986145
058001,Confluencia,2017,PASO,2017-08-13,2017-07-01,SPEI12_genlogistic_global_era5_moda_ref1991to2020_201707.nc,0,0,-0.14059104025363922
006083,Tigre,2017,PASO,2017-08-13,2017-07-01,SPEI12_genlogistic_global_era5_moda_ref1991to2020_201707.nc,0,0,-0.01083633117377758
022001,San Fernando,2017,PASO,2017-08-13,2017-07-01,SPEI12_genlogistic_global_era5_moda_ref1991to2020_201707.nc,0,0,0.4110194444656372
006082,General San Martín,2017,PASO,2017-08-13,2017-07-01,SPEI12_genlogistic_global_era5_moda_ref1991to2020_201707.nc,0,0,-0.1415126621723175
006081,Florencio Varela,2017,PASO,2017-08-13,2017-07-01,SPEI12_genlogistic_global_era5_moda_ref1991to2020_201707.nc,0,0,-0.5184534788131714
006080,Moreno,2017,PASO,2017-08-13,2017-07-01,SPEI12_genlogistic_global_era5_moda_ref1991to2020_201707.nc,0,0,-0.4863183796405792
006079,Lanus,2017,PASO,2017-08-13,2017-07-01,SPEI12_genlogistic_global_era5_moda_ref1991to2020_201707.nc,0,0,-0.5325719118118286
082002,La Capital,2017,PASO,2017-08-13,2017-07-01,SPEI12_genlogistic_global_era5_moda_ref1991to2020_201707.nc,0,0,-0.046058084815740585
066001,Capital,2017,PASO,2017-08-13,2017-07-01,SPEI12_genlogistic_global_era5_moda_ref1991to2020_201707.nc,0,0,-1.0671089887619019
006078,Merlo,2017,PASO,2017-08-13,2017-07-01,SPEI12_genlogistic_global_era5_moda_ref1991to2020_201707.nc,0,0,-0.6916846632957458
006077,Almirante Brown,2017,PASO,2017-08-13,2017-07-01,SPEI12_genlogistic_global_era5_moda_ref1991to2020_201707.nc,0,0,-0.4979071021080017
006076,Quilmes,2017,PASO,2017-08-13,2017-07-01,SPEI12_genlogistic_global_era5_moda_ref1991to2020_201707.nc,0,0,-0.3927803337574005
006002,General Pueyrredón,2017,PASO,2017-08-13,2017-07-01,SPEI12_genlogistic_global_era5_moda_ref1991to2020_201707.nc,0,0,0.3397936522960663
006075,Lomas de Zamora,2017,PASO,2017-08-13,2017-07-01,SPEI12_genlogistic_global_era5_moda_ref1991to2020_201707.nc,0,0,-0.5617359280586243
006001,La Plata,2017,PASO,2017-08-13,2017-07-01,SPEI12_genlogistic_global_era5_moda_ref1991to2020_201707.nc,0,0,-0.7378308773040771
002001,City of Buenos Aires,2017,PASO,2017-08-13,2017-07-01,SPEI12_genlogistic_global_era5_moda_ref1991to2020_201707.nc,0,0,-0.32640784978866577
090001,"Famaillá, Lules, Capital, Tafí del Valle, Tafí Viajo, Trancas, Yerba Buena",2017,PASO,2017-08-13,2017-07-01,SPEI12_genlogistic_global_era5_moda_ref1991to2020_201707.nc,0,0,-0.6276355981826782
082001,Rosario,2017,PASO,2017-08-13,2017-07-01,SPEI12_genlogistic_global_era5_moda_ref1991to2020_201707.nc,0,0,0.03162117302417755
014001,Capital,2017,PASO,2017-08-13,2017-07-01,SPEI12_genlogistic_global_era5_moda_ref1991to2020_201707.nc,0,0,-0.6595767140388489
006074,La Matanza,2017,PASO,2017-08-13,2017-07-01,SPEI12_genlogistic_global_era5_moda_ref1991to2020_201707.nc,0,0,-0.6462942957878113
094002,Ushuaia,2017,PASO,2017-08-13,2017-07-01,SPEI12_genlogistic_global_era5_moda_ref1991to2020_201707.nc,0,0,0.8673635125160217
006072,Saavedra,2017,GENERALES,2017-10-22,2017-09-01,SPEI12_genlogistic_global_era5_moda_ref1991to2020_201709.nc,0,0,1.1607744693756104
006073,"Castelli, Maipú, Tordillo",2017,GENERALES,2017-10-22,2017-09-01,SPEI12_genlogistic_global_era5_moda_ref1991to2020_201709.nc,8.637803792953491,8.637803792953491,-0.3880201578140259
066013,Chicoana,2017,GENERALES,2017-10-22,2017-09-01,SPEI12_genlogistic_global_era5_moda_ref1991to2020_201709.nc,0,0,-1.0848466157913208
018016,"General Alvear, San Martín",2017,GENERALES,2017-10-22,2017-09-01,SPEI12_genlogistic_global_era5_moda_ref1991to2020_201709.nc,0,0,0.7427213191986084
006071,"General La Madrid, Laprida",2017,GENERALES,2017-10-22,2017-09-01,SPEI12_genlogistic_global_era5_moda_ref1991to2020_201709.nc,0,0,0.8513547778129578
070012,"9 de Julio, San Martín",2017,GENERALES,2017-10-22,2017-09-01,SPEI12_genlogistic_global_era5_moda_ref1991to2020_201709.nc,0,0,-0.7085532546043396
006070,Monte,2017,GENERALES,2017-10-22,2017-09-01,SPEI12_genlogistic_global_era5_moda_ref1991to2020_201709.nc,0,0,-0.17262740433216095
006069,Mar Chiquita,2017,GENERALES,2017-10-22,2017-09-01,SPEI12_genlogistic_global_era5_moda_ref1991to2020_201709.nc,0,0,0.9639006853103638
062007,"Conesa, Pichi Mahuida",2017,GENERALES,2017-10-22,2017-09-01,SPEI12_genlogistic_global_era5_moda_ref1991to2020_201709.nc,0,0,0.5951985120773315
046006,"Chamical, General Belgrano",2017,GENERALES,2017-10-22,2017-09-01,SPEI12_genlogistic_global_era5_moda_ref1991to2020_201709.nc,0,0,0.17641086876392365
078004,"Lago Buenos Aires, Magallanes, Río Chico",2017,GENERALES,2017-10-22,2017-09-01,SPEI12_genlogistic_global_era5_moda_ref1991to2020_201709.nc,0,0,1.643452525138855
082019,Garay,2017,GENERALES,2017-10-22,2017-09-01,SPEI12_genlogistic_global_era5_moda_ref1991to2020_201709.nc,0,0,0.8522437810897827
086015,Avellaneda,2017,GENERALES,2017-10-22,2017-09-01,SPEI12_genlogistic_global_era5_moda_ref1991to2020_201709.nc,0,0,0.22657166421413422
066012,"Cafayate, La Vina",2017,GENERALES,2017-10-22,2017-09-01,SPEI12_genlogistic_global_era5_moda_ref1991to2020_201709.nc,0,0,-0.9603660106658936
074005,Chacabuco,2017,GENERALES,2017-10-22,2017-09-01,SPEI12_genlogistic_global_era5_moda_ref1991to2020_201709.nc,0,0,0.17252938449382782
042007,"Hucal, Utracán",2017,GENERALES,2017-10-22,2017-09-01,SPEI12_genlogistic_global_era5_moda_ref1991to2020_201709.nc,0,0,0.6194567680358887
070011,Sarmiento,2017,GENERALES,2017-10-22,2017-09-01,SPEI12_genlogistic_global_era5_moda_ref1991to2020_201709.nc,0,0,-0.5862355828285217
006068,Carlos Casares,2017,GENERALES,2017-10-22,2017-09-01,SPEI12_genlogistic_global_era5_moda_ref1991to2020_201709.nc,0,0,0.47809767723083496
026006,"Cushamen, Languiñeo",2017,GENERALES,2017-10-22,2017-09-01,SPEI12_genlogistic_global_era5_moda_ref1991to2020_201709.nc,0.7935496978461742,0.7935496978461742,0.4399455785751343
018015,"Itatí, San Cosme",2017,GENERALES,2017-10-22,2017-09-01,SPEI12_genlogistic_global_era5_moda_ref1991to2020_201709.nc,0,0,0.8812729716300964
086014,"Figueroa, Sarmiento",2017,GENERALES,2017-10-22,2017-09-01,SPEI12_genlogistic_global_era5_moda_ref1991to2020_201709.nc,0,0,0.2597571313381195
006067,San Andrés de Giles,2017,GENERALES,2017-10-22,2017-09-01,SPEI12_genlogistic_global_era5_moda_ref1991to2020_201709.nc,0,0,0.3188091814517975
010007,"Antofagasta de la Sierra, Tinogasta",2017,GENERALES,2017-10-22,2017-09-01,SPEI12_genlogistic_global_era5_moda_ref1991to2020_201709.nc,0,0,0.4153501093387604
018014,Saladas,2017,GENERALES,2017-10-22,2017-09-01,SPEI12_genlogistic_global_era5_moda_ref1991to2020_201709.nc,0,0,0.5446585416793823
046005,"Arauco, Castro Barros, San Blas de los Sauces",2017,GENERALES,2017-10-22,2017-09-01,SPEI12_genlogistic_global_era5_moda_ref1991to2020_201709.nc,0,0,-0.46568405628204346
006066,Rojas,2017,GENERALES,2017-10-22,2017-09-01,SPEI12_genlogistic_global_era5_moda_ref1991to2020_201709.nc,13.247363269329071,13.247363269329071,-0.20703625679016113
006065,"Carlos Tejedor, Florentino Ameghino, General Pinto",2017,GENERALES,2017-10-22,2017-09-01,SPEI12_genlogistic_global_era5_moda_ref1991to2020_201709.nc,0,0,0.7114579081535339
086013,"Aguirre, Belgrano, Mitre, Rivadavia",2017,GENERALES,2017-10-22,2017-09-01,SPEI12_genlogistic_global_era5_moda_ref1991to2020_201709.nc,2.1689267829060555,2.1689267829060555,0.23897592723369598
070010,"Calingasta, Iglesia, Ullúm, Zonda",2017,GENERALES,2017-10-22,2017-09-01,SPEI12_genlogistic_global_era5_moda_ref1991to2020_201709.nc,4.976245760917664,0,-0.5809769630432129
086012,"Ojo de Agua, Quebrachos",2017,GENERALES,2017-10-22,2017-09-01,SPEI12_genlogistic_global_era5_moda_ref1991to2020_201709.nc,0,0,0.06977622956037521
070009,Albardón,2017,GENERALES,2017-10-22,2017-09-01,SPEI12_genlogistic_global_era5_moda_ref1991to2020_201709.nc,0,0,-0.5290644764900208
022015,Maipú,2017,GENERALES,2017-10-22,2017-09-01,SPEI12_genlogistic_global_era5_moda_ref1991to2020_201709.nc,0,0,0.726443886756897
006064,Las Flores,2017,GENERALES,2017-10-22,2017-09-01,SPEI12_genlogistic_global_era5_moda_ref1991to2020_201709.nc,0,0,-0.08997984975576401
006063,Colón,2017,GENERALES,2017-10-22,2017-09-01,SPEI12_genlogistic_global_era5_moda_ref1991to2020_201709.nc,0,0,0.9835324883460999
022014,Bermejo,2017,GENERALES,2017-10-22,2017-09-01,SPEI12_genlogistic_global_era5_moda_ref1991to2020_201709.nc,0,0,0.9408093094825745
006062,"Adolfo Alsina, Salliqueló",2017,GENERALES,2017-10-22,2017-09-01,SPEI12_genlogistic_global_era5_moda_ref1991to2020_201709.nc,0,0,0.9416759610176086
030011,Tala,2017,GENERALES,2017-10-22,2017-09-01,SPEI12_genlogistic_global_era5_moda_ref1991to2020_201709.nc,0,0,0.733350396156311
042006,"Caleu-Caleu, Cura-Co, Chalileo, Chical-Có, Lihuel Calel, Limay Mahuida, Leventué, Puelén",2017,GENERALES,2017-10-22,2017-09-01,SPEI12_genlogistic_global_era5_moda_ref1991to2020_201709.nc,0,0,0.725439190864563
050017,"La Paz, Santa Rosa",2017,GENERALES,2017-10-22,2017-09-01,SPEI12_genlogistic_global_era5_moda_ref1991to2020_201709.nc,0,0,0.3670506179332733
066011,"Cachí, La Poma, Los Andes, Molinos, San Carlos",2017,GENERALES,2017-10-22,2017-09-01,SPEI12_genlogistic_global_era5_moda_ref1991to2020_201709.nc,1.43233000926557e-4,0,0.19765080511569977
006061,Brandsen,2017,GENERALES,2017-10-22,2017-09-01,SPEI12_genlogistic_global_era5_moda_ref1991to2020_201709.nc,0,0,-0.2608035206794739
046004,"General Ocampo, General San Martín, Rosario Vera Peñaloza",2017,GENERALES,2017-10-22,2017-09-01,SPEI12_genlogistic_global_era5_moda_ref1991to2020_201709.nc,0,0,0.13612298667430878
006060,"Daireaux, Hipólito Yrigoyen",2017,GENERALES,2017-10-22,2017-09-01,SPEI12_genlogistic_global_era5_moda_ref1991to2020_201709.nc,0,0,0.7401220798492432
006059,Dolores,2017,GENERALES,2017-10-22,2017-09-01,SPEI12_genlogistic_global_era5_moda_ref1991to2020_201709.nc,30.434781312942505,30.434781312942505,-2.393303155899048
070008,"Jachal, Valle Fértil",2017,GENERALES,2017-10-22,2017-09-01,SPEI12_genlogistic_global_era5_moda_ref1991to2020_201709.nc,1.372517179697752,0,-0.5798238515853882
078003,"Corpen Aike, Lago Argentino",2017,GENERALES,2017-10-22,2017-09-01,SPEI12_genlogistic_global_era5_moda_ref1991to2020_201709.nc,0,0,1.5250200033187866
054015,Candelaria,2017,GENERALES,2017-10-22,2017-09-01,SPEI12_genlogistic_global_era5_moda_ref1991to2020_201709.nc,0,0,0.5978175401687622
054014,25 de Mayo,2017,GENERALES,2017-10-22,2017-09-01,SPEI12_genlogistic_global_era5_moda_ref1991to2020_201709.nc,0,0,0.3812256455421448
042005,"Chapaleufú, Realicó",2017,GENERALES,2017-10-22,2017-09-01,SPEI12_genlogistic_global_era5_moda_ref1991to2020_201709.nc,0,0,0.5743805170059204
074004,Junín,2017,GENERALES,2017-10-22,2017-09-01,SPEI12_genlogistic_global_era5_moda_ref1991to2020_201709.nc,0,0,0.2764644920825958
050016,Malargue,2017,GENERALES,2017-10-22,2017-09-01,SPEI12_genlogistic_global_era5_moda_ref1991to2020_201709.nc,0,0,-0.5064663290977478
066010,Rivadavia,2017,GENERALES,2017-10-22,2017-09-01,SPEI12_genlogistic_global_era5_moda_ref1991to2020_201709.nc,0,0,0.6803930401802063
018013,Lavalle,2017,GENERALES,2017-10-22,2017-09-01,SPEI12_genlogistic_global_era5_moda_ref1991to2020_201709.nc,0,0,0.557792067527771
006058,"General Belgrano, General Paz",2017,GENERALES,2017-10-22,2017-09-01,SPEI12_genlogistic_global_era5_moda_ref1991to2020_201709.nc,0,0,-0.22333335876464844
086011,"Loreto, Silipica",2017,GENERALES,2017-10-22,2017-09-01,SPEI12_genlogistic_global_era5_moda_ref1991to2020_201709.nc,0,0,0.0893661230802536
010006,"Ancasti, El Alto, La Paz",2017,GENERALES,2017-10-22,2017-09-01,SPEI12_genlogistic_global_era5_moda_ref1991to2020_201709.nc,0,0,-0.06452517956495285
034005,"Matacos, Ramón Lista",2017,GENERALES,2017-10-22,2017-09-01,SPEI12_genlogistic_global_era5_moda_ref1991to2020_201709.nc,0,0,0.5495091080665588
006057,Exaltación de la Cruz,2017,GENERALES,2017-10-22,2017-09-01,SPEI12_genlogistic_global_era5_moda_ref1991to2020_201709.nc,0,0,0.5440314412117004
006056,Arrecifes,2017,GENERALES,2017-10-22,2017-09-01,SPEI12_genlogistic_global_era5_moda_ref1991to2020_201709.nc,0,0,0.5180951952934265
082018,9 de Julio,2017,GENERALES,2017-10-22,2017-09-01,SPEI12_genlogistic_global_era5_moda_ref1991to2020_201709.nc,0,0,0.977001428604126
062006,San Antonio,2017,GENERALES,2017-10-22,2017-09-01,SPEI12_genlogistic_global_era5_moda_ref1991to2020_201709.nc,0,0,0.48832660913467407
006055,Patagones,2017,GENERALES,2017-10-22,2017-09-01,SPEI12_genlogistic_global_era5_moda_ref1991to2020_201709.nc,0,0,0.36623385548591614
086010,Copo,2017,GENERALES,2017-10-22,2017-09-01,SPEI12_genlogistic_global_era5_moda_ref1991to2020_201709.nc,0,0,0.6872754693031311
014021,"Río Seco, Sobremonte, Tulumba",2017,GENERALES,2017-10-22,2017-09-01,SPEI12_genlogistic_global_era5_moda_ref1991to2020_201709.nc,9.02273803949356,9.02273803949356,-0.8264344930648804
054013,San Pedro,2017,GENERALES,2017-10-22,2017-09-01,SPEI12_genlogistic_global_era5_moda_ref1991to2020_201709.nc,0,0,-0.5278866291046143
006054,"General Juan Madariaga, Pinamar, Villa Gesell",2017,GENERALES,2017-10-22,2017-09-01,SPEI12_genlogistic_global_era5_moda_ref1991to2020_201709.nc,1.5836359933018684,1.5836359933018684,0.6233711242675781
018012,Esquina,2017,GENERALES,2017-10-22,2017-09-01,SPEI12_genlogistic_global_era5_moda_ref1991to2020_201709.nc,0,0,0.8581143617630005
022013,Chacabuco,2017,GENERALES,2017-10-22,2017-09-01,SPEI12_genlogistic_global_era5_moda_ref1991to2020_201709.nc,0,0,1.2822411060333252
006053,General Villegas,2017,GENERALES,2017-10-22,2017-09-01,SPEI12_genlogistic_global_era5_moda_ref1991to2020_201709.nc,0,0,0.5902493000030518
038006,"Humahuaca, Tilcara, Valle Grande",2017,GENERALES,2017-10-22,2017-09-01,SPEI12_genlogistic_global_era5_moda_ref1991to2020_201709.nc,0,0,-0.9410854578018188
006052,"General Arenales, Leandro N. Alem",2017,GENERALES,2017-10-22,2017-09-01,SPEI12_genlogistic_global_era5_moda_ref1991to2020_201709.nc,0,0,1.2547125816345215
086009,"Atamisqui, Salavina, San Martín",2017,GENERALES,2017-10-22,2017-09-01,SPEI12_genlogistic_global_era5_moda_ref1991to2020_201709.nc,0,0,0.09783957153558731
046003,"Coronel Felipe Varela, Famatina, General Angel V. Peñaloza, General Juan F. Quiroga, General Lamadrid, Vinchina, Independencia, Sanagasta",2017,GENERALES,2017-10-22,2017-09-01,SPEI12_genlogistic_global_era5_moda_ref1991to2020_201709.nc,1.4509011059999466,0,-0.16202783584594727
054012,"Concepción, San Javier",2017,GENERALES,2017-10-22,2017-09-01,SPEI12_genlogistic_global_era5_moda_ref1991to2020_201709.nc,0,0,0.6041156649589539
082017,San Javier,2017,GENERALES,2017-10-22,2017-09-01,SPEI12_genlogistic_global_era5_moda_ref1991to2020_201709.nc,0,0,0.9582257866859436
006051,Baradero,2017,GENERALES,2017-10-22,2017-09-01,SPEI12_genlogistic_global_era5_moda_ref1991to2020_201709.nc,0,0,0.5680510401725769
006050,Saladillo,2017,GENERALES,2017-10-22,2017-09-01,SPEI12_genlogistic_global_era5_moda_ref1991to2020_201709.nc,0,0,-0.16348204016685486
050015,Tupungato,2017,GENERALES,2017-10-22,2017-09-01,SPEI12_genlogistic_global_era5_moda_ref1991to2020_201709.nc,24.45989102125168,0,-0.7208134531974792
050014,San Carlos,2017,GENERALES,2017-10-22,2017-09-01,SPEI12_genlogistic_global_era5_moda_ref1991to2020_201709.nc,0,0,-0.29669296741485596
006049,Salto,2017,GENERALES,2017-10-22,2017-09-01,SPEI12_genlogistic_global_era5_moda_ref1991to2020_201709.nc,22.90032058954239,22.90032058954239,-1.5233464241027832
006048,Ramallo,2017,GENERALES,2017-10-22,2017-09-01,SPEI12_genlogistic_global_era5_moda_ref1991to2020_201709.nc,0,0,0.5282596945762634
022012,"12 de Octubre, 2 de Abril, Fray Justo Sta. María de Oro",2017,GENERALES,2017-10-22,2017-09-01,SPEI12_genlogistic_global_era5_moda_ref1991to2020_201709.nc,0,0,1.201275110244751
022011,Quitilipi,2017,GENERALES,2017-10-22,2017-09-01,SPEI12_genlogistic_global_era5_moda_ref1991to2020_201709.nc,0,0,0.9049375653266907
022010,Almirante Brown,2017,GENERALES,2017-10-22,2017-09-01,SPEI12_genlogistic_global_era5_moda_ref1991to2020_201709.nc,0,0,1.0850918292999268
022009,"General Belgrano, Independencia",2017,GENERALES,2017-10-22,2017-09-01,SPEI12_genlogistic_global_era5_moda_ref1991to2020_201709.nc,0,0,1.008203387260437
042004,"Atreucó, Catriló, Guatrache, Quemú-Quemú",2017,GENERALES,2017-10-22,2017-09-01,SPEI12_genlogistic_global_era5_moda_ref1991to2020_201709.nc,0,0,0.7898900508880615
062005,Avellaneda,2017,GENERALES,2017-10-22,2017-09-01,SPEI12_genlogistic_global_era5_moda_ref1991to2020_201709.nc,0,0,0.5882202386856079
030010,Victoria,2017,GENERALES,2017-10-22,2017-09-01,SPEI12_genlogistic_global_era5_moda_ref1991to2020_201709.nc,0,0,0.27847662568092346
066009,Cerrillos,2017,GENERALES,2017-10-22,2017-09-01,SPEI12_genlogistic_global_era5_moda_ref1991to2020_201709.nc,0,0,-0.8406710624694824
010005,"Ambato, Capayán, Paclín, Santa Rosa",2017,GENERALES,2017-10-22,2017-09-01,SPEI12_genlogistic_global_era5_moda_ref1991to2020_201709.nc,0,0,-0.15213197469711304
086008,"Jiménez, Pellegrini",2017,GENERALES,2017-10-22,2017-09-01,SPEI12_genlogistic_global_era5_moda_ref1991to2020_201709.nc,0,0,0.014172675088047981
014020,General Roca,2017,GENERALES,2017-10-22,2017-09-01,SPEI12_genlogistic_global_era5_moda_ref1991to2020_201709.nc,0,0,0.420448362827301
014019,San Alberto,2017,GENERALES,2017-10-22,2017-09-01,SPEI12_genlogistic_global_era5_moda_ref1991to2020_201709.nc,0,0,-0.1938466876745224
054011,Montecarlo,2017,GENERALES,2017-10-22,2017-09-01,SPEI12_genlogistic_global_era5_moda_ref1991to2020_201709.nc,0,0,-0.213774174451828
014018,Presidente Roque Saénz Peña,2017,GENERALES,2017-10-22,2017-09-01,SPEI12_genlogistic_global_era5_moda_ref1991to2020_201709.nc,0,0,0.5024079084396362
050013,Lavalle,2017,GENERALES,2017-10-22,2017-09-01,SPEI12_genlogistic_global_era5_moda_ref1991to2020_201709.nc,0,0,-0.30633053183555603
006047,"Capitán Sarmiento, San Antonio de Areco",2017,GENERALES,2017-10-22,2017-09-01,SPEI12_genlogistic_global_era5_moda_ref1991to2020_201709.nc,0,0,0.4583773910999298
018011,Monte Caseros,2017,GENERALES,2017-10-22,2017-09-01,SPEI12_genlogistic_global_era5_moda_ref1991to2020_201709.nc,0,0,0.7282426953315735
010004,"Belén, Pomán",2017,GENERALES,2017-10-22,2017-09-01,SPEI12_genlogistic_global_era5_moda_ref1991to2020_201709.nc,3.6269940435886383,0,-0.6054612994194031
058005,Zapala,2017,GENERALES,2017-10-22,2017-09-01,SPEI12_genlogistic_global_era5_moda_ref1991to2020_201709.nc,0,0,-0.6916377544403076
006046,"Guaminí, Pellegrini, Rivadavia, Tres Lomas",2017,GENERALES,2017-10-22,2017-09-01,SPEI12_genlogistic_global_era5_moda_ref1991to2020_201709.nc,0,0,0.757760226726532
018010,Bella Vista,2017,GENERALES,2017-10-22,2017-09-01,SPEI12_genlogistic_global_era5_moda_ref1991to2020_201709.nc,0,0,0.665623664855957
006045,Coronel Suárez,2017,GENERALES,2017-10-22,2017-09-01,SPEI12_genlogistic_global_era5_moda_ref1991to2020_201709.nc,0,0,1.2427668571472168
058004,"Chos Malal, Pehuenches",2017,GENERALES,2017-10-22,2017-09-01,SPEI12_genlogistic_global_era5_moda_ref1991to2020_201709.nc,0,0,-0.2622584104537964
090005,Burruyacú,2017,GENERALES,2017-10-22,2017-09-01,SPEI12_genlogistic_global_era5_moda_ref1991to2020_201709.nc,0,0,-0.5487658977508545
050012,Junín,2017,GENERALES,2017-10-22,2017-09-01,SPEI12_genlogistic_global_era5_moda_ref1991to2020_201709.nc,0,0,-0.21543577313423157
066008,"Guachipas, La Candelaria, Rosario de la Frontera",2017,GENERALES,2017-10-22,2017-09-01,SPEI12_genlogistic_global_era5_moda_ref1991to2020_201709.nc,0,0,-0.6997347474098206
006044,Pehuajó,2017,GENERALES,2017-10-22,2017-09-01,SPEI12_genlogistic_global_era5_moda_ref1991to2020_201709.nc,0,0,0.4755915403366089
086007,General Taboada,2017,GENERALES,2017-10-22,2017-09-01,SPEI12_genlogistic_global_era5_moda_ref1991to2020_201709.nc,0,0,0.7955562472343445
030009,Nogoyá,2017,GENERALES,2017-10-22,2017-09-01,SPEI12_genlogistic_global_era5_moda_ref1991to2020_201709.nc,0,0,0.4480340778827667
026005,"Florentino Ameghino, Gaimán, Gastre, Mártires, Paso de los Indios, Río Senguer, Sarmiento, Tehuelches, Telsen",2017,GENERALES,2017-10-22,2017-09-01,SPEI12_genlogistic_global_era5_moda_ref1991to2020_201709.nc,0,0,1.3106423616409302
010003,"Fray Mamerto Esquiú, Valle Viejo",2017,GENERALES,2017-10-22,2017-09-01,SPEI12_genlogistic_global_era5_moda_ref1991to2020_201709.nc,0,0,-0.05520755052566528
066007,Metán,2017,GENERALES,2017-10-22,2017-09-01,SPEI12_genlogistic_global_era5_moda_ref1991to2020_201709.nc,0,0,-0.42759963870048523
006043,"Adolfo González Chaves, Benito Juárez, San Cayetano",2017,GENERALES,2017-10-22,2017-09-01,SPEI12_genlogistic_global_era5_moda_ref1991to2020_201709.nc,0,0,0.5134491920471191
018009,Mercedes,2017,GENERALES,2017-10-22,2017-09-01,SPEI12_genlogistic_global_era5_moda_ref1991to2020_201709.nc,0,0,0.6320971250534058
010002,"Andalgalá, Santa María",2017,GENERALES,2017-10-22,2017-09-01,SPEI12_genlogistic_global_era5_moda_ref1991to2020_201709.nc,5.462592467665672,0,-0.914749026298523
018008,"Empedrado, Mburucuyá, San Luis del Palmar",2017,GENERALES,2017-10-22,2017-09-01,SPEI12_genlogistic_global_era5_moda_ref1991to2020_201709.nc,0,0,0.6356325149536133
006042,Bragado,2017,GENERALES,2017-10-22,2017-09-01,SPEI12_genlogistic_global_era5_moda_ref1991to2020_201709.nc,0,0,0.7721270322799683
006041,General Alvarado,2017,GENERALES,2017-10-22,2017-09-01,SPEI12_genlogistic_global_era5_moda_ref1991to2020_201709.nc,0,0,0.5228592157363892
062004,"El Cuy, 9 de Julio, Ñorquincó, Pilcaniyeu, Valcheta, 25 de Mayo",2017,GENERALES,2017-10-22,2017-09-01,SPEI12_genlogistic_global_era5_moda_ref1991to2020_201709.nc,0,0,0.1878528594970703
074003,"Ayacucho, Belgrano, Coronel Pringles, Libertador General San Martín",2017,GENERALES,2017-10-22,2017-09-01,SPEI12_genlogistic_global_era5_moda_ref1991to2020_201709.nc,0,0,0.4336075186729431
018007,"Ituzaingó, San Miguel",2017,GENERALES,2017-10-22,2017-09-01,SPEI12_genlogistic_global_era5_moda_ref1991to2020_201709.nc,0,0,0.6555023789405823
082016,San Justo,2017,GENERALES,2017-10-22,2017-09-01,SPEI12_genlogistic_global_era5_moda_ref1991to2020_201709.nc,0,0,0.9772988557815552
006040,"Carmen de Areco, Navarro, Suipacha",2017,GENERALES,2017-10-22,2017-09-01,SPEI12_genlogistic_global_era5_moda_ref1991to2020_201709.nc,7.233256101608276,7.233256101608276,-0.4739450514316559
006039,"Ayacucho, General Guido, Pila, Rauch",2017,GENERALES,2017-10-22,2017-09-01,SPEI12_genlogistic_global_era5_moda_ref1991to2020_201709.nc,8.123894035816193,8.123894035816193,-0.2784222364425659
042003,"Conhello, Rancul, Toay, Trenel",2017,GENERALES,2017-10-22,2017-09-01,SPEI12_genlogistic_global_era5_moda_ref1991to2020_201709.nc,0,0,0.8127474784851074
086006,"Choya, Guasayan",2017,GENERALES,2017-10-22,2017-09-01,SPEI12_genlogistic_global_era5_moda_ref1991to2020_201709.nc,0,0,0.14191941916942596
054010,General Manuel Belgrano,2017,GENERALES,2017-10-22,2017-09-01,SPEI12_genlogistic_global_era5_moda_ref1991to2020_201709.nc,0,0,-0.7763878703117371
006038,Trenque Lauquen,2017,GENERALES,2017-10-22,2017-09-01,SPEI12_genlogistic_global_era5_moda_ref1991to2020_201709.nc,0,0,0.5838706493377686
026004,Futaleufú,2017,GENERALES,2017-10-22,2017-09-01,SPEI12_genlogistic_global_era5_moda_ref1991to2020_201709.nc,0,0,0.19273819029331207
054009,Apóstoles,2017,GENERALES,2017-10-22,2017-09-01,SPEI12_genlogistic_global_era5_moda_ref1991to2020_201709.nc,0,0,0.45871710777282715
022008,"General Donovan, Libertad, Presidencia de La Plaza, Tapenaga",2017,GENERALES,2017-10-22,2017-09-01,SPEI12_genlogistic_global_era5_moda_ref1991to2020_201709.nc,0,0,0.9515988230705261
006037,"Puan, Villarino",2017,GENERALES,2017-10-22,2017-09-01,SPEI12_genlogistic_global_era5_moda_ref1991to2020_201709.nc,0,0,0.7390102744102478
038005,"Cochinoca, Rinconada, Santa Catalina, Susques, Tumbaya, Yaví",2017,GENERALES,2017-10-22,2017-09-01,SPEI12_genlogistic_global_era5_moda_ref1991to2020_201709.nc,0,0,-0.7985413074493408
086005,Robles,2017,GENERALES,2017-10-22,2017-09-01,SPEI12_genlogistic_global_era5_moda_ref1991to2020_201709.nc,0,0,0.13921096920967102
030008,Diamante,2017,GENERALES,2017-10-22,2017-09-01,SPEI12_genlogistic_global_era5_moda_ref1991to2020_201709.nc,0,0,0.09669294953346252
082015,Belgrano,2017,GENERALES,2017-10-22,2017-09-01,SPEI12_genlogistic_global_era5_moda_ref1991to2020_201709.nc,3.883623704314232,3.883623704314232,-0.34549713134765625
050011,General Alvear,2017,GENERALES,2017-10-22,2017-09-01,SPEI12_genlogistic_global_era5_moda_ref1991to2020_201709.nc,0,0,0.6189584732055664
014017,Río Primero,2017,GENERALES,2017-10-22,2017-09-01,SPEI12_genlogistic_global_era5_moda_ref1991to2020_201709.nc,0,0,-0.11740677058696747
006036,9 de Julio,2017,GENERALES,2017-10-22,2017-09-01,SPEI12_genlogistic_global_era5_moda_ref1991to2020_201709.nc,0,0,0.5103999376296997
066006,General Güemes,2017,GENERALES,2017-10-22,2017-09-01,SPEI12_genlogistic_global_era5_moda_ref1991to2020_201709.nc,0,0,-0.6634689569473267
066005,"La Caldera, Rosario de Lerma",2017,GENERALES,2017-10-22,2017-09-01,SPEI12_genlogistic_global_era5_moda_ref1991to2020_201709.nc,0,0,-0.9969553351402283
054008,Libertador General San Martín,2017,GENERALES,2017-10-22,2017-09-01,SPEI12_genlogistic_global_era5_moda_ref1991to2020_201709.nc,0,0,0.12885251641273499
070007,Santa Lucía,2017,GENERALES,2017-10-22,2017-09-01,SPEI12_genlogistic_global_era5_moda_ref1991to2020_201709.nc,0,0,-0.6210267543792725
018006,Paso de los Libres,2017,GENERALES,2017-10-22,2017-09-01,SPEI12_genlogistic_global_era5_moda_ref1991to2020_201709.nc,0,0,0.7654314637184143
022007,"9 de Julio, O'Higgins",2017,GENERALES,2017-10-22,2017-09-01,SPEI12_genlogistic_global_era5_moda_ref1991to2020_201709.nc,0,0,1.2397398948669434
006035,Chacabuco,2017,GENERALES,2017-10-22,2017-09-01,SPEI12_genlogistic_global_era5_moda_ref1991to2020_201709.nc,0,0,0.5893336534500122
046002,Chilecito,2017,GENERALES,2017-10-22,2017-09-01,SPEI12_genlogistic_global_era5_moda_ref1991to2020_201709.nc,0,0,-0.4339432120323181
014016,"Ischilín, Totoral",2017,GENERALES,2017-10-22,2017-09-01,SPEI12_genlogistic_global_era5_moda_ref1991to2020_201709.nc,0,0,-0.09368158131837845
050010,Tunuyán,2017,GENERALES,2017-10-22,2017-09-01,SPEI12_genlogistic_global_era5_moda_ref1991to2020_201709.nc,0,0,-0.5374870896339417
006034,"Coronel Dorrego, Coronel Pringles, Monte Hermoso, Tornquist",2017,GENERALES,2017-10-22,2017-09-01,SPEI12_genlogistic_global_era5_moda_ref1991to2020_201709.nc,0,0,0.8383996486663818
006033,"General Las Heras, Lobos",2017,GENERALES,2017-10-22,2017-09-01,SPEI12_genlogistic_global_era5_moda_ref1991to2020_201709.nc,2.41213645786047,2.41213645786047,-0.2869609296321869
030007,Gualeguay,2017,GENERALES,2017-10-22,2017-09-01,SPEI12_genlogistic_global_era5_moda_ref1991to2020_201709.nc,0,0,0.521980881690979
014015,Calamuchita,2017,GENERALES,2017-10-22,2017-09-01,SPEI12_genlogistic_global_era5_moda_ref1991to2020_201709.nc,0,0,-0.43643730878829956
082014,Vera,2017,GENERALES,2017-10-22,2017-09-01,SPEI12_genlogistic_global_era5_moda_ref1991to2020_201709.nc,0,0,0.7464293837547302
006032,Marcos Paz,2017,GENERALES,2017-10-22,2017-09-01,SPEI12_genlogistic_global_era5_moda_ref1991to2020_201709.nc,0,0,-0.07811488211154938
070006,Pocito,2017,GENERALES,2017-10-22,2017-09-01,SPEI12_genlogistic_global_era5_moda_ref1991to2020_201709.nc,0,0,-0.7095035910606384
018005,"Curuzú Cuatiá, Sauce",2017,GENERALES,2017-10-22,2017-09-01,SPEI12_genlogistic_global_era5_moda_ref1991to2020_201709.nc,0,0,0.753587007522583
014014,San Javier,2017,GENERALES,2017-10-22,2017-09-01,SPEI12_genlogistic_global_era5_moda_ref1991to2020_201709.nc,0,0,-0.1530040204524994
006031,Cañuelas,2017,GENERALES,2017-10-22,2017-09-01,SPEI12_genlogistic_global_era5_moda_ref1991to2020_201709.nc,0,0,-0.19943620264530182
006030,"Bolívar, General Alvear, Tapalqué",2017,GENERALES,2017-10-22,2017-09-01,SPEI12_genlogistic_global_era5_moda_ref1991to2020_201709.nc,0,0,0.20634965598583221
054007,Cainguas,2017,GENERALES,2017-10-22,2017-09-01,SPEI12_genlogistic_global_era5_moda_ref1991to2020_201709.nc,0,0,0.32677754759788513
058003,"Huiliches, Lácar, Los Lagos",2017,GENERALES,2017-10-22,2017-09-01,SPEI12_genlogistic_global_era5_moda_ref1991to2020_201709.nc,0,0,-0.5889111757278442
086004,Río Hondo,2017,GENERALES,2017-10-22,2017-09-01,SPEI12_genlogistic_global_era5_moda_ref1991to2020_201709.nc,0,0,-0.11519473791122437
022006,Mayor Luis J. Fontana,2017,GENERALES,2017-10-22,2017-09-01,SPEI12_genlogistic_global_era5_moda_ref1991to2020_201709.nc,0,0,0.9289423227310181
090004,Leales,2017,GENERALES,2017-10-22,2017-09-01,SPEI12_genlogistic_global_era5_moda_ref1991to2020_201709.nc,0,0,-0.17636194825172424
058002,"Aluminé, Añelo, Catán-Lil, Collón-Cura, Loncopué, Minas, Ñorquin, Picún-Leufú, Picunches",2017,GENERALES,2017-10-22,2017-09-01,SPEI12_genlogistic_global_era5_moda_ref1991to2020_201709.nc,0,0,-0.4496084749698639
018004,"Berón de Astrada, Concepción, General Paz, San Roque",2017,GENERALES,2017-10-22,2017-09-01,SPEI12_genlogistic_global_era5_moda_ref1991to2020_201709.nc,0,0,0.6162874102592468
050009,Rivadavia,2017,GENERALES,2017-10-22,2017-09-01,SPEI12_genlogistic_global_era5_moda_ref1991to2020_201709.nc,0,0,-0.13019023835659027
006029,Ensenada,2017,GENERALES,2017-10-22,2017-09-01,SPEI12_genlogistic_global_era5_moda_ref1991to2020_201709.nc,0,0,0.22669018805027008
006028,Tres Arroyos,2017,GENERALES,2017-10-22,2017-09-01,SPEI12_genlogistic_global_era5_moda_ref1991to2020_201709.nc,0,0,0.1712830364704132
066004,Anta,2017,GENERALES,2017-10-22,2017-09-01,SPEI12_genlogistic_global_era5_moda_ref1991to2020_201709.nc,0,0,0.18676674365997314
054006,San Ignacio,2017,GENERALES,2017-10-22,2017-09-01,SPEI12_genlogistic_global_era5_moda_ref1991to2020_201709.nc,0,0,0.4403628706932068
042002,Maracó,2017,GENERALES,2017-10-22,2017-09-01,SPEI12_genlogistic_global_era5_moda_ref1991to2020_201709.nc,0,0,0.6511356234550476
062003,Adolfo Alsina,2017,GENERALES,2017-10-22,2017-09-01,SPEI12_genlogistic_global_era5_moda_ref1991to2020_201709.nc,0,0,0.2721102833747864
006027,San Pedro,2017,GENERALES,2017-10-22,2017-09-01,SPEI12_genlogistic_global_era5_moda_ref1991to2020_201709.nc,0,0,0.5802344679832458
018003,Santo Tomé,2017,GENERALES,2017-10-22,2017-09-01,SPEI12_genlogistic_global_era5_moda_ref1991to2020_201709.nc,0,0,0.7594550848007202
006026,"Alberti, Roque Pérez, 25 de Mayo",2017,GENERALES,2017-10-22,2017-09-01,SPEI12_genlogistic_global_era5_moda_ref1991to2020_201709.nc,0,0,0.1592414528131485
006025,"Chascomus, Magdalena, Punta Indio",2017,GENERALES,2017-10-22,2017-09-01,SPEI12_genlogistic_global_era5_moda_ref1991to2020_201709.nc,0,0,-0.3462168276309967
006024,"General Viamonte, Lincoln",2017,GENERALES,2017-10-22,2017-09-01,SPEI12_genlogistic_global_era5_moda_ref1991to2020_201709.nc,0,0,0.8570603728294373
022005,"San Lorenzo, Sargento Cabral, 25 de Mayo",2017,GENERALES,2017-10-22,2017-09-01,SPEI12_genlogistic_global_era5_moda_ref1991to2020_201709.nc,0,0,1.0375760793685913
006023,Coronel de Marine L. Rosales,2017,GENERALES,2017-10-22,2017-09-01,SPEI12_genlogistic_global_era5_moda_ref1991to2020_201709.nc,0,0,0.921658456325531
006022,"Balcarce, Lobería",2017,GENERALES,2017-10-22,2017-09-01,SPEI12_genlogistic_global_era5_moda_ref1991to2020_201709.nc,0,0,0.4836854040622711
006021,Mercedes,2017,GENERALES,2017-10-22,2017-09-01,SPEI12_genlogistic_global_era5_moda_ref1991to2020_201709.nc,73.36280345916748,73.36280345916748,-5.9676690101623535
014013,Juárez Celman,2017,GENERALES,2017-10-22,2017-09-01,SPEI12_genlogistic_global_era5_moda_ref1991to2020_201709.nc,0,0,0.42566779255867004
070005,"Angaco, Caucete, 25 de Mayo",2017,GENERALES,2017-10-22,2017-09-01,SPEI12_genlogistic_global_era5_moda_ref1991to2020_201709.nc,0,0,-0.5584924221038818
082013,San Martín,2017,GENERALES,2017-10-22,2017-09-01,SPEI12_genlogistic_global_era5_moda_ref1991to2020_201709.nc,24.609093368053436,24.609093368053436,-2.1584696769714355
006020,Chivilcoy,2017,GENERALES,2017-10-22,2017-09-01,SPEI12_genlogistic_global_era5_moda_ref1991to2020_201709.nc,0,0,0.38556966185569763
006019,Azul,2017,GENERALES,2017-10-22,2017-09-01,SPEI12_genlogistic_global_era5_moda_ref1991to2020_201709.nc,0,0,0.5726187825202942
082012,Iriondo,2017,GENERALES,2017-10-22,2017-09-01,SPEI12_genlogistic_global_era5_moda_ref1991to2020_201709.nc,0,0,0.13352903723716736
086003,"Alberdi, Juan F. Ibarra, Moreno",2017,GENERALES,2017-10-22,2017-09-01,SPEI12_genlogistic_global_era5_moda_ref1991to2020_201709.nc,0,0,0.8576697111129761
082011,San Cristóbal,2017,GENERALES,2017-10-22,2017-09-01,SPEI12_genlogistic_global_era5_moda_ref1991to2020_201709.nc,0,0,0.7059636116027832
022004,General Güemes,2017,GENERALES,2017-10-22,2017-09-01,SPEI12_genlogistic_global_era5_moda_ref1991to2020_201709.nc,0,0,1.1816627979278564
030006,La Paz,2017,GENERALES,2017-10-22,2017-09-01,SPEI12_genlogistic_global_era5_moda_ref1991to2020_201709.nc,0,0,0.8356050252914429
030005,Federación,2017,GENERALES,2017-10-22,2017-09-01,SPEI12_genlogistic_global_era5_moda_ref1991to2020_201709.nc,0,0,0.8243553638458252
054005,Guaraní,2017,GENERALES,2017-10-22,2017-09-01,SPEI12_genlogistic_global_era5_moda_ref1991to2020_201709.nc,0,0,-0.10798264294862747
014012,"Cruz del Eje, Minas, Pocho",2017,GENERALES,2017-10-22,2017-09-01,SPEI12_genlogistic_global_era5_moda_ref1991to2020_201709.nc,0,0,0.08197571337223053
022003,"Libertador General San Martín, 1 de Mayo",2017,GENERALES,2017-10-22,2017-09-01,SPEI12_genlogistic_global_era5_moda_ref1991to2020_201709.nc,0,0,1.0395874977111816
094001,"Río Grande, Antarctic Argentina",2017,GENERALES,2017-10-22,2017-09-01,SPEI12_genlogistic_global_era5_moda_ref1991to2020_201709.nc,0,0,1.162834644317627
006018,"General Lavalle, La Costa",2017,GENERALES,2017-10-22,2017-09-01,SPEI12_genlogistic_global_era5_moda_ref1991to2020_201709.nc,0,0,0.9348229765892029
038004,San Pedro,2017,GENERALES,2017-10-22,2017-09-01,SPEI12_genlogistic_global_era5_moda_ref1991to2020_201709.nc,0,0,-0.5763717889785767
054004,El Dorado,2017,GENERALES,2017-10-22,2017-09-01,SPEI12_genlogistic_global_era5_moda_ref1991to2020_201709.nc,0,0,-0.3585610091686249
082010,Caseros,2017,GENERALES,2017-10-22,2017-09-01,SPEI12_genlogistic_global_era5_moda_ref1991to2020_201709.nc,0,0,0.7016519904136658
026003,Biedma,2017,GENERALES,2017-10-22,2017-09-01,SPEI12_genlogistic_global_era5_moda_ref1991to2020_201709.nc,0,0,0.7854894995689392
082009,San Jerónimo,2017,GENERALES,2017-10-22,2017-09-01,SPEI12_genlogistic_global_era5_moda_ref1991to2020_201709.nc,0,0,0.13397249579429626
054003,Iguazú,2017,GENERALES,2017-10-22,2017-09-01,SPEI12_genlogistic_global_era5_moda_ref1991to2020_201709.nc,0,0,-0.7465706467628479
034004,"Bermejo, Patiño",2017,GENERALES,2017-10-22,2017-09-01,SPEI12_genlogistic_global_era5_moda_ref1991to2020_201709.nc,0,0,0.7946538329124451
006017,"Presidente Perón, San Vicente",2017,GENERALES,2017-10-22,2017-09-01,SPEI12_genlogistic_global_era5_moda_ref1991to2020_201709.nc,0,0,-0.11416203528642654
070004,Rivadavia,2017,GENERALES,2017-10-22,2017-09-01,SPEI12_genlogistic_global_era5_moda_ref1991to2020_201709.nc,0,0,-0.9896350502967834
034003,Pilcomayo,2017,GENERALES,2017-10-22,2017-09-01,SPEI12_genlogistic_global_era5_moda_ref1991to2020_201709.nc,0,0,0.1543010175228119
006016,General Rodríguez,2017,GENERALES,2017-10-22,2017-09-01,SPEI12_genlogistic_global_era5_moda_ref1991to2020_201709.nc,0.23894780315458775,0.23894780315458775,0.027220819145441055
070003,Chimbas,2017,GENERALES,2017-10-22,2017-09-01,SPEI12_genlogistic_global_era5_moda_ref1991to2020_201709.nc,0,0,-0.6258279085159302
006015,Berisso,2017,GENERALES,2017-10-22,2017-09-01,SPEI12_genlogistic_global_era5_moda_ref1991to2020_201709.nc,0,0,-0.07793137431144714
082008,Constitución,2017,GENERALES,2017-10-22,2017-09-01,SPEI12_genlogistic_global_era5_moda_ref1991to2020_201709.nc,0,0,0.7346521019935608
006014,Junín,2017,GENERALES,2017-10-22,2017-09-01,SPEI12_genlogistic_global_era5_moda_ref1991to2020_201709.nc,0,0,1.2542142868041992
018002,Goya,2017,GENERALES,2017-10-22,2017-09-01,SPEI12_genlogistic_global_era5_moda_ref1991to2020_201709.nc,0,0,0.6396602988243103
006013,Necochea,2017,GENERALES,2017-10-22,2017-09-01,SPEI12_genlogistic_global_era5_moda_ref1991to2020_201709.nc,0,0,0.3493514060974121
006012,Campana,2017,GENERALES,2017-10-22,2017-09-01,SPEI12_genlogistic_global_era5_moda_ref1991to2020_201709.nc,0,0,0.6314830780029297
014011,Santa María,2017,GENERALES,2017-10-22,2017-09-01,SPEI12_genlogistic_global_era5_moda_ref1991to2020_201709.nc,0,0,-0.3409545123577118
022002,Comandante Fernandez,2017,GENERALES,2017-10-22,2017-09-01,SPEI12_genlogistic_global_era5_moda_ref1991to2020_201709.nc,0,0,0.9495958685874939
090003,"Chicligasta, Granero, Juan Bautista Alberdi, La Cocha, Monteros, Río Chico, Simoca",2017,GENERALES,2017-10-22,2017-09-01,SPEI12_genlogistic_global_era5_moda_ref1991to2020_201709.nc,0,0,0.046492718160152435
034002,"Laishi, Pilagás, Pirané",2017,GENERALES,2017-10-22,2017-09-01,SPEI12_genlogistic_global_era5_moda_ref1991to2020_201709.nc,0,0,0.5861024260520935
038003,"Ledesma, Santa Bárbara",2017,GENERALES,2017-10-22,2017-09-01,SPEI12_genlogistic_global_era5_moda_ref1991to2020_201709.nc,0,0,-0.05040038377046585
030004,Uruguay,2017,GENERALES,2017-10-22,2017-09-01,SPEI12_genlogistic_global_era5_moda_ref1991to2020_201709.nc,0,0,0.7737913727760315
038002,"El Carmen, San Antonio",2017,GENERALES,2017-10-22,2017-09-01,SPEI12_genlogistic_global_era5_moda_ref1991to2020_201709.nc,0,0,-0.770797848701477
014010,Marcos Juárez,2017,GENERALES,2017-10-22,2017-09-01,SPEI12_genlogistic_global_era5_moda_ref1991to2020_201709.nc,0,0,0.516661524772644
014009,Unión,2017,GENERALES,2017-10-22,2017-09-01,SPEI12_genlogistic_global_era5_moda_ref1991to2020_201709.nc,0,0,0.4084615409374237
042001,Capital,2017,GENERALES,2017-10-22,2017-09-01,SPEI12_genlogistic_global_era5_moda_ref1991to2020_201709.nc,0,0,0.8778838515281677
014008,Río Segundo,2017,GENERALES,2017-10-22,2017-09-01,SPEI12_genlogistic_global_era5_moda_ref1991to2020_201709.nc,0,0,0.006077826023101807
082007,Las Colonias,2017,GENERALES,2017-10-22,2017-09-01,SPEI12_genlogistic_global_era5_moda_ref1991to2020_201709.nc,0,0,0.4849297106266022
006011,Luján,2017,GENERALES,2017-10-22,2017-09-01,SPEI12_genlogistic_global_era5_moda_ref1991to2020_201709.nc,22.640064358711243,22.640064358711243,-1.6596708297729492
078002,Deseado,2017,GENERALES,2017-10-22,2017-09-01,SPEI12_genlogistic_global_era5_moda_ref1991to2020_201709.nc,0,0,1.2091424465179443
006010,Pergamino,2017,GENERALES,2017-10-22,2017-09-01,SPEI12_genlogistic_global_era5_moda_ref1991to2020_201709.nc,21.25394493341446,21.25394493341446,-1.1432613134384155
054002,Oberá,2017,GENERALES,2017-10-22,2017-09-01,SPEI12_genlogistic_global_era5_moda_ref1991to2020_201709.nc,0,0,0.6163060069084167
006009,Olavarría,2017,GENERALES,2017-10-22,2017-09-01,SPEI12_genlogistic_global_era5_moda_ref1991to2020_201709.nc,0,0,0.62046879529953
070002,Capital,2017,GENERALES,2017-10-22,2017-09-01,SPEI12_genlogistic_global_era5_moda_ref1991to2020_201709.nc,0,0,-0.6210267543792725
014007,Tercero Arriba,2017,GENERALES,2017-10-22,2017-09-01,SPEI12_genlogistic_global_era5_moda_ref1991to2020_201709.nc,0,0,0.030866743996739388
030003,"Gualeguaychú, Islas del Ibicuy",2017,GENERALES,2017-10-22,2017-09-01,SPEI12_genlogistic_global_era5_moda_ref1991to2020_201709.nc,0,0,0.6628932952880859
050008,Capital,2017,GENERALES,2017-10-22,2017-09-01,SPEI12_genlogistic_global_era5_moda_ref1991to2020_201709.nc,0,0,-0.21985366940498352
006008,Zárate,2017,GENERALES,2017-10-22,2017-09-01,SPEI12_genlogistic_global_era5_moda_ref1991to2020_201709.nc,0,0,0.6367875933647156
078001,Guer Aike,2017,GENERALES,2017-10-22,2017-09-01,SPEI12_genlogistic_global_era5_moda_ref1991to2020_201709.nc,0,0,0.8948818445205688
070001,Rawson,2017,GENERALES,2017-10-22,2017-09-01,SPEI12_genlogistic_global_era5_moda_ref1991to2020_201709.nc,0,0,-0.6235339045524597
050007,Luján de Cuyo,2017,GENERALES,2017-10-22,2017-09-01,SPEI12_genlogistic_global_era5_moda_ref1991to2020_201709.nc,11.491207033395767,0,-0.4556324779987335
050006,San Martín,2017,GENERALES,2017-10-22,2017-09-01,SPEI12_genlogistic_global_era5_moda_ref1991to2020_201709.nc,0,0,-0.24199390411376953
006007,Tandil,2017,GENERALES,2017-10-22,2017-09-01,SPEI12_genlogistic_global_era5_moda_ref1991to2020_201709.nc,0,0,0.9332890510559082
014006,General San Martín,2017,GENERALES,2017-10-22,2017-09-01,SPEI12_genlogistic_global_era5_moda_ref1991to2020_201709.nc,0,0,0.31114330887794495
062002,Bariloche,2017,GENERALES,2017-10-22,2017-09-01,SPEI12_genlogistic_global_era5_moda_ref1991to2020_201709.nc,13.064639270305634,13.064639270305634,-1.211654543876648
026002,Rawson,2017,GENERALES,2017-10-22,2017-09-01,SPEI12_genlogistic_global_era5_moda_ref1991to2020_201709.nc,0,0,1.0856106281280518
074002,"General Pedernera, Gobernador Dupuy",2017,GENERALES,2017-10-22,2017-09-01,SPEI12_genlogistic_global_era5_moda_ref1991to2020_201709.nc,0,0,0.5463722944259644
086002,Banda,2017,GENERALES,2017-10-22,2017-09-01,SPEI12_genlogistic_global_era5_moda_ref1991to2020_201709.nc,0,0,-0.0392889678478241
006006,San Nicolás,2017,GENERALES,2017-10-22,2017-09-01,SPEI12_genlogistic_global_era5_moda_ref1991to2020_201709.nc,0,0,0.5748351216316223
066003,"Iruya, Orán, Santa Victoria",2017,GENERALES,2017-10-22,2017-09-01,SPEI12_genlogistic_global_era5_moda_ref1991to2020_201709.nc,7.335220277309418,0,-0.3753998577594757
082006,San Lorenzo,2017,GENERALES,2017-10-22,2017-09-01,SPEI12_genlogistic_global_era5_moda_ref1991to2020_201709.nc,0,0,0.3308579623699188
066002,General Jose de San Martín,2017,GENERALES,2017-10-22,2017-09-01,SPEI12_genlogistic_global_era5_moda_ref1991to2020_201709.nc,0,0,0.3969317674636841
010001,Capital,2017,GENERALES,2017-10-22,2017-09-01,SPEI12_genlogistic_global_era5_moda_ref1991to2020_201709.nc,0,0,-0.17333561182022095
006092,San Fernando,2017,GENERALES,2017-10-22,2017-09-01,SPEI12_genlogistic_global_era5_moda_ref1991to2020_201709.nc,0,0,0.7027512788772583
014005,Punilla,2017,GENERALES,2017-10-22,2017-09-01,SPEI12_genlogistic_global_era5_moda_ref1991to2020_201709.nc,0,0,-0.14415180683135986
050005,Maipú,2017,GENERALES,2017-10-22,2017-09-01,SPEI12_genlogistic_global_era5_moda_ref1991to2020_201709.nc,0,0,-0.10536874085664749
082005,General Obligado,2017,GENERALES,2017-10-22,2017-09-01,SPEI12_genlogistic_global_era5_moda_ref1991to2020_201709.nc,0,0,0.6470420956611633
082004,Castellanos,2017,GENERALES,2017-10-22,2017-09-01,SPEI12_genlogistic_global_era5_moda_ref1991to2020_201709.nc,0,0,0.27837711572647095
046001,Capital,2017,GENERALES,2017-10-22,2017-09-01,SPEI12_genlogistic_global_era5_moda_ref1991to2020_201709.nc,0,0,-0.27670297026634216
090002,Cruz Alta,2017,GENERALES,2017-10-22,2017-09-01,SPEI12_genlogistic_global_era5_moda_ref1991to2020_201709.nc,0,0,-0.46883589029312134
030002,"Colón, Concordia, Federal, Feliciano, San Salvador, Villaguay",2017,GENERALES,2017-10-22,2017-09-01,SPEI12_genlogistic_global_era5_moda_ref1991to2020_201709.nc,0,0,0.7312829494476318
050004,San Rafael,2017,GENERALES,2017-10-22,2017-09-01,SPEI12_genlogistic_global_era5_moda_ref1991to2020_201709.nc,0,0,0.062063831835985184
026001,Escalante,2017,GENERALES,2017-10-22,2017-09-01,SPEI12_genlogistic_global_era5_moda_ref1991to2020_201709.nc,0,0,1.4991283416748047
082003,General López,2017,GENERALES,2017-10-22,2017-09-01,SPEI12_genlogistic_global_era5_moda_ref1991to2020_201709.nc,0,0,1.0136560201644897
050003,Godoy Cruz,2017,GENERALES,2017-10-22,2017-09-01,SPEI12_genlogistic_global_era5_moda_ref1991to2020_201709.nc,0,0,-0.30978336930274963
074001,La Capital,2017,GENERALES,2017-10-22,2017-09-01,SPEI12_genlogistic_global_era5_moda_ref1991to2020_201709.nc,0,0,0.5526260733604431
014004,San Justo,2017,GENERALES,2017-10-22,2017-09-01,SPEI12_genlogistic_global_era5_moda_ref1991to2020_201709.nc,0,0,-0.13557066023349762
050002,Las Heras,2017,GENERALES,2017-10-22,2017-09-01,SPEI12_genlogistic_global_era5_moda_ref1991to2020_201709.nc,15.869122743606567,0,-0.7367402911186218
006005,Escobar,2017,GENERALES,2017-10-22,2017-09-01,SPEI12_genlogistic_global_era5_moda_ref1991to2020_201709.nc,0,0,0.5302582383155823
014003,Colón,2017,GENERALES,2017-10-22,2017-09-01,SPEI12_genlogistic_global_era5_moda_ref1991to2020_201709.nc,0,0,-0.2776266038417816
034001,Formosa,2017,GENERALES,2017-10-22,2017-09-01,SPEI12_genlogistic_global_era5_moda_ref1991to2020_201709.nc,0,0,0.43858739733695984
014002,Río Cuarto,2017,GENERALES,2017-10-22,2017-09-01,SPEI12_genlogistic_global_era5_moda_ref1991to2020_201709.nc,0,0,-0.03869570791721344
038001,"Dr. Manuel Belgrano, Palpalá",2017,GENERALES,2017-10-22,2017-09-01,SPEI12_genlogistic_global_era5_moda_ref1991to2020_201709.nc,0,0,-0.8200213313102722
086001,Capital,2017,GENERALES,2017-10-22,2017-09-01,SPEI12_genlogistic_global_era5_moda_ref1991to2020_201709.nc,0,0,0.1675436645746231
006091,Vicente López,2017,GENERALES,2017-10-22,2017-09-01,SPEI12_genlogistic_global_era5_moda_ref1991to2020_201709.nc,0,0,0.424185186624527
050001,Guaymallén,2017,GENERALES,2017-10-22,2017-09-01,SPEI12_genlogistic_global_era5_moda_ref1991to2020_201709.nc,0,0,0.052490200847387314
006090,San Isidro,2017,GENERALES,2017-10-22,2017-09-01,SPEI12_genlogistic_global_era5_moda_ref1991to2020_201709.nc,0,0,0.42418521642684937
006004,Bahía Blanca,2017,GENERALES,2017-10-22,2017-09-01,SPEI12_genlogistic_global_era5_moda_ref1991to2020_201709.nc,0,0,0.9300742745399475
006003,Pilar,2017,GENERALES,2017-10-22,2017-09-01,SPEI12_genlogistic_global_era5_moda_ref1991to2020_201709.nc,0,0,0.29691246151924133
006089,"Esteban Echeverría, Ezeiza",2017,GENERALES,2017-10-22,2017-09-01,SPEI12_genlogistic_global_era5_moda_ref1991to2020_201709.nc,0,0,-0.007219999097287655
062001,General Roca,2017,GENERALES,2017-10-22,2017-09-01,SPEI12_genlogistic_global_era5_moda_ref1991to2020_201709.nc,0,0,0.6553152799606323
006088,"Hurlingham, Ituzaingo, Morón",2017,GENERALES,2017-10-22,2017-09-01,SPEI12_genlogistic_global_era5_moda_ref1991to2020_201709.nc,0,0,0.1315426230430603
054001,"Capital, Leandro N. Alem",2017,GENERALES,2017-10-22,2017-09-01,SPEI12_genlogistic_global_era5_moda_ref1991to2020_201709.nc,0,0,0.6015290021896362
006087,Berazategui,2017,GENERALES,2017-10-22,2017-09-01,SPEI12_genlogistic_global_era5_moda_ref1991to2020_201709.nc,0,0,0.18894797563552856
006086,"General Sarmiento, Jose C. Paz, Malvinas Argentinas, San Miguel",2017,GENERALES,2017-10-22,2017-09-01,SPEI12_genlogistic_global_era5_moda_ref1991to2020_201709.nc,0,0,0.28395411372184753
030001,Parana,2017,GENERALES,2017-10-22,2017-09-01,SPEI12_genlogistic_global_era5_moda_ref1991to2020_201709.nc,0,0,0.42458978295326233
006085,Tres de Febrero,2017,GENERALES,2017-10-22,2017-09-01,SPEI12_genlogistic_global_era5_moda_ref1991to2020_201709.nc,0,0,0.36869749426841736
006084,Avellaneda,2017,GENERALES,2017-10-22,2017-09-01,SPEI12_genlogistic_global_era5_moda_ref1991to2020_201709.nc,0,0,0.2081669569015503
018001,Capital,2017,GENERALES,2017-10-22,2017-09-01,SPEI12_genlogistic_global_era5_moda_ref1991to2020_201709.nc,0,0,0.831566333770752
058001,Confluencia,2017,GENERALES,2017-10-22,2017-09-01,SPEI12_genlogistic_global_era5_moda_ref1991to2020_201709.nc,0,0,-0.26440539956092834
006083,Tigre,2017,GENERALES,2017-10-22,2017-09-01,SPEI12_genlogistic_global_era5_moda_ref1991to2020_201709.nc,0,0,0.49644944071769714
022001,San Fernando,2017,GENERALES,2017-10-22,2017-09-01,SPEI12_genlogistic_global_era5_moda_ref1991to2020_201709.nc,0,0,0.8368128538131714
006082,General San Martín,2017,GENERALES,2017-10-22,2017-09-01,SPEI12_genlogistic_global_era5_moda_ref1991to2020_201709.nc,0,0,0.42418521642684937
006081,Florencio Varela,2017,GENERALES,2017-10-22,2017-09-01,SPEI12_genlogistic_global_era5_moda_ref1991to2020_201709.nc,0,0,0.09663227200508118
006080,Moreno,2017,GENERALES,2017-10-22,2017-09-01,SPEI12_genlogistic_global_era5_moda_ref1991to2020_201709.nc,0,0,0.1567470282316208
006079,Lanus,2017,GENERALES,2017-10-22,2017-09-01,SPEI12_genlogistic_global_era5_moda_ref1991to2020_201709.nc,0,0,0.10937488079071045
082002,La Capital,2017,GENERALES,2017-10-22,2017-09-01,SPEI12_genlogistic_global_era5_moda_ref1991to2020_201709.nc,0,0,0.5134930610656738
066001,Capital,2017,GENERALES,2017-10-22,2017-09-01,SPEI12_genlogistic_global_era5_moda_ref1991to2020_201709.nc,0,0,-0.768908679485321
006078,Merlo,2017,GENERALES,2017-10-22,2017-09-01,SPEI12_genlogistic_global_era5_moda_ref1991to2020_201709.nc,0,0,-0.04025828093290329
006077,Almirante Brown,2017,GENERALES,2017-10-22,2017-09-01,SPEI12_genlogistic_global_era5_moda_ref1991to2020_201709.nc,0,0,0.13076907396316528
006076,Quilmes,2017,GENERALES,2017-10-22,2017-09-01,SPEI12_genlogistic_global_era5_moda_ref1991to2020_201709.nc,0,0,0.22485417127609253
006002,General Pueyrredón,2017,GENERALES,2017-10-22,2017-09-01,SPEI12_genlogistic_global_era5_moda_ref1991to2020_201709.nc,0,0,0.8561067581176758
006075,Lomas de Zamora,2017,GENERALES,2017-10-22,2017-09-01,SPEI12_genlogistic_global_era5_moda_ref1991to2020_201709.nc,0,0,0.08528301864862442
006001,La Plata,2017,GENERALES,2017-10-22,2017-09-01,SPEI12_genlogistic_global_era5_moda_ref1991to2020_201709.nc,0,0,-0.1074429452419281
002001,City of Buenos Aires,2017,GENERALES,2017-10-22,2017-09-01,SPEI12_genlogistic_global_era5_moda_ref1991to2020_201709.nc,0,0,0.2750054895877838
090001,"Famaillá, Lules, Capital, Tafí del Valle, Tafí Viajo, Trancas, Yerba Buena",2017,GENERALES,2017-10-22,2017-09-01,SPEI12_genlogistic_global_era5_moda_ref1991to2020_201709.nc,1.3393659144639969,0,-0.6114450693130493
082001,Rosario,2017,GENERALES,2017-10-22,2017-09-01,SPEI12_genlogistic_global_era5_moda_ref1991to2020_201709.nc,0,0,0.3931262493133545
014001,Capital,2017,GENERALES,2017-10-22,2017-09-01,SPEI12_genlogistic_global_era5_moda_ref1991to2020_201709.nc,0,0,-0.3805854916572571
006074,La Matanza,2017,GENERALES,2017-10-22,2017-09-01,SPEI12_genlogistic_global_era5_moda_ref1991to2020_201709.nc,0,0,0.0024457296822220087
094002,Ushuaia,2017,GENERALES,2017-10-22,2017-09-01,SPEI12_genlogistic_global_era5_moda_ref1991to2020_201709.nc,0,0,1.319378137588501
006072,Saavedra,2019,PASO,2019-08-11,2019-07-01,SPEI12_genlogistic_global_era5_moda_ref1991to2020_201907.nc,0,0,-1.0428603887557983
006073,"Castelli, Maipú, Tordillo",2019,PASO,2019-08-11,2019-07-01,SPEI12_genlogistic_global_era5_moda_ref1991to2020_201907.nc,0,0,-0.32668620347976685
066013,Chicoana,2019,PASO,2019-08-11,2019-07-01,SPEI12_genlogistic_global_era5_moda_ref1991to2020_201907.nc,15.930499136447906,0,-1.190247654914856
018016,"General Alvear, San Martín",2019,PASO,2019-08-11,2019-07-01,SPEI12_genlogistic_global_era5_moda_ref1991to2020_201907.nc,0,0,0.1170540452003479
006071,"General La Madrid, Laprida",2019,PASO,2019-08-11,2019-07-01,SPEI12_genlogistic_global_era5_moda_ref1991to2020_201907.nc,0,0,-0.693162739276886
070012,"9 de Julio, San Martín",2019,PASO,2019-08-11,2019-07-01,SPEI12_genlogistic_global_era5_moda_ref1991to2020_201907.nc,0,0,-0.19870218634605408
006070,Monte,2019,PASO,2019-08-11,2019-07-01,SPEI12_genlogistic_global_era5_moda_ref1991to2020_201907.nc,0,0,-0.21329434216022491
006069,Mar Chiquita,2019,PASO,2019-08-11,2019-07-01,SPEI12_genlogistic_global_era5_moda_ref1991to2020_201907.nc,0,0,0.1368769109249115
062007,"Conesa, Pichi Mahuida",2019,PASO,2019-08-11,2019-07-01,SPEI12_genlogistic_global_era5_moda_ref1991to2020_201907.nc,0,0,-0.047143686562776566
046006,"Chamical, General Belgrano",2019,PASO,2019-08-11,2019-07-01,SPEI12_genlogistic_global_era5_moda_ref1991to2020_201907.nc,0,0,-0.1193419024348259
078004,"Lago Buenos Aires, Magallanes, Río Chico",2019,PASO,2019-08-11,2019-07-01,SPEI12_genlogistic_global_era5_moda_ref1991to2020_201907.nc,3.7868622690439224,0,-0.8074203729629517
082019,Garay,2019,PASO,2019-08-11,2019-07-01,SPEI12_genlogistic_global_era5_moda_ref1991to2020_201907.nc,0,0,0.4651666581630707
086015,Avellaneda,2019,PASO,2019-08-11,2019-07-01,SPEI12_genlogistic_global_era5_moda_ref1991to2020_201907.nc,0,0,0.28543180227279663
066012,"Cafayate, La Vina",2019,PASO,2019-08-11,2019-07-01,SPEI12_genlogistic_global_era5_moda_ref1991to2020_201907.nc,39.40604627132416,11.496089398860931,-1.4585973024368286
074005,Chacabuco,2019,PASO,2019-08-11,2019-07-01,SPEI12_genlogistic_global_era5_moda_ref1991to2020_201907.nc,0,0,-0.4965287446975708
042007,"Hucal, Utracán",2019,PASO,2019-08-11,2019-07-01,SPEI12_genlogistic_global_era5_moda_ref1991to2020_201907.nc,0,0,-0.7322223782539368
070011,Sarmiento,2019,PASO,2019-08-11,2019-07-01,SPEI12_genlogistic_global_era5_moda_ref1991to2020_201907.nc,0,0,-0.48154619336128235
006068,Carlos Casares,2019,PASO,2019-08-11,2019-07-01,SPEI12_genlogistic_global_era5_moda_ref1991to2020_201907.nc,0,0,0.2044692188501358
026006,"Cushamen, Languiñeo",2019,PASO,2019-08-11,2019-07-01,SPEI12_genlogistic_global_era5_moda_ref1991to2020_201907.nc,0,0,0.0785154178738594
018015,"Itatí, San Cosme",2019,PASO,2019-08-11,2019-07-01,SPEI12_genlogistic_global_era5_moda_ref1991to2020_201907.nc,0,0,-0.0054640197195112705
086014,"Figueroa, Sarmiento",2019,PASO,2019-08-11,2019-07-01,SPEI12_genlogistic_global_era5_moda_ref1991to2020_201907.nc,0,0,0.67266082763671875
006067,San Andrés de Giles,2019,PASO,2019-08-11,2019-07-01,SPEI12_genlogistic_global_era5_moda_ref1991to2020_201907.nc,0,0,-0.029786305502057076
010007,"Antofagasta de la Sierra, Tinogasta",2019,PASO,2019-08-11,2019-07-01,SPEI12_genlogistic_global_era5_moda_ref1991to2020_201907.nc,1.2316983193159103,0,-0.32466578483581543
018014,Saladas,2019,PASO,2019-08-11,2019-07-01,SPEI12_genlogistic_global_era5_moda_ref1991to2020_201907.nc,0,0,-0.384395033121109
046005,"Arauco, Castro Barros, San Blas de los Sauces",2019,PASO,2019-08-11,2019-07-01,SPEI12_genlogistic_global_era5_moda_ref1991to2020_201907.nc,38.059061765670776,19.868791103363037,-1.375051736831665
006066,Rojas,2019,PASO,2019-08-11,2019-07-01,SPEI12_genlogistic_global_era5_moda_ref1991to2020_201907.nc,0,0,0.706977367401123
006065,"Carlos Tejedor, Florentino Ameghino, General Pinto",2019,PASO,2019-08-11,2019-07-01,SPEI12_genlogistic_global_era5_moda_ref1991to2020_201907.nc,0,0,-0.17431850731372833
086013,"Aguirre, Belgrano, Mitre, Rivadavia",2019,PASO,2019-08-11,2019-07-01,SPEI12_genlogistic_global_era5_moda_ref1991to2020_201907.nc,0,0,0.795969545841217
070010,"Calingasta, Iglesia, Ullúm, Zonda",2019,PASO,2019-08-11,2019-07-01,SPEI12_genlogistic_global_era5_moda_ref1991to2020_201907.nc,5.098462477326393,0,-0.7773614525794983
086012,"Ojo de Agua, Quebrachos",2019,PASO,2019-08-11,2019-07-01,SPEI12_genlogistic_global_era5_moda_ref1991to2020_201907.nc,0,0,-0.02390500344336033
070009,Albardón,2019,PASO,2019-08-11,2019-07-01,SPEI12_genlogistic_global_era5_moda_ref1991to2020_201907.nc,0,0,-0.508612871170044
022015,Maipú,2019,PASO,2019-08-11,2019-07-01,SPEI12_genlogistic_global_era5_moda_ref1991to2020_201907.nc,0,0,-0.12604789435863495
006064,Las Flores,2019,PASO,2019-08-11,2019-07-01,SPEI12_genlogistic_global_era5_moda_ref1991to2020_201907.nc,0,0,-0.07328981161117554
006063,Colón,2019,PASO,2019-08-11,2019-07-01,SPEI12_genlogistic_global_era5_moda_ref1991to2020_201907.nc,0,0,0.5630942583084106
022014,Bermejo,2019,PASO,2019-08-11,2019-07-01,SPEI12_genlogistic_global_era5_moda_ref1991to2020_201907.nc,0,0,-0.14461322128772736
006062,"Adolfo Alsina, Salliqueló",2019,PASO,2019-08-11,2019-07-01,SPEI12_genlogistic_global_era5_moda_ref1991to2020_201907.nc,0,0,-0.8084350824356079
030011,Tala,2019,PASO,2019-08-11,2019-07-01,SPEI12_genlogistic_global_era5_moda_ref1991to2020_201907.nc,0,0,0.5674188733100891
042006,"Caleu-Caleu, Cura-Co, Chalileo, Chical-Có, Lihuel Calel, Limay Mahuida, Leventué, Puelén",2019,PASO,2019-08-11,2019-07-01,SPEI12_genlogistic_global_era5_moda_ref1991to2020_201907.nc,0.7366795092821121,0,-0.9547268748283386
050017,"La Paz, Santa Rosa",2019,PASO,2019-08-11,2019-07-01,SPEI12_genlogistic_global_era5_moda_ref1991to2020_201907.nc,0,0,-0.49192100763320923
066011,"Cachí, La Poma, Los Andes, Molinos, San Carlos",2019,PASO,2019-08-11,2019-07-01,SPEI12_genlogistic_global_era5_moda_ref1991to2020_201907.nc,11.451026052236557,0.2170282183215022,-0.5321618318557739
006061,Brandsen,2019,PASO,2019-08-11,2019-07-01,SPEI12_genlogistic_global_era5_moda_ref1991to2020_201907.nc,0,0,-0.43146103620529175
046004,"General Ocampo, General San Martín, Rosario Vera Peñaloza",2019,PASO,2019-08-11,2019-07-01,SPEI12_genlogistic_global_era5_moda_ref1991to2020_201907.nc,0,0,-0.14855995774269104
006060,"Daireaux, Hipólito Yrigoyen",2019,PASO,2019-08-11,2019-07-01,SPEI12_genlogistic_global_era5_moda_ref1991to2020_201907.nc,0,0,-0.528113067150116
006059,Dolores,2019,PASO,2019-08-11,2019-07-01,SPEI12_genlogistic_global_era5_moda_ref1991to2020_201907.nc,0,0,-0.5908219814300537
070008,"Jachal, Valle Fértil",2019,PASO,2019-08-11,2019-07-01,SPEI12_genlogistic_global_era5_moda_ref1991to2020_201907.nc,0,0,-0.8311390280723572
078003,"Corpen Aike, Lago Argentino",2019,PASO,2019-08-11,2019-07-01,SPEI12_genlogistic_global_era5_moda_ref1991to2020_201907.nc,0,0,0.06054560840129852
054015,Candelaria,2019,PASO,2019-08-11,2019-07-01,SPEI12_genlogistic_global_era5_moda_ref1991to2020_201907.nc,0,0,-0.09309953451156616
054014,25 de Mayo,2019,PASO,2019-08-11,2019-07-01,SPEI12_genlogistic_global_era5_moda_ref1991to2020_201907.nc,0,0,0.20943647623062134
042005,"Chapaleufú, Realicó",2019,PASO,2019-08-11,2019-07-01,SPEI12_genlogistic_global_era5_moda_ref1991to2020_201907.nc,0,0,-0.523952305316925
074004,Junín,2019,PASO,2019-08-11,2019-07-01,SPEI12_genlogistic_global_era5_moda_ref1991to2020_201907.nc,0,0,-0.421466588973999
050016,Malargue,2019,PASO,2019-08-11,2019-07-01,SPEI12_genlogistic_global_era5_moda_ref1991to2020_201907.nc,29.182830452919006,4.3798647820949554,-1.2043237686157227
066010,Rivadavia,2019,PASO,2019-08-11,2019-07-01,SPEI12_genlogistic_global_era5_moda_ref1991to2020_201907.nc,0,0,1.4484257698059082
018013,Lavalle,2019,PASO,2019-08-11,2019-07-01,SPEI12_genlogistic_global_era5_moda_ref1991to2020_201907.nc,0,0,0.18112382292747498
006058,"General Belgrano, General Paz",2019,PASO,2019-08-11,2019-07-01,SPEI12_genlogistic_global_era5_moda_ref1991to2020_201907.nc,0,0,-0.2808065116405487
086011,"Loreto, Silipica",2019,PASO,2019-08-11,2019-07-01,SPEI12_genlogistic_global_era5_moda_ref1991to2020_201907.nc,0,0,-0.5049843788146973
010006,"Ancasti, El Alto, La Paz",2019,PASO,2019-08-11,2019-07-01,SPEI12_genlogistic_global_era5_moda_ref1991to2020_201907.nc,0,0,-0.5309856534004211
034005,"Matacos, Ramón Lista",2019,PASO,2019-08-11,2019-07-01,SPEI12_genlogistic_global_era5_moda_ref1991to2020_201907.nc,0,0,1.9372062683105469
006057,Exaltación de la Cruz,2019,PASO,2019-08-11,2019-07-01,SPEI12_genlogistic_global_era5_moda_ref1991to2020_201907.nc,0,0,0.16771665215492249
006056,Arrecifes,2019,PASO,2019-08-11,2019-07-01,SPEI12_genlogistic_global_era5_moda_ref1991to2020_201907.nc,0,0,0.5528500080108643
082018,9 de Julio,2019,PASO,2019-08-11,2019-07-01,SPEI12_genlogistic_global_era5_moda_ref1991to2020_201907.nc,0,0,0.6705785989761353
062006,San Antonio,2019,PASO,2019-08-11,2019-07-01,SPEI12_genlogistic_global_era5_moda_ref1991to2020_201907.nc,0,0,0.09720372408628464
006055,Patagones,2019,PASO,2019-08-11,2019-07-01,SPEI12_genlogistic_global_era5_moda_ref1991to2020_201907.nc,0,0,-0.4672289490699768
086010,Copo,2019,PASO,2019-08-11,2019-07-01,SPEI12_genlogistic_global_era5_moda_ref1991to2020_201907.nc,0,0,1.229727029800415
014021,"Río Seco, Sobremonte, Tulumba",2019,PASO,2019-08-11,2019-07-01,SPEI12_genlogistic_global_era5_moda_ref1991to2020_201907.nc,3.5298150032758713,3.5298150032758713,-0.15163788199424744
054013,San Pedro,2019,PASO,2019-08-11,2019-07-01,SPEI12_genlogistic_global_era5_moda_ref1991to2020_201907.nc,0,0,0.244168221950531
006054,"General Juan Madariaga, Pinamar, Villa Gesell",2019,PASO,2019-08-11,2019-07-01,SPEI12_genlogistic_global_era5_moda_ref1991to2020_201907.nc,0,0,-0.006958005949854851
018012,Esquina,2019,PASO,2019-08-11,2019-07-01,SPEI12_genlogistic_global_era5_moda_ref1991to2020_201907.nc,0,0,0.3398692011833191
022013,Chacabuco,2019,PASO,2019-08-11,2019-07-01,SPEI12_genlogistic_global_era5_moda_ref1991to2020_201907.nc,0,0,0.6114704012870789
006053,General Villegas,2019,PASO,2019-08-11,2019-07-01,SPEI12_genlogistic_global_era5_moda_ref1991to2020_201907.nc,0,0,-0.2303963154554367
038006,"Humahuaca, Tilcara, Valle Grande",2019,PASO,2019-08-11,2019-07-01,SPEI12_genlogistic_global_era5_moda_ref1991to2020_201907.nc,10.38864254951477,0,-0.9579691290855408
006052,"General Arenales, Leandro N. Alem",2019,PASO,2019-08-11,2019-07-01,SPEI12_genlogistic_global_era5_moda_ref1991to2020_201907.nc,0,0,0.37558111548423767
086009,"Atamisqui, Salavina, San Martín",2019,PASO,2019-08-11,2019-07-01,SPEI12_genlogistic_global_era5_moda_ref1991to2020_201907.nc,0,0,0.12642264366149902
046003,"Coronel Felipe Varela, Famatina, General Angel V. Peñaloza, General Juan F. Quiroga, General Lamadrid, Vinchina, Independencia, Sanagasta",2019,PASO,2019-08-11,2019-07-01,SPEI12_genlogistic_global_era5_moda_ref1991to2020_201907.nc,9.09857451915741,0.6784708704799414,-0.8598330616950989
054012,"Concepción, San Javier",2019,PASO,2019-08-11,2019-07-01,SPEI12_genlogistic_global_era5_moda_ref1991to2020_201907.nc,0,0,0.23274913430213928
082017,San Javier,2019,PASO,2019-08-11,2019-07-01,SPEI12_genlogistic_global_era5_moda_ref1991to2020_201907.nc,0,0,0.49790847301483154
006051,Baradero,2019,PASO,2019-08-11,2019-07-01,SPEI12_genlogistic_global_era5_moda_ref1991to2020_201907.nc,0,0,0.47139090299606323
006050,Saladillo,2019,PASO,2019-08-11,2019-07-01,SPEI12_genlogistic_global_era5_moda_ref1991to2020_201907.nc,0,0,-0.326882928609848
050015,Tupungato,2019,PASO,2019-08-11,2019-07-01,SPEI12_genlogistic_global_era5_moda_ref1991to2020_201907.nc,32.388946413993835,7.929054647684097,-1.2286266088485718
050014,San Carlos,2019,PASO,2019-08-11,2019-07-01,SPEI12_genlogistic_global_era5_moda_ref1991to2020_201907.nc,0,0,-0.8732345104217529
006049,Salto,2019,PASO,2019-08-11,2019-07-01,SPEI12_genlogistic_global_era5_moda_ref1991to2020_201907.nc,0,0,0.5553079843521118
006048,Ramallo,2019,PASO,2019-08-11,2019-07-01,SPEI12_genlogistic_global_era5_moda_ref1991to2020_201907.nc,0,0,0.4751468896865845
022012,"12 de Octubre, 2 de Abril, Fray Justo Sta. María de Oro",2019,PASO,2019-08-11,2019-07-01,SPEI12_genlogistic_global_era5_moda_ref1991to2020_201907.nc,0,0,0.5204646587371826
022011,Quitilipi,2019,PASO,2019-08-11,2019-07-01,SPEI12_genlogistic_global_era5_moda_ref1991to2020_201907.nc,0,0,0.04367675259709358
022010,Almirante Brown,2019,PASO,2019-08-11,2019-07-01,SPEI12_genlogistic_global_era5_moda_ref1991to2020_201907.nc,0,0,1.0152801275253296
022009,"General Belgrano, Independencia",2019,PASO,2019-08-11,2019-07-01,SPEI12_genlogistic_global_era5_moda_ref1991to2020_201907.nc,0,0,0.36052054166793823
042004,"Atreucó, Catriló, Guatrache, Quemú-Quemú",2019,PASO,2019-08-11,2019-07-01,SPEI12_genlogistic_global_era5_moda_ref1991to2020_201907.nc,0,0,-0.8363397121429443
062005,Avellaneda,2019,PASO,2019-08-11,2019-07-01,SPEI12_genlogistic_global_era5_moda_ref1991to2020_201907.nc,0,0,-0.32917147874832153
030010,Victoria,2019,PASO,2019-08-11,2019-07-01,SPEI12_genlogistic_global_era5_moda_ref1991to2020_201907.nc,0,0,0.018831104040145874
066009,Cerrillos,2019,PASO,2019-08-11,2019-07-01,SPEI12_genlogistic_global_era5_moda_ref1991to2020_201907.nc,0,0,-0.9522614479064941
010005,"Ambato, Capayán, Paclín, Santa Rosa",2019,PASO,2019-08-11,2019-07-01,SPEI12_genlogistic_global_era5_moda_ref1991to2020_201907.nc,11.134780198335648,0,-0.8147071599960327
086008,"Jiménez, Pellegrini",2019,PASO,2019-08-11,2019-07-01,SPEI12_genlogistic_global_era5_moda_ref1991to2020_201907.nc,0,0,0.4365338981151581
014020,General Roca,2019,PASO,2019-08-11,2019-07-01,SPEI12_genlogistic_global_era5_moda_ref1991to2020_201907.nc,0,0,-0.6034536361694336
014019,San Alberto,2019,PASO,2019-08-11,2019-07-01,SPEI12_genlogistic_global_era5_moda_ref1991to2020_201907.nc,0,0,0.07315582782030106
054011,Montecarlo,2019,PASO,2019-08-11,2019-07-01,SPEI12_genlogistic_global_era5_moda_ref1991to2020_201907.nc,0,0,0.2597617208957672
014018,Presidente Roque Saénz Peña,2019,PASO,2019-08-11,2019-07-01,SPEI12_genlogistic_global_era5_moda_ref1991to2020_201907.nc,0,0,-0.2559944987297058
050013,Lavalle,2019,PASO,2019-08-11,2019-07-01,SPEI12_genlogistic_global_era5_moda_ref1991to2020_201907.nc,0,0,-0.08341320604085922
006047,"Capitán Sarmiento, San Antonio de Areco",2019,PASO,2019-08-11,2019-07-01,SPEI12_genlogistic_global_era5_moda_ref1991to2020_201907.nc,0,0,0.22776342928409576
018011,Monte Caseros,2019,PASO,2019-08-11,2019-07-01,SPEI12_genlogistic_global_era5_moda_ref1991to2020_201907.nc,0,0,0.3417277932167053
010004,"Belén, Pomán",2019,PASO,2019-08-11,2019-07-01,SPEI12_genlogistic_global_era5_moda_ref1991to2020_201907.nc,11.582542210817337,3.6757100373506546,-1.1909451484680176
058005,Zapala,2019,PASO,2019-08-11,2019-07-01,SPEI12_genlogistic_global_era5_moda_ref1991to2020_201907.nc,0,0,-0.10971561074256897
006046,"Guaminí, Pellegrini, Rivadavia, Tres Lomas",2019,PASO,2019-08-11,2019-07-01,SPEI12_genlogistic_global_era5_moda_ref1991to2020_201907.nc,0,0,-0.6430914402008057
018010,Bella Vista,2019,PASO,2019-08-11,2019-07-01,SPEI12_genlogistic_global_era5_moda_ref1991to2020_201907.nc,0,0,-0.14323873817920685
006045,Coronel Suárez,2019,PASO,2019-08-11,2019-07-01,SPEI12_genlogistic_global_era5_moda_ref1991to2020_201907.nc,0,0,-0.9293228387832642
058004,"Chos Malal, Pehuenches",2019,PASO,2019-08-11,2019-07-01,SPEI12_genlogistic_global_era5_moda_ref1991to2020_201907.nc,0,0,-0.6851478815078735
090005,Burruyacú,2019,PASO,2019-08-11,2019-07-01,SPEI12_genlogistic_global_era5_moda_ref1991to2020_201907.nc,0,0,-0.0462968572974205
050012,Junín,2019,PASO,2019-08-11,2019-07-01,SPEI12_genlogistic_global_era5_moda_ref1991to2020_201907.nc,0,0,-0.2836390435695648
066008,"Guachipas, La Candelaria, Rosario de la Frontera",2019,PASO,2019-08-11,2019-07-01,SPEI12_genlogistic_global_era5_moda_ref1991to2020_201907.nc,2.153640426695347,2.153640426695347,-0.31469348073005676
006044,Pehuajó,2019,PASO,2019-08-11,2019-07-01,SPEI12_genlogistic_global_era5_moda_ref1991to2020_201907.nc,0,0,-0.2357323318719864
086007,General Taboada,2019,PASO,2019-08-11,2019-07-01,SPEI12_genlogistic_global_era5_moda_ref1991to2020_201907.nc,0,0,0.6990165114402771
030009,Nogoyá,2019,PASO,2019-08-11,2019-07-01,SPEI12_genlogistic_global_era5_moda_ref1991to2020_201907.nc,0,0,0.41846027970314026
026005,"Florentino Ameghino, Gaimán, Gastre, Mártires, Paso de los Indios, Río Senguer, Sarmiento, Tehuelches, Telsen",2019,PASO,2019-08-11,2019-07-01,SPEI12_genlogistic_global_era5_moda_ref1991to2020_201907.nc,0,0,-0.33689796924591064
010003,"Fray Mamerto Esquiú, Valle Viejo",2019,PASO,2019-08-11,2019-07-01,SPEI12_genlogistic_global_era5_moda_ref1991to2020_201907.nc,0,0,-0.7870477437973022
066007,Metán,2019,PASO,2019-08-11,2019-07-01,SPEI12_genlogistic_global_era5_moda_ref1991to2020_201907.nc,0,0,0.458267480134964
006043,"Adolfo González Chaves, Benito Juárez, San Cayetano",2019,PASO,2019-08-11,2019-07-01,SPEI12_genlogistic_global_era5_moda_ref1991to2020_201907.nc,0,0,0.5436686873435974
018009,Mercedes,2019,PASO,2019-08-11,2019-07-01,SPEI12_genlogistic_global_era5_moda_ref1991to2020_201907.nc,0,0,0.23726120591163635
010002,"Andalgalá, Santa María",2019,PASO,2019-08-11,2019-07-01,SPEI12_genlogistic_global_era5_moda_ref1991to2020_201907.nc,12.836556136608124,0,-1.0974150896072388
018008,"Empedrado, Mburucuyá, San Luis del Palmar",2019,PASO,2019-08-11,2019-07-01,SPEI12_genlogistic_global_era5_moda_ref1991to2020_201907.nc,0,0,-0.14192162454128265
006042,Bragado,2019,PASO,2019-08-11,2019-07-01,SPEI12_genlogistic_global_era5_moda_ref1991to2020_201907.nc,0,0,0.16050228476524353
006041,General Alvarado,2019,PASO,2019-08-11,2019-07-01,SPEI12_genlogistic_global_era5_moda_ref1991to2020_201907.nc,0,0,-0.06294569373130798
062004,"El Cuy, 9 de Julio, Ñorquincó, Pilcaniyeu, Valcheta, 25 de Mayo",2019,PASO,2019-08-11,2019-07-01,SPEI12_genlogistic_global_era5_moda_ref1991to2020_201907.nc,0,0,-0.15280626714229584
074003,"Ayacucho, Belgrano, Coronel Pringles, Libertador General San Martín",2019,PASO,2019-08-11,2019-07-01,SPEI12_genlogistic_global_era5_moda_ref1991to2020_201907.nc,0,0,-0.5337938070297241
018007,"Ituzaingó, San Miguel",2019,PASO,2019-08-11,2019-07-01,SPEI12_genlogistic_global_era5_moda_ref1991to2020_201907.nc,0,0,-0.12254977226257324
082016,San Justo,2019,PASO,2019-08-11,2019-07-01,SPEI12_genlogistic_global_era5_moda_ref1991to2020_201907.nc,0,0,0.4728487730026245
006040,"Carmen de Areco, Navarro, Suipacha",2019,PASO,2019-08-11,2019-07-01,SPEI12_genlogistic_global_era5_moda_ref1991to2020_201907.nc,0,0,-0.13268207013607025
006039,"Ayacucho, General Guido, Pila, Rauch",2019,PASO,2019-08-11,2019-07-01,SPEI12_genlogistic_global_era5_moda_ref1991to2020_201907.nc,0,0,0.3157108724117279
042003,"Conhello, Rancul, Toay, Trenel",2019,PASO,2019-08-11,2019-07-01,SPEI12_genlogistic_global_era5_moda_ref1991to2020_201907.nc,0,0,-0.6561095714569092
086006,"Choya, Guasayan",2019,PASO,2019-08-11,2019-07-01,SPEI12_genlogistic_global_era5_moda_ref1991to2020_201907.nc,0,0,-0.7035119533538818
054010,General Manuel Belgrano,2019,PASO,2019-08-11,2019-07-01,SPEI12_genlogistic_global_era5_moda_ref1991to2020_201907.nc,0,0,0.19291983544826508
006038,Trenque Lauquen,2019,PASO,2019-08-11,2019-07-01,SPEI12_genlogistic_global_era5_moda_ref1991to2020_201907.nc,0,0,-0.570425808429718
026004,Futaleufú,2019,PASO,2019-08-11,2019-07-01,SPEI12_genlogistic_global_era5_moda_ref1991to2020_201907.nc,0,0,0.0762464702129364
054009,Apóstoles,2019,PASO,2019-08-11,2019-07-01,SPEI12_genlogistic_global_era5_moda_ref1991to2020_201907.nc,0,0,-0.03260091692209244
022008,"General Donovan, Libertad, Presidencia de La Plaza, Tapenaga",2019,PASO,2019-08-11,2019-07-01,SPEI12_genlogistic_global_era5_moda_ref1991to2020_201907.nc,0,0,0.3134025037288666
006037,"Puan, Villarino",2019,PASO,2019-08-11,2019-07-01,SPEI12_genlogistic_global_era5_moda_ref1991to2020_201907.nc,0,0,-0.9761852025985718
038005,"Cochinoca, Rinconada, Santa Catalina, Susques, Tumbaya, Yaví",2019,PASO,2019-08-11,2019-07-01,SPEI12_genlogistic_global_era5_moda_ref1991to2020_201907.nc,0,0,-0.7455770969390869
086005,Robles,2019,PASO,2019-08-11,2019-07-01,SPEI12_genlogistic_global_era5_moda_ref1991to2020_201907.nc,0,0,0.1973952054977417
030008,Diamante,2019,PASO,2019-08-11,2019-07-01,SPEI12_genlogistic_global_era5_moda_ref1991to2020_201907.nc,0,0,0.10735832899808884
082015,Belgrano,2019,PASO,2019-08-11,2019-07-01,SPEI12_genlogistic_global_era5_moda_ref1991to2020_201907.nc,0,0,-0.14354103803634644
050011,General Alvear,2019,PASO,2019-08-11,2019-07-01,SPEI12_genlogistic_global_era5_moda_ref1991to2020_201907.nc,3.388776257634163,0,-1.2820390462875366
014017,Río Primero,2019,PASO,2019-08-11,2019-07-01,SPEI12_genlogistic_global_era5_moda_ref1991to2020_201907.nc,0,0,0.5375605821609497
006036,9 de Julio,2019,PASO,2019-08-11,2019-07-01,SPEI12_genlogistic_global_era5_moda_ref1991to2020_201907.nc,0,0,0.17823852598667145
066006,General Güemes,2019,PASO,2019-08-11,2019-07-01,SPEI12_genlogistic_global_era5_moda_ref1991to2020_201907.nc,0,0,0.00534321554005146
066005,"La Caldera, Rosario de Lerma",2019,PASO,2019-08-11,2019-07-01,SPEI12_genlogistic_global_era5_moda_ref1991to2020_201907.nc,27.77179479598999,0,-1.1465107202529907
054008,Libertador General San Martín,2019,PASO,2019-08-11,2019-07-01,SPEI12_genlogistic_global_era5_moda_ref1991to2020_201907.nc,0,0,0.28902456164360046
070007,Santa Lucía,2019,PASO,2019-08-11,2019-07-01,SPEI12_genlogistic_global_era5_moda_ref1991to2020_201907.nc,0,0,-0.22178031504154205
018006,Paso de los Libres,2019,PASO,2019-08-11,2019-07-01,SPEI12_genlogistic_global_era5_moda_ref1991to2020_201907.nc,0,0,0.32589179277420044
022007,"9 de Julio, O'Higgins",2019,PASO,2019-08-11,2019-07-01,SPEI12_genlogistic_global_era5_moda_ref1991to2020_201907.nc,0,0,0.5255904197692871
006035,Chacabuco,2019,PASO,2019-08-11,2019-07-01,SPEI12_genlogistic_global_era5_moda_ref1991to2020_201907.nc,0,0,0.30301833152770996
046002,Chilecito,2019,PASO,2019-08-11,2019-07-01,SPEI12_genlogistic_global_era5_moda_ref1991to2020_201907.nc,19.72973942756653,0,-1.1068986654281616
014016,"Ischilín, Totoral",2019,PASO,2019-08-11,2019-07-01,SPEI12_genlogistic_global_era5_moda_ref1991to2020_201907.nc,0,0,0.18393093347549438
050010,Tunuyán,2019,PASO,2019-08-11,2019-07-01,SPEI12_genlogistic_global_era5_moda_ref1991to2020_201907.nc,0,0,-0.9544239044189453
006034,"Coronel Dorrego, Coronel Pringles, Monte Hermoso, Tornquist",2019,PASO,2019-08-11,2019-07-01,SPEI12_genlogistic_global_era5_moda_ref1991to2020_201907.nc,0,0,-0.6612463593482971
006033,"General Las Heras, Lobos",2019,PASO,2019-08-11,2019-07-01,SPEI12_genlogistic_global_era5_moda_ref1991to2020_201907.nc,0,0,-0.19756203889846802
030007,Gualeguay,2019,PASO,2019-08-11,2019-07-01,SPEI12_genlogistic_global_era5_moda_ref1991to2020_201907.nc,0,0,0.3385397493839264
014015,Calamuchita,2019,PASO,2019-08-11,2019-07-01,SPEI12_genlogistic_global_era5_moda_ref1991to2020_201907.nc,0,0,0.0372525230050087
082014,Vera,2019,PASO,2019-08-11,2019-07-01,SPEI12_genlogistic_global_era5_moda_ref1991to2020_201907.nc,0,0,0.4237702786922455
006032,Marcos Paz,2019,PASO,2019-08-11,2019-07-01,SPEI12_genlogistic_global_era5_moda_ref1991to2020_201907.nc,0,0,-0.04799627512693405
070006,Pocito,2019,PASO,2019-08-11,2019-07-01,SPEI12_genlogistic_global_era5_moda_ref1991to2020_201907.nc,0,0,-0.3997286558151245
018005,"Curuzú Cuatiá, Sauce",2019,PASO,2019-08-11,2019-07-01,SPEI12_genlogistic_global_era5_moda_ref1991to2020_201907.nc,0,0,0.1545703113079071
014014,San Javier,2019,PASO,2019-08-11,2019-07-01,SPEI12_genlogistic_global_era5_moda_ref1991to2020_201907.nc,0,0,-0.38312891125679016
006031,Cañuelas,2019,PASO,2019-08-11,2019-07-01,SPEI12_genlogistic_global_era5_moda_ref1991to2020_201907.nc,0,0,-0.24220547080039978
006030,"Bolívar, General Alvear, Tapalqué",2019,PASO,2019-08-11,2019-07-01,SPEI12_genlogistic_global_era5_moda_ref1991to2020_201907.nc,0,0,-0.12146764993667603
054007,Cainguas,2019,PASO,2019-08-11,2019-07-01,SPEI12_genlogistic_global_era5_moda_ref1991to2020_201907.nc,0,0,0.22765716910362244
058003,"Huiliches, Lácar, Los Lagos",2019,PASO,2019-08-11,2019-07-01,SPEI12_genlogistic_global_era5_moda_ref1991to2020_201907.nc,0,0,0.09560190886259079
086004,Río Hondo,2019,PASO,2019-08-11,2019-07-01,SPEI12_genlogistic_global_era5_moda_ref1991to2020_201907.nc,0,0,-0.5308123826980591
022006,Mayor Luis J. Fontana,2019,PASO,2019-08-11,2019-07-01,SPEI12_genlogistic_global_era5_moda_ref1991to2020_201907.nc,0,0,0.3987778425216675
090004,Leales,2019,PASO,2019-08-11,2019-07-01,SPEI12_genlogistic_global_era5_moda_ref1991to2020_201907.nc,0,0,-0.19226469099521637
058002,"Aluminé, Añelo, Catán-Lil, Collón-Cura, Loncopué, Minas, Ñorquin, Picún-Leufú, Picunches",2019,PASO,2019-08-11,2019-07-01,SPEI12_genlogistic_global_era5_moda_ref1991to2020_201907.nc,0,0,-0.07771281898021698
018004,"Berón de Astrada, Concepción, General Paz, San Roque",2019,PASO,2019-08-11,2019-07-01,SPEI12_genlogistic_global_era5_moda_ref1991to2020_201907.nc,0,0,-0.031813014298677444
050009,Rivadavia,2019,PASO,2019-08-11,2019-07-01,SPEI12_genlogistic_global_era5_moda_ref1991to2020_201907.nc,0,0,-0.5318643450737
006029,Ensenada,2019,PASO,2019-08-11,2019-07-01,SPEI12_genlogistic_global_era5_moda_ref1991to2020_201907.nc,0,0,0.02472994290292263
006028,Tres Arroyos,2019,PASO,2019-08-11,2019-07-01,SPEI12_genlogistic_global_era5_moda_ref1991to2020_201907.nc,0,0,0.4138616621494293
066004,Anta,2019,PASO,2019-08-11,2019-07-01,SPEI12_genlogistic_global_era5_moda_ref1991to2020_201907.nc,0,0,1.202843427658081
054006,San Ignacio,2019,PASO,2019-08-11,2019-07-01,SPEI12_genlogistic_global_era5_moda_ref1991to2020_201907.nc,0,0,0.25083646178245544
042002,Maracó,2019,PASO,2019-08-11,2019-07-01,SPEI12_genlogistic_global_era5_moda_ref1991to2020_201907.nc,0,0,-0.6239355802536011
062003,Adolfo Alsina,2019,PASO,2019-08-11,2019-07-01,SPEI12_genlogistic_global_era5_moda_ref1991to2020_201907.nc,0,0,1.4193398237694055e-4
006027,San Pedro,2019,PASO,2019-08-11,2019-07-01,SPEI12_genlogistic_global_era5_moda_ref1991to2020_201907.nc,0,0,0.600670337677002
018003,Santo Tomé,2019,PASO,2019-08-11,2019-07-01,SPEI12_genlogistic_global_era5_moda_ref1991to2020_201907.nc,0,0,-0.12176428735256195
006026,"Alberti, Roque Pérez, 25 de Mayo",2019,PASO,2019-08-11,2019-07-01,SPEI12_genlogistic_global_era5_moda_ref1991to2020_201907.nc,0,0,-0.1725357472896576
006025,"Chascomus, Magdalena, Punta Indio",2019,PASO,2019-08-11,2019-07-01,SPEI12_genlogistic_global_era5_moda_ref1991to2020_201907.nc,0,0,-0.47486579418182373
006024,"General Viamonte, Lincoln",2019,PASO,2019-08-11,2019-07-01,SPEI12_genlogistic_global_era5_moda_ref1991to2020_201907.nc,0,0,0.296138197183609
022005,"San Lorenzo, Sargento Cabral, 25 de Mayo",2019,PASO,2019-08-11,2019-07-01,SPEI12_genlogistic_global_era5_moda_ref1991to2020_201907.nc,0,0,0.28349390625953674
006023,Coronel de Marine L. Rosales,2019,PASO,2019-08-11,2019-07-01,SPEI12_genlogistic_global_era5_moda_ref1991to2020_201907.nc,0,0,-1.1322697401046753
006022,"Balcarce, Lobería",2019,PASO,2019-08-11,2019-07-01,SPEI12_genlogistic_global_era5_moda_ref1991to2020_201907.nc,0,0,0.05886255204677582
006021,Mercedes,2019,PASO,2019-08-11,2019-07-01,SPEI12_genlogistic_global_era5_moda_ref1991to2020_201907.nc,0,0,-0.16426903009414673
014013,Juárez Celman,2019,PASO,2019-08-11,2019-07-01,SPEI12_genlogistic_global_era5_moda_ref1991to2020_201907.nc,0,0,-0.258144736289978
070005,"Angaco, Caucete, 25 de Mayo",2019,PASO,2019-08-11,2019-07-01,SPEI12_genlogistic_global_era5_moda_ref1991to2020_201907.nc,0,0,-0.3378877341747284
082013,San Martín,2019,PASO,2019-08-11,2019-07-01,SPEI12_genlogistic_global_era5_moda_ref1991to2020_201907.nc,0,0,-0.12160301208496094
006020,Chivilcoy,2019,PASO,2019-08-11,2019-07-01,SPEI12_genlogistic_global_era5_moda_ref1991to2020_201907.nc,0,0,-0.14276188611984253
006019,Azul,2019,PASO,2019-08-11,2019-07-01,SPEI12_genlogistic_global_era5_moda_ref1991to2020_201907.nc,0,0,0.44635897874832153
082012,Iriondo,2019,PASO,2019-08-11,2019-07-01,SPEI12_genlogistic_global_era5_moda_ref1991to2020_201907.nc,0,0,-0.23162592947483063
086003,"Alberdi, Juan F. Ibarra, Moreno",2019,PASO,2019-08-11,2019-07-01,SPEI12_genlogistic_global_era5_moda_ref1991to2020_201907.nc,0,0,0.7795675992965698
082011,San Cristóbal,2019,PASO,2019-08-11,2019-07-01,SPEI12_genlogistic_global_era5_moda_ref1991to2020_201907.nc,0,0,0.6131783723831177
022004,General Güemes,2019,PASO,2019-08-11,2019-07-01,SPEI12_genlogistic_global_era5_moda_ref1991to2020_201907.nc,0,0,1.472069501876831
030006,La Paz,2019,PASO,2019-08-11,2019-07-01,SPEI12_genlogistic_global_era5_moda_ref1991to2020_201907.nc,0,0,0.49970462918281555
030005,Federación,2019,PASO,2019-08-11,2019-07-01,SPEI12_genlogistic_global_era5_moda_ref1991to2020_201907.nc,0,0,0.491413950920105
054005,Guaraní,2019,PASO,2019-08-11,2019-07-01,SPEI12_genlogistic_global_era5_moda_ref1991to2020_201907.nc,0,0,0.17753906548023224
014012,"Cruz del Eje, Minas, Pocho",2019,PASO,2019-08-11,2019-07-01,SPEI12_genlogistic_global_era5_moda_ref1991to2020_201907.nc,0,0,0.12560029327869415
022003,"Libertador General San Martín, 1 de Mayo",2019,PASO,2019-08-11,2019-07-01,SPEI12_genlogistic_global_era5_moda_ref1991to2020_201907.nc,0,0,0.01958787441253662
094001,"Río Grande, Antarctic Argentina",2019,PASO,2019-08-11,2019-07-01,SPEI12_genlogistic_global_era5_moda_ref1991to2020_201907.nc,0,0,0.3610004782676697
006018,"General Lavalle, La Costa",2019,PASO,2019-08-11,2019-07-01,SPEI12_genlogistic_global_era5_moda_ref1991to2020_201907.nc,0,0,0.02831926755607128
038004,San Pedro,2019,PASO,2019-08-11,2019-07-01,SPEI12_genlogistic_global_era5_moda_ref1991to2020_201907.nc,0,0,0.5394479036331177
054004,El Dorado,2019,PASO,2019-08-11,2019-07-01,SPEI12_genlogistic_global_era5_moda_ref1991to2020_201907.nc,0,0,0.31905391812324524
082010,Caseros,2019,PASO,2019-08-11,2019-07-01,SPEI12_genlogistic_global_era5_moda_ref1991to2020_201907.nc,0,0,0.19834919273853302
026003,Biedma,2019,PASO,2019-08-11,2019-07-01,SPEI12_genlogistic_global_era5_moda_ref1991to2020_201907.nc,0,0,0.2661520540714264
082009,San Jerónimo,2019,PASO,2019-08-11,2019-07-01,SPEI12_genlogistic_global_era5_moda_ref1991to2020_201907.nc,0,0,0.03872385248541832
054003,Iguazú,2019,PASO,2019-08-11,2019-07-01,SPEI12_genlogistic_global_era5_moda_ref1991to2020_201907.nc,0,0,0.20701736211776733
034004,"Bermejo, Patiño",2019,PASO,2019-08-11,2019-07-01,SPEI12_genlogistic_global_era5_moda_ref1991to2020_201907.nc,0,0,1.4349199533462524
006017,"Presidente Perón, San Vicente",2019,PASO,2019-08-11,2019-07-01,SPEI12_genlogistic_global_era5_moda_ref1991to2020_201907.nc,0,0,-0.248525470495224
070004,Rivadavia,2019,PASO,2019-08-11,2019-07-01,SPEI12_genlogistic_global_era5_moda_ref1991to2020_201907.nc,0,0,-0.4599238932132721
034003,Pilcomayo,2019,PASO,2019-08-11,2019-07-01,SPEI12_genlogistic_global_era5_moda_ref1991to2020_201907.nc,0,0,0.09650756418704987
006016,General Rodríguez,2019,PASO,2019-08-11,2019-07-01,SPEI12_genlogistic_global_era5_moda_ref1991to2020_201907.nc,0,0,-0.060594454407691956
070003,Chimbas,2019,PASO,2019-08-11,2019-07-01,SPEI12_genlogistic_global_era5_moda_ref1991to2020_201907.nc,0,0,-0.22488215565681458
006015,Berisso,2019,PASO,2019-08-11,2019-07-01,SPEI12_genlogistic_global_era5_moda_ref1991to2020_201907.nc,0,0,-0.08137967437505722
082008,Constitución,2019,PASO,2019-08-11,2019-07-01,SPEI12_genlogistic_global_era5_moda_ref1991to2020_201907.nc,0,0,0.4387182295322418
006014,Junín,2019,PASO,2019-08-11,2019-07-01,SPEI12_genlogistic_global_era5_moda_ref1991to2020_201907.nc,0,0,0.6373191475868225
018002,Goya,2019,PASO,2019-08-11,2019-07-01,SPEI12_genlogistic_global_era5_moda_ref1991to2020_201907.nc,0,0,0.31483006477355957
006013,Necochea,2019,PASO,2019-08-11,2019-07-01,SPEI12_genlogistic_global_era5_moda_ref1991to2020_201907.nc,0,0,0.3891274631023407
006012,Campana,2019,PASO,2019-08-11,2019-07-01,SPEI12_genlogistic_global_era5_moda_ref1991to2020_201907.nc,0,0,0.38542813062667847
014011,Santa María,2019,PASO,2019-08-11,2019-07-01,SPEI12_genlogistic_global_era5_moda_ref1991to2020_201907.nc,0,0,0.5474048256874084
022002,Comandante Fernandez,2019,PASO,2019-08-11,2019-07-01,SPEI12_genlogistic_global_era5_moda_ref1991to2020_201907.nc,0,0,0.12178144603967667
090003,"Chicligasta, Granero, Juan Bautista Alberdi, La Cocha, Monteros, Río Chico, Simoca",2019,PASO,2019-08-11,2019-07-01,SPEI12_genlogistic_global_era5_moda_ref1991to2020_201907.nc,6.132865697145462,0,-0.5896714925765991
034002,"Laishi, Pilagás, Pirané",2019,PASO,2019-08-11,2019-07-01,SPEI12_genlogistic_global_era5_moda_ref1991to2020_201907.nc,0,0,0.34776952862739563
038003,"Ledesma, Santa Bárbara",2019,PASO,2019-08-11,2019-07-01,SPEI12_genlogistic_global_era5_moda_ref1991to2020_201907.nc,0,0,0.8090894222259521
030004,Uruguay,2019,PASO,2019-08-11,2019-07-01,SPEI12_genlogistic_global_era5_moda_ref1991to2020_201907.nc,0,0,0.8096879720687866
038002,"El Carmen, San Antonio",2019,PASO,2019-08-11,2019-07-01,SPEI12_genlogistic_global_era5_moda_ref1991to2020_201907.nc,18.444646894931793,0,-0.6081976294517517
014010,Marcos Juárez,2019,PASO,2019-08-11,2019-07-01,SPEI12_genlogistic_global_era5_moda_ref1991to2020_201907.nc,0,0,0.07378527522087097
014009,Unión,2019,PASO,2019-08-11,2019-07-01,SPEI12_genlogistic_global_era5_moda_ref1991to2020_201907.nc,0,0,-0.017142223194241524
042001,Capital,2019,PASO,2019-08-11,2019-07-01,SPEI12_genlogistic_global_era5_moda_ref1991to2020_201907.nc,0,0,-0.7221934199333191
014008,Río Segundo,2019,PASO,2019-08-11,2019-07-01,SPEI12_genlogistic_global_era5_moda_ref1991to2020_201907.nc,0,0,0.4745956063270569
082007,Las Colonias,2019,PASO,2019-08-11,2019-07-01,SPEI12_genlogistic_global_era5_moda_ref1991to2020_201907.nc,0,0,0.03178966045379639
006011,Luján,2019,PASO,2019-08-11,2019-07-01,SPEI12_genlogistic_global_era5_moda_ref1991to2020_201907.nc,0,0,-0.05430096015334129
078002,Deseado,2019,PASO,2019-08-11,2019-07-01,SPEI12_genlogistic_global_era5_moda_ref1991to2020_201907.nc,0,0,-0.5599004030227661
006010,Pergamino,2019,PASO,2019-08-11,2019-07-01,SPEI12_genlogistic_global_era5_moda_ref1991to2020_201907.nc,0,0,0.74079430103302
054002,Oberá,2019,PASO,2019-08-11,2019-07-01,SPEI12_genlogistic_global_era5_moda_ref1991to2020_201907.nc,0,0,0.21600763499736786
006009,Olavarría,2019,PASO,2019-08-11,2019-07-01,SPEI12_genlogistic_global_era5_moda_ref1991to2020_201907.nc,0,0,-0.3193388879299164
070002,Capital,2019,PASO,2019-08-11,2019-07-01,SPEI12_genlogistic_global_era5_moda_ref1991to2020_201907.nc,0,0,-0.22178031504154205
014007,Tercero Arriba,2019,PASO,2019-08-11,2019-07-01,SPEI12_genlogistic_global_era5_moda_ref1991to2020_201907.nc,0,0,0.21876125037670135
030003,"Gualeguaychú, Islas del Ibicuy",2019,PASO,2019-08-11,2019-07-01,SPEI12_genlogistic_global_era5_moda_ref1991to2020_201907.nc,0,0,0.6670018434524536
050008,Capital,2019,PASO,2019-08-11,2019-07-01,SPEI12_genlogistic_global_era5_moda_ref1991to2020_201907.nc,0,0,-0.6357381939888
006008,Zárate,2019,PASO,2019-08-11,2019-07-01,SPEI12_genlogistic_global_era5_moda_ref1991to2020_201907.nc,0,0,0.4912005066871643
078001,Guer Aike,2019,PASO,2019-08-11,2019-07-01,SPEI12_genlogistic_global_era5_moda_ref1991to2020_201907.nc,0,0,0.17245283722877502
070001,Rawson,2019,PASO,2019-08-11,2019-07-01,SPEI12_genlogistic_global_era5_moda_ref1991to2020_201907.nc,0,0,-0.2763504385948181
050007,Luján de Cuyo,2019,PASO,2019-08-11,2019-07-01,SPEI12_genlogistic_global_era5_moda_ref1991to2020_201907.nc,9.74343791604042,9.393765032291412,-0.9851080179214478
050006,San Martín,2019,PASO,2019-08-11,2019-07-01,SPEI12_genlogistic_global_era5_moda_ref1991to2020_201907.nc,0,0,-0.045652348548173904
006007,Tandil,2019,PASO,2019-08-11,2019-07-01,SPEI12_genlogistic_global_era5_moda_ref1991to2020_201907.nc,0,0,0.39194151759147644
014006,General San Martín,2019,PASO,2019-08-11,2019-07-01,SPEI12_genlogistic_global_era5_moda_ref1991to2020_201907.nc,0,0,-0.022999156266450882
062002,Bariloche,2019,PASO,2019-08-11,2019-07-01,SPEI12_genlogistic_global_era5_moda_ref1991to2020_201907.nc,0,0,0.063343346118927
026002,Rawson,2019,PASO,2019-08-11,2019-07-01,SPEI12_genlogistic_global_era5_moda_ref1991to2020_201907.nc,0,0,0.35036560893058777
074002,"General Pedernera, Gobernador Dupuy",2019,PASO,2019-08-11,2019-07-01,SPEI12_genlogistic_global_era5_moda_ref1991to2020_201907.nc,0,0,-0.994164228439331
086002,Banda,2019,PASO,2019-08-11,2019-07-01,SPEI12_genlogistic_global_era5_moda_ref1991to2020_201907.nc,0,0,0.037365589290857315
006006,San Nicolás,2019,PASO,2019-08-11,2019-07-01,SPEI12_genlogistic_global_era5_moda_ref1991to2020_201907.nc,0,0,0.2965145707130432
066003,"Iruya, Orán, Santa Victoria",2019,PASO,2019-08-11,2019-07-01,SPEI12_genlogistic_global_era5_moda_ref1991to2020_201907.nc,0,0,0.45969057083129883
082006,San Lorenzo,2019,PASO,2019-08-11,2019-07-01,SPEI12_genlogistic_global_era5_moda_ref1991to2020_201907.nc,0,0,-0.13217326998710632
066002,General Jose de San Martín,2019,PASO,2019-08-11,2019-07-01,SPEI12_genlogistic_global_era5_moda_ref1991to2020_201907.nc,0,0,1.2478790283203125
010001,Capital,2019,PASO,2019-08-11,2019-07-01,SPEI12_genlogistic_global_era5_moda_ref1991to2020_201907.nc,6.143235415220261,0,-0.9966230392456055
006092,San Fernando,2019,PASO,2019-08-11,2019-07-01,SPEI12_genlogistic_global_era5_moda_ref1991to2020_201907.nc,0,0,0.4032157063484192
014005,Punilla,2019,PASO,2019-08-11,2019-07-01,SPEI12_genlogistic_global_era5_moda_ref1991to2020_201907.nc,0,0,0.3823242783546448
050005,Maipú,2019,PASO,2019-08-11,2019-07-01,SPEI12_genlogistic_global_era5_moda_ref1991to2020_201907.nc,0,0,-0.4171791970729828
082005,General Obligado,2019,PASO,2019-08-11,2019-07-01,SPEI12_genlogistic_global_era5_moda_ref1991to2020_201907.nc,0,0,0.15601754188537598
082004,Castellanos,2019,PASO,2019-08-11,2019-07-01,SPEI12_genlogistic_global_era5_moda_ref1991to2020_201907.nc,0,0,0.04933292791247368
046001,Capital,2019,PASO,2019-08-11,2019-07-01,SPEI12_genlogistic_global_era5_moda_ref1991to2020_201907.nc,0.47701415605843067,0,-0.2643871605396271
090002,Cruz Alta,2019,PASO,2019-08-11,2019-07-01,SPEI12_genlogistic_global_era5_moda_ref1991to2020_201907.nc,0,0,-0.09867119789123535
030002,"Colón, Concordia, Federal, Feliciano, San Salvador, Villaguay",2019,PASO,2019-08-11,2019-07-01,SPEI12_genlogistic_global_era5_moda_ref1991to2020_201907.nc,0,0,0.7199358344078064
050004,San Rafael,2019,PASO,2019-08-11,2019-07-01,SPEI12_genlogistic_global_era5_moda_ref1991to2020_201907.nc,10.035696625709534,2.236138842999935,-1.130592703819275
026001,Escalante,2019,PASO,2019-08-11,2019-07-01,SPEI12_genlogistic_global_era5_moda_ref1991to2020_201907.nc,0,0,-0.3827342987060547
082003,General López,2019,PASO,2019-08-11,2019-07-01,SPEI12_genlogistic_global_era5_moda_ref1991to2020_201907.nc,0,0,0.2208116501569748
050003,Godoy Cruz,2019,PASO,2019-08-11,2019-07-01,SPEI12_genlogistic_global_era5_moda_ref1991to2020_201907.nc,0,0,-0.6135048270225525
074001,La Capital,2019,PASO,2019-08-11,2019-07-01,SPEI12_genlogistic_global_era5_moda_ref1991to2020_201907.nc,0,0,-0.6333435773849487
014004,San Justo,2019,PASO,2019-08-11,2019-07-01,SPEI12_genlogistic_global_era5_moda_ref1991to2020_201907.nc,4.698532819747925,4.698532819747925,-0.15819744765758514
050002,Las Heras,2019,PASO,2019-08-11,2019-07-01,SPEI12_genlogistic_global_era5_moda_ref1991to2020_201907.nc,0,0,-0.7636411786079407
006005,Escobar,2019,PASO,2019-08-11,2019-07-01,SPEI12_genlogistic_global_era5_moda_ref1991to2020_201907.nc,0,0,0.28992143273353577
014003,Colón,2019,PASO,2019-08-11,2019-07-01,SPEI12_genlogistic_global_era5_moda_ref1991to2020_201907.nc,0,0,0.5460600256919861
034001,Formosa,2019,PASO,2019-08-11,2019-07-01,SPEI12_genlogistic_global_era5_moda_ref1991to2020_201907.nc,0,0,0.12183766812086105
014002,Río Cuarto,2019,PASO,2019-08-11,2019-07-01,SPEI12_genlogistic_global_era5_moda_ref1991to2020_201907.nc,0,0,-0.4588088393211365
038001,"Dr. Manuel Belgrano, Palpalá",2019,PASO,2019-08-11,2019-07-01,SPEI12_genlogistic_global_era5_moda_ref1991to2020_201907.nc,15.562289953231812,0,-0.844715416431427
086001,Capital,2019,PASO,2019-08-11,2019-07-01,SPEI12_genlogistic_global_era5_moda_ref1991to2020_201907.nc,0,0,-0.6203180551528931
006091,Vicente López,2019,PASO,2019-08-11,2019-07-01,SPEI12_genlogistic_global_era5_moda_ref1991to2020_201907.nc,0,0,0.17541733384132385
050001,Guaymallén,2019,PASO,2019-08-11,2019-07-01,SPEI12_genlogistic_global_era5_moda_ref1991to2020_201907.nc,0,0,-0.6257203817367554
006090,San Isidro,2019,PASO,2019-08-11,2019-07-01,SPEI12_genlogistic_global_era5_moda_ref1991to2020_201907.nc,0,0,0.17541733384132385
006004,Bahía Blanca,2019,PASO,2019-08-11,2019-07-01,SPEI12_genlogistic_global_era5_moda_ref1991to2020_201907.nc,0,0,-0.9485927820205688
006003,Pilar,2019,PASO,2019-08-11,2019-07-01,SPEI12_genlogistic_global_era5_moda_ref1991to2020_201907.nc,0,0,0.09647870063781738
006089,"Esteban Echeverría, Ezeiza",2019,PASO,2019-08-11,2019-07-01,SPEI12_genlogistic_global_era5_moda_ref1991to2020_201907.nc,0,0,-0.038699209690093994
062001,General Roca,2019,PASO,2019-08-11,2019-07-01,SPEI12_genlogistic_global_era5_moda_ref1991to2020_201907.nc,0,0,-0.6899612545967102
006088,"Hurlingham, Ituzaingo, Morón",2019,PASO,2019-08-11,2019-07-01,SPEI12_genlogistic_global_era5_moda_ref1991to2020_201907.nc,0,0,0.12369181215763092
054001,"Capital, Leandro N. Alem",2019,PASO,2019-08-11,2019-07-01,SPEI12_genlogistic_global_era5_moda_ref1991to2020_201907.nc,0,0,-0.06775309145450592
006087,Berazategui,2019,PASO,2019-08-11,2019-07-01,SPEI12_genlogistic_global_era5_moda_ref1991to2020_201907.nc,0,0,0.02824407070875168
006086,"General Sarmiento, Jose C. Paz, Malvinas Argentinas, San Miguel",2019,PASO,2019-08-11,2019-07-01,SPEI12_genlogistic_global_era5_moda_ref1991to2020_201907.nc,0,0,0.18183396756649017
030001,Parana,2019,PASO,2019-08-11,2019-07-01,SPEI12_genlogistic_global_era5_moda_ref1991to2020_201907.nc,0,0,0.46247565746307373
006085,Tres de Febrero,2019,PASO,2019-08-11,2019-07-01,SPEI12_genlogistic_global_era5_moda_ref1991to2020_201907.nc,0,0,0.16636064648628235
006084,Avellaneda,2019,PASO,2019-08-11,2019-07-01,SPEI12_genlogistic_global_era5_moda_ref1991to2020_201907.nc,0,0,0.09356292337179184
018001,Capital,2019,PASO,2019-08-11,2019-07-01,SPEI12_genlogistic_global_era5_moda_ref1991to2020_201907.nc,0,0,-0.14908644556999207
058001,Confluencia,2019,PASO,2019-08-11,2019-07-01,SPEI12_genlogistic_global_era5_moda_ref1991to2020_201907.nc,0,0,-0.37490299344062805
006083,Tigre,2019,PASO,2019-08-11,2019-07-01,SPEI12_genlogistic_global_era5_moda_ref1991to2020_201907.nc,0,0,0.24282492697238922
022001,San Fernando,2019,PASO,2019-08-11,2019-07-01,SPEI12_genlogistic_global_era5_moda_ref1991to2020_201907.nc,0,0,-0.22688129544258118
006082,General San Martín,2019,PASO,2019-08-11,2019-07-01,SPEI12_genlogistic_global_era5_moda_ref1991to2020_201907.nc,0,0,0.17541731894016266
006081,Florencio Varela,2019,PASO,2019-08-11,2019-07-01,SPEI12_genlogistic_global_era5_moda_ref1991to2020_201907.nc,0,0,-0.04573948681354523
006080,Moreno,2019,PASO,2019-08-11,2019-07-01,SPEI12_genlogistic_global_era5_moda_ref1991to2020_201907.nc,0,0,0.1350831538438797
006079,Lanus,2019,PASO,2019-08-11,2019-07-01,SPEI12_genlogistic_global_era5_moda_ref1991to2020_201907.nc,0,0,0.09538743644952774
082002,La Capital,2019,PASO,2019-08-11,2019-07-01,SPEI12_genlogistic_global_era5_moda_ref1991to2020_201907.nc,0,0,0.18085141479969025
066001,Capital,2019,PASO,2019-08-11,2019-07-01,SPEI12_genlogistic_global_era5_moda_ref1991to2020_201907.nc,0,0,-0.7825958132743835
006078,Merlo,2019,PASO,2019-08-11,2019-07-01,SPEI12_genlogistic_global_era5_moda_ref1991to2020_201907.nc,0,0,0.07395066320896149
006077,Almirante Brown,2019,PASO,2019-08-11,2019-07-01,SPEI12_genlogistic_global_era5_moda_ref1991to2020_201907.nc,0,0,0.05221281945705414
006076,Quilmes,2019,PASO,2019-08-11,2019-07-01,SPEI12_genlogistic_global_era5_moda_ref1991to2020_201907.nc,0,0,0.09325473755598068
006002,General Pueyrredón,2019,PASO,2019-08-11,2019-07-01,SPEI12_genlogistic_global_era5_moda_ref1991to2020_201907.nc,0,0,-0.08347989618778229
006075,Lomas de Zamora,2019,PASO,2019-08-11,2019-07-01,SPEI12_genlogistic_global_era5_moda_ref1991to2020_201907.nc,0,0,0.09583237767219543
006001,La Plata,2019,PASO,2019-08-11,2019-07-01,SPEI12_genlogistic_global_era5_moda_ref1991to2020_201907.nc,0,0,-0.16289381682872772
002001,City of Buenos Aires,2019,PASO,2019-08-11,2019-07-01,SPEI12_genlogistic_global_era5_moda_ref1991to2020_201907.nc,0,0,0.14108161628246307
090001,"Famaillá, Lules, Capital, Tafí del Valle, Tafí Viajo, Trancas, Yerba Buena",2019,PASO,2019-08-11,2019-07-01,SPEI12_genlogistic_global_era5_moda_ref1991to2020_201907.nc,17.076286673545837,0.08321240311488509,-0.8808973431587219
082001,Rosario,2019,PASO,2019-08-11,2019-07-01,SPEI12_genlogistic_global_era5_moda_ref1991to2020_201907.nc,0,0,-0.05438249930739403
014001,Capital,2019,PASO,2019-08-11,2019-07-01,SPEI12_genlogistic_global_era5_moda_ref1991to2020_201907.nc,0,0,0.624024510383606
006074,La Matanza,2019,PASO,2019-08-11,2019-07-01,SPEI12_genlogistic_global_era5_moda_ref1991to2020_201907.nc,0,0,0.06572437286376953
094002,Ushuaia,2019,PASO,2019-08-11,2019-07-01,SPEI12_genlogistic_global_era5_moda_ref1991to2020_201907.nc,0,0,0.15446999669075012
006072,Saavedra,2019,GENERALES,2019-10-27,2019-09-01,SPEI12_genlogistic_global_era5_moda_ref1991to2020_201909.nc,0,0,-1.2297627925872803
006073,"Castelli, Maipú, Tordillo",2019,GENERALES,2019-10-27,2019-09-01,SPEI12_genlogistic_global_era5_moda_ref1991to2020_201909.nc,8.637803792953491,8.637803792953491,-1.4761613607406616
066013,Chicoana,2019,GENERALES,2019-10-27,2019-09-01,SPEI12_genlogistic_global_era5_moda_ref1991to2020_201909.nc,15.930499136447906,0,-1.2967294454574585
018016,"General Alvear, San Martín",2019,GENERALES,2019-10-27,2019-09-01,SPEI12_genlogistic_global_era5_moda_ref1991to2020_201909.nc,0,0,0.05742909014225006
006071,"General La Madrid, Laprida",2019,GENERALES,2019-10-27,2019-09-01,SPEI12_genlogistic_global_era5_moda_ref1991to2020_201909.nc,0,0,-1.1592227220535278
070012,"9 de Julio, San Martín",2019,GENERALES,2019-10-27,2019-09-01,SPEI12_genlogistic_global_era5_moda_ref1991to2020_201909.nc,0,0,-0.3046562075614929
006070,Monte,2019,GENERALES,2019-10-27,2019-09-01,SPEI12_genlogistic_global_era5_moda_ref1991to2020_201909.nc,0,0,-0.7616919875144958
006069,Mar Chiquita,2019,GENERALES,2019-10-27,2019-09-01,SPEI12_genlogistic_global_era5_moda_ref1991to2020_201909.nc,0,0,-0.5132068991661072
062007,"Conesa, Pichi Mahuida",2019,GENERALES,2019-10-27,2019-09-01,SPEI12_genlogistic_global_era5_moda_ref1991to2020_201909.nc,0,0,-0.2915315628051758
046006,"Chamical, General Belgrano",2019,GENERALES,2019-10-27,2019-09-01,SPEI12_genlogistic_global_era5_moda_ref1991to2020_201909.nc,0,0,-0.2897849380970001
078004,"Lago Buenos Aires, Magallanes, Río Chico",2019,GENERALES,2019-10-27,2019-09-01,SPEI12_genlogistic_global_era5_moda_ref1991to2020_201909.nc,31.171545386314392,0,-1.0455255508422852
082019,Garay,2019,GENERALES,2019-10-27,2019-09-01,SPEI12_genlogistic_global_era5_moda_ref1991to2020_201909.nc,0,0,0.30095162987709045
086015,Avellaneda,2019,GENERALES,2019-10-27,2019-09-01,SPEI12_genlogistic_global_era5_moda_ref1991to2020_201909.nc,0,0,0.007566266227513552
066012,"Cafayate, La Vina",2019,GENERALES,2019-10-27,2019-09-01,SPEI12_genlogistic_global_era5_moda_ref1991to2020_201909.nc,39.40604627132416,20.456096529960632,-1.584022045135498
074005,Chacabuco,2019,GENERALES,2019-10-27,2019-09-01,SPEI12_genlogistic_global_era5_moda_ref1991to2020_201909.nc,0,0,-0.7016353607177734
042007,"Hucal, Utracán",2019,GENERALES,2019-10-27,2019-09-01,SPEI12_genlogistic_global_era5_moda_ref1991to2020_201909.nc,0,0,-0.8662754893302917
070011,Sarmiento,2019,GENERALES,2019-10-27,2019-09-01,SPEI12_genlogistic_global_era5_moda_ref1991to2020_201909.nc,0,0,-0.5098192691802979
006068,Carlos Casares,2019,GENERALES,2019-10-27,2019-09-01,SPEI12_genlogistic_global_era5_moda_ref1991to2020_201909.nc,0,0,-0.6476231217384338
026006,"Cushamen, Languiñeo",2019,GENERALES,2019-10-27,2019-09-01,SPEI12_genlogistic_global_era5_moda_ref1991to2020_201909.nc,0.7935496978461742,0.7935496978461742,-0.16449718177318573
018015,"Itatí, San Cosme",2019,GENERALES,2019-10-27,2019-09-01,SPEI12_genlogistic_global_era5_moda_ref1991to2020_201909.nc,0,0,-0.05287715047597885
086014,"Figueroa, Sarmiento",2019,GENERALES,2019-10-27,2019-09-01,SPEI12_genlogistic_global_era5_moda_ref1991to2020_201909.nc,0,0,0.3529851734638214
006067,San Andrés de Giles,2019,GENERALES,2019-10-27,2019-09-01,SPEI12_genlogistic_global_era5_moda_ref1991to2020_201909.nc,0,0,-0.40106436610221863
010007,"Antofagasta de la Sierra, Tinogasta",2019,GENERALES,2019-10-27,2019-09-01,SPEI12_genlogistic_global_era5_moda_ref1991to2020_201909.nc,5.974371358752251,0,-0.4821922183036804
018014,Saladas,2019,GENERALES,2019-10-27,2019-09-01,SPEI12_genlogistic_global_era5_moda_ref1991to2020_201909.nc,0,0,-0.3888228237628937
046005,"Arauco, Castro Barros, San Blas de los Sauces",2019,GENERALES,2019-10-27,2019-09-01,SPEI12_genlogistic_global_era5_moda_ref1991to2020_201909.nc,38.059061765670776,19.219736754894257,-1.4353723526000977
006066,Rojas,2019,GENERALES,2019-10-27,2019-09-01,SPEI12_genlogistic_global_era5_moda_ref1991to2020_201909.nc,13.247363269329071,13.247363269329071,-0.9039343595504761
006065,"Carlos Tejedor, Florentino Ameghino, General Pinto",2019,GENERALES,2019-10-27,2019-09-01,SPEI12_genlogistic_global_era5_moda_ref1991to2020_201909.nc,0,0,-0.654205858707428
086013,"Aguirre, Belgrano, Mitre, Rivadavia",2019,GENERALES,2019-10-27,2019-09-01,SPEI12_genlogistic_global_era5_moda_ref1991to2020_201909.nc,2.1689267829060555,2.1689267829060555,0.3838671147823334
070010,"Calingasta, Iglesia, Ullúm, Zonda",2019,GENERALES,2019-10-27,2019-09-01,SPEI12_genlogistic_global_era5_moda_ref1991to2020_201909.nc,10.725203901529312,2.474593184888363,-0.9317851662635803
086012,"Ojo de Agua, Quebrachos",2019,GENERALES,2019-10-27,2019-09-01,SPEI12_genlogistic_global_era5_moda_ref1991to2020_201909.nc,0,0,-0.22072020173072815
070009,Albardón,2019,GENERALES,2019-10-27,2019-09-01,SPEI12_genlogistic_global_era5_moda_ref1991to2020_201909.nc,0,0,-0.6655329465866089
022015,Maipú,2019,GENERALES,2019-10-27,2019-09-01,SPEI12_genlogistic_global_era5_moda_ref1991to2020_201909.nc,0,0,-0.2815471887588501
006064,Las Flores,2019,GENERALES,2019-10-27,2019-09-01,SPEI12_genlogistic_global_era5_moda_ref1991to2020_201909.nc,0,0,-0.8142385482788086
006063,Colón,2019,GENERALES,2019-10-27,2019-09-01,SPEI12_genlogistic_global_era5_moda_ref1991to2020_201909.nc,0,0,0.1491062492132187
022014,Bermejo,2019,GENERALES,2019-10-27,2019-09-01,SPEI12_genlogistic_global_era5_moda_ref1991to2020_201909.nc,0,0,-0.2442765086889267
006062,"Adolfo Alsina, Salliqueló",2019,GENERALES,2019-10-27,2019-09-01,SPEI12_genlogistic_global_era5_moda_ref1991to2020_201909.nc,0,0,-1.047929286956787
030011,Tala,2019,GENERALES,2019-10-27,2019-09-01,SPEI12_genlogistic_global_era5_moda_ref1991to2020_201909.nc,0,0,0.32718929648399353
042006,"Caleu-Caleu, Cura-Co, Chalileo, Chical-Có, Lihuel Calel, Limay Mahuida, Leventué, Puelén",2019,GENERALES,2019-10-27,2019-09-01,SPEI12_genlogistic_global_era5_moda_ref1991to2020_201909.nc,0,0,-0.9939418435096741
050017,"La Paz, Santa Rosa",2019,GENERALES,2019-10-27,2019-09-01,SPEI12_genlogistic_global_era5_moda_ref1991to2020_201909.nc,0,0,-0.5325934290885925
066011,"Cachí, La Poma, Los Andes, Molinos, San Carlos",2019,GENERALES,2019-10-27,2019-09-01,SPEI12_genlogistic_global_era5_moda_ref1991to2020_201909.nc,13.111045956611633,0.2170282183215022,-0.5978301167488098
006061,Brandsen,2019,GENERALES,2019-10-27,2019-09-01,SPEI12_genlogistic_global_era5_moda_ref1991to2020_201909.nc,0,0,-0.9305459260940552
046004,"General Ocampo, General San Martín, Rosario Vera Peñaloza",2019,GENERALES,2019-10-27,2019-09-01,SPEI12_genlogistic_global_era5_moda_ref1991to2020_201909.nc,0,0,-0.25638070702552795
006060,"Daireaux, Hipólito Yrigoyen",2019,GENERALES,2019-10-27,2019-09-01,SPEI12_genlogistic_global_era5_moda_ref1991to2020_201909.nc,0,0,-1.0569615364074707
006059,Dolores,2019,GENERALES,2019-10-27,2019-09-01,SPEI12_genlogistic_global_era5_moda_ref1991to2020_201909.nc,30.434781312942505,30.434781312942505,-3.2126479148864746
070008,"Jachal, Valle Fértil",2019,GENERALES,2019-10-27,2019-09-01,SPEI12_genlogistic_global_era5_moda_ref1991to2020_201909.nc,0,0,-0.8768531680107117
078003,"Corpen Aike, Lago Argentino",2019,GENERALES,2019-10-27,2019-09-01,SPEI12_genlogistic_global_era5_moda_ref1991to2020_201909.nc,0,0,-0.22614508867263794
054015,Candelaria,2019,GENERALES,2019-10-27,2019-09-01,SPEI12_genlogistic_global_era5_moda_ref1991to2020_201909.nc,0,0,-0.1509494036436081
054014,25 de Mayo,2019,GENERALES,2019-10-27,2019-09-01,SPEI12_genlogistic_global_era5_moda_ref1991to2020_201909.nc,0,0,-0.14896033704280853
042005,"Chapaleufú, Realicó",2019,GENERALES,2019-10-27,2019-09-01,SPEI12_genlogistic_global_era5_moda_ref1991to2020_201909.nc,0,0,-0.7823358774185181
074004,Junín,2019,GENERALES,2019-10-27,2019-09-01,SPEI12_genlogistic_global_era5_moda_ref1991to2020_201909.nc,0,0,-0.5705870389938354
050016,Malargue,2019,GENERALES,2019-10-27,2019-09-01,SPEI12_genlogistic_global_era5_moda_ref1991to2020_201909.nc,42.908310890197754,8.960147202014923,-1.506447196006775
066010,Rivadavia,2019,GENERALES,2019-10-27,2019-09-01,SPEI12_genlogistic_global_era5_moda_ref1991to2020_201909.nc,0,0,1.2938315868377686
018013,Lavalle,2019,GENERALES,2019-10-27,2019-09-01,SPEI12_genlogistic_global_era5_moda_ref1991to2020_201909.nc,0,0,0.13513025641441345
006058,"General Belgrano, General Paz",2019,GENERALES,2019-10-27,2019-09-01,SPEI12_genlogistic_global_era5_moda_ref1991to2020_201909.nc,0,0,-0.8315051794052124
086011,"Loreto, Silipica",2019,GENERALES,2019-10-27,2019-09-01,SPEI12_genlogistic_global_era5_moda_ref1991to2020_201909.nc,0,0,-0.6848374605178833
010006,"Ancasti, El Alto, La Paz",2019,GENERALES,2019-10-27,2019-09-01,SPEI12_genlogistic_global_era5_moda_ref1991to2020_201909.nc,0,0,-0.6750221848487854
034005,"Matacos, Ramón Lista",2019,GENERALES,2019-10-27,2019-09-01,SPEI12_genlogistic_global_era5_moda_ref1991to2020_201909.nc,0,0,1.8087352514266968
006057,Exaltación de la Cruz,2019,GENERALES,2019-10-27,2019-09-01,SPEI12_genlogistic_global_era5_moda_ref1991to2020_201909.nc,0,0,0.014163779094815254
006056,Arrecifes,2019,GENERALES,2019-10-27,2019-09-01,SPEI12_genlogistic_global_era5_moda_ref1991to2020_201909.nc,0,0,0.21883712708950043
082018,9 de Julio,2019,GENERALES,2019-10-27,2019-09-01,SPEI12_genlogistic_global_era5_moda_ref1991to2020_201909.nc,0,0,0.5922967791557312
062006,San Antonio,2019,GENERALES,2019-10-27,2019-09-01,SPEI12_genlogistic_global_era5_moda_ref1991to2020_201909.nc,0,0,0.09897124022245407
006055,Patagones,2019,GENERALES,2019-10-27,2019-09-01,SPEI12_genlogistic_global_era5_moda_ref1991to2020_201909.nc,0,0,-0.7195843458175659
086010,Copo,2019,GENERALES,2019-10-27,2019-09-01,SPEI12_genlogistic_global_era5_moda_ref1991to2020_201909.nc,0,0,0.9065510034561157
014021,"Río Seco, Sobremonte, Tulumba",2019,GENERALES,2019-10-27,2019-09-01,SPEI12_genlogistic_global_era5_moda_ref1991to2020_201909.nc,9.02273803949356,9.02273803949356,-0.7928529977798462
054013,San Pedro,2019,GENERALES,2019-10-27,2019-09-01,SPEI12_genlogistic_global_era5_moda_ref1991to2020_201909.nc,0,0,-0.18504488468170166
006054,"General Juan Madariaga, Pinamar, Villa Gesell",2019,GENERALES,2019-10-27,2019-09-01,SPEI12_genlogistic_global_era5_moda_ref1991to2020_201909.nc,1.5836359933018684,1.5836359933018684,-0.69928741455078125
018012,Esquina,2019,GENERALES,2019-10-27,2019-09-01,SPEI12_genlogistic_global_era5_moda_ref1991to2020_201909.nc,0,0,0.48009270429611206
022013,Chacabuco,2019,GENERALES,2019-10-27,2019-09-01,SPEI12_genlogistic_global_era5_moda_ref1991to2020_201909.nc,0,0,0.4560312032699585
006053,General Villegas,2019,GENERALES,2019-10-27,2019-09-01,SPEI12_genlogistic_global_era5_moda_ref1991to2020_201909.nc,0,0,-0.6137036085128784
038006,"Humahuaca, Tilcara, Valle Grande",2019,GENERALES,2019-10-27,2019-09-01,SPEI12_genlogistic_global_era5_moda_ref1991to2020_201909.nc,11.72625869512558,0,-1.1130776405334473
006052,"General Arenales, Leandro N. Alem",2019,GENERALES,2019-10-27,2019-09-01,SPEI12_genlogistic_global_era5_moda_ref1991to2020_201909.nc,0,0,-0.15887010097503662
086009,"Atamisqui, Salavina, San Martín",2019,GENERALES,2019-10-27,2019-09-01,SPEI12_genlogistic_global_era5_moda_ref1991to2020_201909.nc,0,0,-0.11214185506105423
046003,"Coronel Felipe Varela, Famatina, General Angel V. Peñaloza, General Juan F. Quiroga, General Lamadrid, Vinchina, Independencia, Sanagasta",2019,GENERALES,2019-10-27,2019-09-01,SPEI12_genlogistic_global_era5_moda_ref1991to2020_201909.nc,10.765277594327927,1.0233084671199322,-0.88153475522995
054012,"Concepción, San Javier",2019,GENERALES,2019-10-27,2019-09-01,SPEI12_genlogistic_global_era5_moda_ref1991to2020_201909.nc,0,0,0.14020909368991852
082017,San Javier,2019,GENERALES,2019-10-27,2019-09-01,SPEI12_genlogistic_global_era5_moda_ref1991to2020_201909.nc,0,0,0.49663183093070984
006051,Baradero,2019,GENERALES,2019-10-27,2019-09-01,SPEI12_genlogistic_global_era5_moda_ref1991to2020_201909.nc,0,0,0.22194238007068634
006050,Saladillo,2019,GENERALES,2019-10-27,2019-09-01,SPEI12_genlogistic_global_era5_moda_ref1991to2020_201909.nc,0,0,-0.9931795001029968
050015,Tupungato,2019,GENERALES,2019-10-27,2019-09-01,SPEI12_genlogistic_global_era5_moda_ref1991to2020_201909.nc,32.388946413993835,0,-1.2279767990112305
050014,San Carlos,2019,GENERALES,2019-10-27,2019-09-01,SPEI12_genlogistic_global_era5_moda_ref1991to2020_201909.nc,0,0,-0.9978504776954651
006049,Salto,2019,GENERALES,2019-10-27,2019-09-01,SPEI12_genlogistic_global_era5_moda_ref1991to2020_201909.nc,22.90032058954239,22.90032058954239,-1.9022483825683594
006048,Ramallo,2019,GENERALES,2019-10-27,2019-09-01,SPEI12_genlogistic_global_era5_moda_ref1991to2020_201909.nc,0,0,0.07297704368829727
022012,"12 de Octubre, 2 de Abril, Fray Justo Sta. María de Oro",2019,GENERALES,2019-10-27,2019-09-01,SPEI12_genlogistic_global_era5_moda_ref1991to2020_201909.nc,0,0,0.387228786945343
022011,Quitilipi,2019,GENERALES,2019-10-27,2019-09-01,SPEI12_genlogistic_global_era5_moda_ref1991to2020_201909.nc,0,0,-0.05415996536612511
022010,Almirante Brown,2019,GENERALES,2019-10-27,2019-09-01,SPEI12_genlogistic_global_era5_moda_ref1991to2020_201909.nc,0,0,0.7393628358840942
022009,"General Belgrano, Independencia",2019,GENERALES,2019-10-27,2019-09-01,SPEI12_genlogistic_global_era5_moda_ref1991to2020_201909.nc,0,0,0.1736483871936798
042004,"Atreucó, Catriló, Guatrache, Quemú-Quemú",2019,GENERALES,2019-10-27,2019-09-01,SPEI12_genlogistic_global_era5_moda_ref1991to2020_201909.nc,0,0,-1.103517770767212
062005,Avellaneda,2019,GENERALES,2019-10-27,2019-09-01,SPEI12_genlogistic_global_era5_moda_ref1991to2020_201909.nc,0,0,-0.47678616642951965
030010,Victoria,2019,GENERALES,2019-10-27,2019-09-01,SPEI12_genlogistic_global_era5_moda_ref1991to2020_201909.nc,0,0,-0.49633824825286865
066009,Cerrillos,2019,GENERALES,2019-10-27,2019-09-01,SPEI12_genlogistic_global_era5_moda_ref1991to2020_201909.nc,3.515498712658882,0,-1.0238438844680786
010005,"Ambato, Capayán, Paclín, Santa Rosa",2019,GENERALES,2019-10-27,2019-09-01,SPEI12_genlogistic_global_era5_moda_ref1991to2020_201909.nc,5.072373151779175,5.072373151779175,-0.8913106918334961
086008,"Jiménez, Pellegrini",2019,GENERALES,2019-10-27,2019-09-01,SPEI12_genlogistic_global_era5_moda_ref1991to2020_201909.nc,0,0,0.28820717334747314
014020,General Roca,2019,GENERALES,2019-10-27,2019-09-01,SPEI12_genlogistic_global_era5_moda_ref1991to2020_201909.nc,0,0,-0.8057496547698975
014019,San Alberto,2019,GENERALES,2019-10-27,2019-09-01,SPEI12_genlogistic_global_era5_moda_ref1991to2020_201909.nc,0,0,-0.08345139771699905
054011,Montecarlo,2019,GENERALES,2019-10-27,2019-09-01,SPEI12_genlogistic_global_era5_moda_ref1991to2020_201909.nc,0,0,-0.13229766488075256
014018,Presidente Roque Saénz Peña,2019,GENERALES,2019-10-27,2019-09-01,SPEI12_genlogistic_global_era5_moda_ref1991to2020_201909.nc,0,0,-0.47591814398765564
050013,Lavalle,2019,GENERALES,2019-10-27,2019-09-01,SPEI12_genlogistic_global_era5_moda_ref1991to2020_201909.nc,0,0,-0.10952938348054886
006047,"Capitán Sarmiento, San Antonio de Areco",2019,GENERALES,2019-10-27,2019-09-01,SPEI12_genlogistic_global_era5_moda_ref1991to2020_201909.nc,0,0,-0.03317926451563835
018011,Monte Caseros,2019,GENERALES,2019-10-27,2019-09-01,SPEI12_genlogistic_global_era5_moda_ref1991to2020_201909.nc,0,0,0.43269845843315125
010004,"Belén, Pomán",2019,GENERALES,2019-10-27,2019-09-01,SPEI12_genlogistic_global_era5_moda_ref1991to2020_201909.nc,13.41317743062973,4.6455081552267075,-0.9957095980644226
058005,Zapala,2019,GENERALES,2019-10-27,2019-09-01,SPEI12_genlogistic_global_era5_moda_ref1991to2020_201909.nc,0,0,0.08730430901050568
006046,"Guaminí, Pellegrini, Rivadavia, Tres Lomas",2019,GENERALES,2019-10-27,2019-09-01,SPEI12_genlogistic_global_era5_moda_ref1991to2020_201909.nc,0,0,-1.0130095481872559
018010,Bella Vista,2019,GENERALES,2019-10-27,2019-09-01,SPEI12_genlogistic_global_era5_moda_ref1991to2020_201909.nc,0,0,-0.11792738735675812
006045,Coronel Suárez,2019,GENERALES,2019-10-27,2019-09-01,SPEI12_genlogistic_global_era5_moda_ref1991to2020_201909.nc,0,0,-1.2249351739883423
058004,"Chos Malal, Pehuenches",2019,GENERALES,2019-10-27,2019-09-01,SPEI12_genlogistic_global_era5_moda_ref1991to2020_201909.nc,8.458034694194794,0,-1.0858113765716553
090005,Burruyacú,2019,GENERALES,2019-10-27,2019-09-01,SPEI12_genlogistic_global_era5_moda_ref1991to2020_201909.nc,0,0,-0.15232005715370178
050012,Junín,2019,GENERALES,2019-10-27,2019-09-01,SPEI12_genlogistic_global_era5_moda_ref1991to2020_201909.nc,0,0,-0.26195570826530457
066008,"Guachipas, La Candelaria, Rosario de la Frontera",2019,GENERALES,2019-10-27,2019-09-01,SPEI12_genlogistic_global_era5_moda_ref1991to2020_201909.nc,2.153640426695347,2.153640426695347,-0.44461825489997864
006044,Pehuajó,2019,GENERALES,2019-10-27,2019-09-01,SPEI12_genlogistic_global_era5_moda_ref1991to2020_201909.nc,0,0,-0.8396890163421631
086007,General Taboada,2019,GENERALES,2019-10-27,2019-09-01,SPEI12_genlogistic_global_era5_moda_ref1991to2020_201909.nc,0,0,0.5571243762969971
030009,Nogoyá,2019,GENERALES,2019-10-27,2019-09-01,SPEI12_genlogistic_global_era5_moda_ref1991to2020_201909.nc,0,0,0.1596510112285614
026005,"Florentino Ameghino, Gaimán, Gastre, Mártires, Paso de los Indios, Río Senguer, Sarmiento, Tehuelches, Telsen",2019,GENERALES,2019-10-27,2019-09-01,SPEI12_genlogistic_global_era5_moda_ref1991to2020_201909.nc,2.6442522183060646,0,-0.45257601141929626
010003,"Fray Mamerto Esquiú, Valle Viejo",2019,GENERALES,2019-10-27,2019-09-01,SPEI12_genlogistic_global_era5_moda_ref1991to2020_201909.nc,0,0,-0.8548600673675537
066007,Metán,2019,GENERALES,2019-10-27,2019-09-01,SPEI12_genlogistic_global_era5_moda_ref1991to2020_201909.nc,0,0,0.37502363324165344
006043,"Adolfo González Chaves, Benito Juárez, San Cayetano",2019,GENERALES,2019-10-27,2019-09-01,SPEI12_genlogistic_global_era5_moda_ref1991to2020_201909.nc,0,0,-0.08188875019550323
018009,Mercedes,2019,GENERALES,2019-10-27,2019-09-01,SPEI12_genlogistic_global_era5_moda_ref1991to2020_201909.nc,0,0,0.09710309654474258
010002,"Andalgalá, Santa María",2019,GENERALES,2019-10-27,2019-09-01,SPEI12_genlogistic_global_era5_moda_ref1991to2020_201909.nc,18.299148976802826,0,-1.127549648284912
018008,"Empedrado, Mburucuyá, San Luis del Palmar",2019,GENERALES,2019-10-27,2019-09-01,SPEI12_genlogistic_global_era5_moda_ref1991to2020_201909.nc,0,0,-0.18882887065410614
006042,Bragado,2019,GENERALES,2019-10-27,2019-09-01,SPEI12_genlogistic_global_era5_moda_ref1991to2020_201909.nc,0,0,-0.613935649394989
006041,General Alvarado,2019,GENERALES,2019-10-27,2019-09-01,SPEI12_genlogistic_global_era5_moda_ref1991to2020_201909.nc,0,0,-0.47552284598350525
062004,"El Cuy, 9 de Julio, Ñorquincó, Pilcaniyeu, Valcheta, 25 de Mayo",2019,GENERALES,2019-10-27,2019-09-01,SPEI12_genlogistic_global_era5_moda_ref1991to2020_201909.nc,0,0,-0.08220887929201126
074003,"Ayacucho, Belgrano, Coronel Pringles, Libertador General San Martín",2019,GENERALES,2019-10-27,2019-09-01,SPEI12_genlogistic_global_era5_moda_ref1991to2020_201909.nc,8.154558390378952,0,-0.7163216471672058
018007,"Ituzaingó, San Miguel",2019,GENERALES,2019-10-27,2019-09-01,SPEI12_genlogistic_global_era5_moda_ref1991to2020_201909.nc,0,0,-0.08155085146427155
082016,San Justo,2019,GENERALES,2019-10-27,2019-09-01,SPEI12_genlogistic_global_era5_moda_ref1991to2020_201909.nc,0,0,0.4171074628829956
006040,"Carmen de Areco, Navarro, Suipacha",2019,GENERALES,2019-10-27,2019-09-01,SPEI12_genlogistic_global_era5_moda_ref1991to2020_201909.nc,7.233256101608276,7.233256101608276,-1.1545206308364868
006039,"Ayacucho, General Guido, Pila, Rauch",2019,GENERALES,2019-10-27,2019-09-01,SPEI12_genlogistic_global_era5_moda_ref1991to2020_201909.nc,8.123894035816193,8.123894035816193,-1.1982176303863525
042003,"Conhello, Rancul, Toay, Trenel",2019,GENERALES,2019-10-27,2019-09-01,SPEI12_genlogistic_global_era5_moda_ref1991to2020_201909.nc,0,0,-0.8518081307411194
086006,"Choya, Guasayan",2019,GENERALES,2019-10-27,2019-09-01,SPEI12_genlogistic_global_era5_moda_ref1991to2020_201909.nc,0,0,-0.8664904236793518
054010,General Manuel Belgrano,2019,GENERALES,2019-10-27,2019-09-01,SPEI12_genlogistic_global_era5_moda_ref1991to2020_201909.nc,0,0,-0.2758456766605377
006038,Trenque Lauquen,2019,GENERALES,2019-10-27,2019-09-01,SPEI12_genlogistic_global_era5_moda_ref1991to2020_201909.nc,0,0,-1.0181173086166382
026004,Futaleufú,2019,GENERALES,2019-10-27,2019-09-01,SPEI12_genlogistic_global_era5_moda_ref1991to2020_201909.nc,0,0,-0.3812428116798401
054009,Apóstoles,2019,GENERALES,2019-10-27,2019-09-01,SPEI12_genlogistic_global_era5_moda_ref1991to2020_201909.nc,0,0,-0.02358797751367092
022008,"General Donovan, Libertad, Presidencia de La Plaza, Tapenaga",2019,GENERALES,2019-10-27,2019-09-01,SPEI12_genlogistic_global_era5_moda_ref1991to2020_201909.nc,0,0,0.314797043800354
006037,"Puan, Villarino",2019,GENERALES,2019-10-27,2019-09-01,SPEI12_genlogistic_global_era5_moda_ref1991to2020_201909.nc,0,0,-1.1244394779205322
038005,"Cochinoca, Rinconada, Santa Catalina, Susques, Tumbaya, Yaví",2019,GENERALES,2019-10-27,2019-09-01,SPEI12_genlogistic_global_era5_moda_ref1991to2020_201909.nc,2.5352906435728073,0,-0.8281984925270081
086005,Robles,2019,GENERALES,2019-10-27,2019-09-01,SPEI12_genlogistic_global_era5_moda_ref1991to2020_201909.nc,0,0,-0.17185327410697937
030008,Diamante,2019,GENERALES,2019-10-27,2019-09-01,SPEI12_genlogistic_global_era5_moda_ref1991to2020_201909.nc,0,0,-0.32471850514411926
082015,Belgrano,2019,GENERALES,2019-10-27,2019-09-01,SPEI12_genlogistic_global_era5_moda_ref1991to2020_201909.nc,3.883623704314232,3.883623704314232,-0.7779266834259033
050011,General Alvear,2019,GENERALES,2019-10-27,2019-09-01,SPEI12_genlogistic_global_era5_moda_ref1991to2020_201909.nc,0,0,-1.2837319374084473
014017,Río Primero,2019,GENERALES,2019-10-27,2019-09-01,SPEI12_genlogistic_global_era5_moda_ref1991to2020_201909.nc,0,0,0.4502922296524048
006036,9 de Julio,2019,GENERALES,2019-10-27,2019-09-01,SPEI12_genlogistic_global_era5_moda_ref1991to2020_201909.nc,0,0,-0.7161029577255249
066006,General Güemes,2019,GENERALES,2019-10-27,2019-09-01,SPEI12_genlogistic_global_era5_moda_ref1991to2020_201909.nc,0,0,-0.05654565617442131
066005,"La Caldera, Rosario de Lerma",2019,GENERALES,2019-10-27,2019-09-01,SPEI12_genlogistic_global_era5_moda_ref1991to2020_201909.nc,53.219324350357056,0,-1.3032349348068237
054008,Libertador General San Martín,2019,GENERALES,2019-10-27,2019-09-01,SPEI12_genlogistic_global_era5_moda_ref1991to2020_201909.nc,0,0,-0.03882945701479912
070007,Santa Lucía,2019,GENERALES,2019-10-27,2019-09-01,SPEI12_genlogistic_global_era5_moda_ref1991to2020_201909.nc,0,0,-0.33720195293426514
018006,Paso de los Libres,2019,GENERALES,2019-10-27,2019-09-01,SPEI12_genlogistic_global_era5_moda_ref1991to2020_201909.nc,0,0,0.29767945408821106
022007,"9 de Julio, O'Higgins",2019,GENERALES,2019-10-27,2019-09-01,SPEI12_genlogistic_global_era5_moda_ref1991to2020_201909.nc,0,0,0.41319164633750916
006035,Chacabuco,2019,GENERALES,2019-10-27,2019-09-01,SPEI12_genlogistic_global_era5_moda_ref1991to2020_201909.nc,0,0,-0.36624783277511597
046002,Chilecito,2019,GENERALES,2019-10-27,2019-09-01,SPEI12_genlogistic_global_era5_moda_ref1991to2020_201909.nc,24.6724933385849,10.476535558700562,-1.189302682876587
014016,"Ischilín, Totoral",2019,GENERALES,2019-10-27,2019-09-01,SPEI12_genlogistic_global_era5_moda_ref1991to2020_201909.nc,0,0,-0.04002334922552109
050010,Tunuyán,2019,GENERALES,2019-10-27,2019-09-01,SPEI12_genlogistic_global_era5_moda_ref1991to2020_201909.nc,0,0,-1.205357551574707
006034,"Coronel Dorrego, Coronel Pringles, Monte Hermoso, Tornquist",2019,GENERALES,2019-10-27,2019-09-01,SPEI12_genlogistic_global_era5_moda_ref1991to2020_201909.nc,0,0,-0.9479112029075623
006033,"General Las Heras, Lobos",2019,GENERALES,2019-10-27,2019-09-01,SPEI12_genlogistic_global_era5_moda_ref1991to2020_201909.nc,2.41213645786047,2.41213645786047,-0.894406795501709
030007,Gualeguay,2019,GENERALES,2019-10-27,2019-09-01,SPEI12_genlogistic_global_era5_moda_ref1991to2020_201909.nc,0,0,-0.052466657012701035
014015,Calamuchita,2019,GENERALES,2019-10-27,2019-09-01,SPEI12_genlogistic_global_era5_moda_ref1991to2020_201909.nc,0,0,-0.13271358609199524
082014,Vera,2019,GENERALES,2019-10-27,2019-09-01,SPEI12_genlogistic_global_era5_moda_ref1991to2020_201909.nc,0,0,0.40788403153419495
006032,Marcos Paz,2019,GENERALES,2019-10-27,2019-09-01,SPEI12_genlogistic_global_era5_moda_ref1991to2020_201909.nc,0,0,-0.4974544942378998
070006,Pocito,2019,GENERALES,2019-10-27,2019-09-01,SPEI12_genlogistic_global_era5_moda_ref1991to2020_201909.nc,0,0,-0.4331057071685791
018005,"Curuzú Cuatiá, Sauce",2019,GENERALES,2019-10-27,2019-09-01,SPEI12_genlogistic_global_era5_moda_ref1991to2020_201909.nc,0,0,0.2154291719198227
014014,San Javier,2019,GENERALES,2019-10-27,2019-09-01,SPEI12_genlogistic_global_era5_moda_ref1991to2020_201909.nc,0,0,-0.5544694066047668
006031,Cañuelas,2019,GENERALES,2019-10-27,2019-09-01,SPEI12_genlogistic_global_era5_moda_ref1991to2020_201909.nc,0,0,-0.7570504546165466
006030,"Bolívar, General Alvear, Tapalqué",2019,GENERALES,2019-10-27,2019-09-01,SPEI12_genlogistic_global_era5_moda_ref1991to2020_201909.nc,0,0,-0.9562739729881287
054007,Cainguas,2019,GENERALES,2019-10-27,2019-09-01,SPEI12_genlogistic_global_era5_moda_ref1991to2020_201909.nc,0,0,-0.07760222256183624
058003,"Huiliches, Lácar, Los Lagos",2019,GENERALES,2019-10-27,2019-09-01,SPEI12_genlogistic_global_era5_moda_ref1991to2020_201909.nc,0,0,-0.30070486664772034
086004,Río Hondo,2019,GENERALES,2019-10-27,2019-09-01,SPEI12_genlogistic_global_era5_moda_ref1991to2020_201909.nc,0,0,-0.686211109161377
022006,Mayor Luis J. Fontana,2019,GENERALES,2019-10-27,2019-09-01,SPEI12_genlogistic_global_era5_moda_ref1991to2020_201909.nc,0,0,0.47532758116722107
090004,Leales,2019,GENERALES,2019-10-27,2019-09-01,SPEI12_genlogistic_global_era5_moda_ref1991to2020_201909.nc,0,0,-0.24357768893241882
058002,"Aluminé, Añelo, Catán-Lil, Collón-Cura, Loncopué, Minas, Ñorquin, Picún-Leufú, Picunches",2019,GENERALES,2019-10-27,2019-09-01,SPEI12_genlogistic_global_era5_moda_ref1991to2020_201909.nc,0,0,-0.2645140588283539
018004,"Berón de Astrada, Concepción, General Paz, San Roque",2019,GENERALES,2019-10-27,2019-09-01,SPEI12_genlogistic_global_era5_moda_ref1991to2020_201909.nc,0,0,-0.07238766551017761
050009,Rivadavia,2019,GENERALES,2019-10-27,2019-09-01,SPEI12_genlogistic_global_era5_moda_ref1991to2020_201909.nc,0,0,-0.4593420922756195
006029,Ensenada,2019,GENERALES,2019-10-27,2019-09-01,SPEI12_genlogistic_global_era5_moda_ref1991to2020_201909.nc,0,0,-0.37031975388526917
006028,Tres Arroyos,2019,GENERALES,2019-10-27,2019-09-01,SPEI12_genlogistic_global_era5_moda_ref1991to2020_201909.nc,0,0,-0.07276464253664017
066004,Anta,2019,GENERALES,2019-10-27,2019-09-01,SPEI12_genlogistic_global_era5_moda_ref1991to2020_201909.nc,0,0,1.1323928833007813
054006,San Ignacio,2019,GENERALES,2019-10-27,2019-09-01,SPEI12_genlogistic_global_era5_moda_ref1991to2020_201909.nc,0,0,0.04576139897108078
042002,Maracó,2019,GENERALES,2019-10-27,2019-09-01,SPEI12_genlogistic_global_era5_moda_ref1991to2020_201909.nc,0,0,-0.9046674966812134
062003,Adolfo Alsina,2019,GENERALES,2019-10-27,2019-09-01,SPEI12_genlogistic_global_era5_moda_ref1991to2020_201909.nc,0,0,-0.24062396585941315
006027,San Pedro,2019,GENERALES,2019-10-27,2019-09-01,SPEI12_genlogistic_global_era5_moda_ref1991to2020_201909.nc,0,0,0.30442821979522705
018003,Santo Tomé,2019,GENERALES,2019-10-27,2019-09-01,SPEI12_genlogistic_global_era5_moda_ref1991to2020_201909.nc,0,0,-0.019768258556723595
006026,"Alberti, Roque Pérez, 25 de Mayo",2019,GENERALES,2019-10-27,2019-09-01,SPEI12_genlogistic_global_era5_moda_ref1991to2020_201909.nc,0,0,-0.8910414576530457
006025,"Chascomus, Magdalena, Punta Indio",2019,GENERALES,2019-10-27,2019-09-01,SPEI12_genlogistic_global_era5_moda_ref1991to2020_201909.nc,0,0,-0.9127275347709656
006024,"General Viamonte, Lincoln",2019,GENERALES,2019-10-27,2019-09-01,SPEI12_genlogistic_global_era5_moda_ref1991to2020_201909.nc,0,0,-0.3470797836780548
022005,"San Lorenzo, Sargento Cabral, 25 de Mayo",2019,GENERALES,2019-10-27,2019-09-01,SPEI12_genlogistic_global_era5_moda_ref1991to2020_201909.nc,0,0,0.26329806447029114
006023,Coronel de Marine L. Rosales,2019,GENERALES,2019-10-27,2019-09-01,SPEI12_genlogistic_global_era5_moda_ref1991to2020_201909.nc,0,0,-1.2775217294692993
006022,"Balcarce, Lobería",2019,GENERALES,2019-10-27,2019-09-01,SPEI12_genlogistic_global_era5_moda_ref1991to2020_201909.nc,0,0,-0.5554666519165039
006021,Mercedes,2019,GENERALES,2019-10-27,2019-09-01,SPEI12_genlogistic_global_era5_moda_ref1991to2020_201909.nc,73.36280345916748,73.36280345916748,-6.171577453613281
014013,Juárez Celman,2019,GENERALES,2019-10-27,2019-09-01,SPEI12_genlogistic_global_era5_moda_ref1991to2020_201909.nc,0,0,-0.33606866002082825
070005,"Angaco, Caucete, 25 de Mayo",2019,GENERALES,2019-10-27,2019-09-01,SPEI12_genlogistic_global_era5_moda_ref1991to2020_201909.nc,0,0,-0.41432905197143555
082013,San Martín,2019,GENERALES,2019-10-27,2019-09-01,SPEI12_genlogistic_global_era5_moda_ref1991to2020_201909.nc,24.609093368053436,24.609093368053436,-2.3579702377319336
006020,Chivilcoy,2019,GENERALES,2019-10-27,2019-09-01,SPEI12_genlogistic_global_era5_moda_ref1991to2020_201909.nc,0,0,-0.6973685622215271
006019,Azul,2019,GENERALES,2019-10-27,2019-09-01,SPEI12_genlogistic_global_era5_moda_ref1991to2020_201909.nc,0,0,-0.499428391456604
082012,Iriondo,2019,GENERALES,2019-10-27,2019-09-01,SPEI12_genlogistic_global_era5_moda_ref1991to2020_201909.nc,0,0,-0.6176586151123047
086003,"Alberdi, Juan F. Ibarra, Moreno",2019,GENERALES,2019-10-27,2019-09-01,SPEI12_genlogistic_global_era5_moda_ref1991to2020_201909.nc,0,0,0.512016236782074
082011,San Cristóbal,2019,GENERALES,2019-10-27,2019-09-01,SPEI12_genlogistic_global_era5_moda_ref1991to2020_201909.nc,0,0,0.5669223666191101
022004,General Güemes,2019,GENERALES,2019-10-27,2019-09-01,SPEI12_genlogistic_global_era5_moda_ref1991to2020_201909.nc,0,0,1.1881135702133179
030006,La Paz,2019,GENERALES,2019-10-27,2019-09-01,SPEI12_genlogistic_global_era5_moda_ref1991to2020_201909.nc,0,0,0.48330068588256836
030005,Federación,2019,GENERALES,2019-10-27,2019-09-01,SPEI12_genlogistic_global_era5_moda_ref1991to2020_201909.nc,0,0,0.6391721367835999
054005,Guaraní,2019,GENERALES,2019-10-27,2019-09-01,SPEI12_genlogistic_global_era5_moda_ref1991to2020_201909.nc,0,0,-0.28068968653678894
014012,"Cruz del Eje, Minas, Pocho",2019,GENERALES,2019-10-27,2019-09-01,SPEI12_genlogistic_global_era5_moda_ref1991to2020_201909.nc,0,0,-0.09553813189268112
022003,"Libertador General San Martín, 1 de Mayo",2019,GENERALES,2019-10-27,2019-09-01,SPEI12_genlogistic_global_era5_moda_ref1991to2020_201909.nc,0,0,-0.09373816102743149
094001,"Río Grande, Antarctic Argentina",2019,GENERALES,2019-10-27,2019-09-01,SPEI12_genlogistic_global_era5_moda_ref1991to2020_201909.nc,0,0,0.36823493242263794
006018,"General Lavalle, La Costa",2019,GENERALES,2019-10-27,2019-09-01,SPEI12_genlogistic_global_era5_moda_ref1991to2020_201909.nc,0,0,-0.4469887614250183
038004,San Pedro,2019,GENERALES,2019-10-27,2019-09-01,SPEI12_genlogistic_global_era5_moda_ref1991to2020_201909.nc,0,0,0.48547056317329407
054004,El Dorado,2019,GENERALES,2019-10-27,2019-09-01,SPEI12_genlogistic_global_era5_moda_ref1991to2020_201909.nc,0,0,-0.07041453570127487
082010,Caseros,2019,GENERALES,2019-10-27,2019-09-01,SPEI12_genlogistic_global_era5_moda_ref1991to2020_201909.nc,0,0,-0.2061712145805359
026003,Biedma,2019,GENERALES,2019-10-27,2019-09-01,SPEI12_genlogistic_global_era5_moda_ref1991to2020_201909.nc,0,0,0.35300299525260925
082009,San Jerónimo,2019,GENERALES,2019-10-27,2019-09-01,SPEI12_genlogistic_global_era5_moda_ref1991to2020_201909.nc,0,0,-0.31693485379219055
054003,Iguazú,2019,GENERALES,2019-10-27,2019-09-01,SPEI12_genlogistic_global_era5_moda_ref1991to2020_201909.nc,0,0,-0.2797563076019287
034004,"Bermejo, Patiño",2019,GENERALES,2019-10-27,2019-09-01,SPEI12_genlogistic_global_era5_moda_ref1991to2020_201909.nc,0,0,1.2573336362838745
006017,"Presidente Perón, San Vicente",2019,GENERALES,2019-10-27,2019-09-01,SPEI12_genlogistic_global_era5_moda_ref1991to2020_201909.nc,0,0,-0.7100297808647156
070004,Rivadavia,2019,GENERALES,2019-10-27,2019-09-01,SPEI12_genlogistic_global_era5_moda_ref1991to2020_201909.nc,0,0,-0.5273901224136353
034003,Pilcomayo,2019,GENERALES,2019-10-27,2019-09-01,SPEI12_genlogistic_global_era5_moda_ref1991to2020_201909.nc,0,0,-0.3278438150882721
006016,General Rodríguez,2019,GENERALES,2019-10-27,2019-09-01,SPEI12_genlogistic_global_era5_moda_ref1991to2020_201909.nc,0.23894780315458775,0.23894780315458775,-0.4646477699279785
070003,Chimbas,2019,GENERALES,2019-10-27,2019-09-01,SPEI12_genlogistic_global_era5_moda_ref1991to2020_201909.nc,0,0,-0.33967918157577515
006015,Berisso,2019,GENERALES,2019-10-27,2019-09-01,SPEI12_genlogistic_global_era5_moda_ref1991to2020_201909.nc,0,0,-0.44773611426353455
082008,Constitución,2019,GENERALES,2019-10-27,2019-09-01,SPEI12_genlogistic_global_era5_moda_ref1991to2020_201909.nc,0,0,0.028455417603254318
006014,Junín,2019,GENERALES,2019-10-27,2019-09-01,SPEI12_genlogistic_global_era5_moda_ref1991to2020_201909.nc,0,0,-0.022339073941111565
018002,Goya,2019,GENERALES,2019-10-27,2019-09-01,SPEI12_genlogistic_global_era5_moda_ref1991to2020_201909.nc,0,0,0.4088784158229828
006013,Necochea,2019,GENERALES,2019-10-27,2019-09-01,SPEI12_genlogistic_global_era5_moda_ref1991to2020_201909.nc,0,0,-0.27128276228904724
006012,Campana,2019,GENERALES,2019-10-27,2019-09-01,SPEI12_genlogistic_global_era5_moda_ref1991to2020_201909.nc,0,0,0.2508695125579834
014011,Santa María,2019,GENERALES,2019-10-27,2019-09-01,SPEI12_genlogistic_global_era5_moda_ref1991to2020_201909.nc,0,0,0.4266988933086395
022002,Comandante Fernandez,2019,GENERALES,2019-10-27,2019-09-01,SPEI12_genlogistic_global_era5_moda_ref1991to2020_201909.nc,0,0,0.005424816161394119
090003,"Chicligasta, Granero, Juan Bautista Alberdi, La Cocha, Monteros, Río Chico, Simoca",2019,GENERALES,2019-10-27,2019-09-01,SPEI12_genlogistic_global_era5_moda_ref1991to2020_201909.nc,6.132865697145462,0,-0.6470080018043518
034002,"Laishi, Pilagás, Pirané",2019,GENERALES,2019-10-27,2019-09-01,SPEI12_genlogistic_global_era5_moda_ref1991to2020_201909.nc,0,0,0.18614406883716583
038003,"Ledesma, Santa Bárbara",2019,GENERALES,2019-10-27,2019-09-01,SPEI12_genlogistic_global_era5_moda_ref1991to2020_201909.nc,0,0,0.7532832026481628
030004,Uruguay,2019,GENERALES,2019-10-27,2019-09-01,SPEI12_genlogistic_global_era5_moda_ref1991to2020_201909.nc,0,0,0.546525776386261
038002,"El Carmen, San Antonio",2019,GENERALES,2019-10-27,2019-09-01,SPEI12_genlogistic_global_era5_moda_ref1991to2020_201909.nc,28.635036945343018,18.444646894931793,-0.8274929523468018
014010,Marcos Juárez,2019,GENERALES,2019-10-27,2019-09-01,SPEI12_genlogistic_global_era5_moda_ref1991to2020_201909.nc,0,0,-0.19253656268119812
014009,Unión,2019,GENERALES,2019-10-27,2019-09-01,SPEI12_genlogistic_global_era5_moda_ref1991to2020_201909.nc,0,0,-0.1934603750705719
042001,Capital,2019,GENERALES,2019-10-27,2019-09-01,SPEI12_genlogistic_global_era5_moda_ref1991to2020_201909.nc,0,0,-0.9318154454231262
014008,Río Segundo,2019,GENERALES,2019-10-27,2019-09-01,SPEI12_genlogistic_global_era5_moda_ref1991to2020_201909.nc,0,0,0.36420193314552307
082007,Las Colonias,2019,GENERALES,2019-10-27,2019-09-01,SPEI12_genlogistic_global_era5_moda_ref1991to2020_201909.nc,0,0,-0.14720575511455536
006011,Luján,2019,GENERALES,2019-10-27,2019-09-01,SPEI12_genlogistic_global_era5_moda_ref1991to2020_201909.nc,22.640064358711243,22.640064358711243,-2.142432451248169
078002,Deseado,2019,GENERALES,2019-10-27,2019-09-01,SPEI12_genlogistic_global_era5_moda_ref1991to2020_201909.nc,0,0,-0.7400642037391663
006010,Pergamino,2019,GENERALES,2019-10-27,2019-09-01,SPEI12_genlogistic_global_era5_moda_ref1991to2020_201909.nc,21.25394493341446,21.25394493341446,-1.514404535293579
054002,Oberá,2019,GENERALES,2019-10-27,2019-09-01,SPEI12_genlogistic_global_era5_moda_ref1991to2020_201909.nc,0,0,0.004385317675769329
006009,Olavarría,2019,GENERALES,2019-10-27,2019-09-01,SPEI12_genlogistic_global_era5_moda_ref1991to2020_201909.nc,0,0,-0.974564790725708
070002,Capital,2019,GENERALES,2019-10-27,2019-09-01,SPEI12_genlogistic_global_era5_moda_ref1991to2020_201909.nc,0,0,-0.33720195293426514
014007,Tercero Arriba,2019,GENERALES,2019-10-27,2019-09-01,SPEI12_genlogistic_global_era5_moda_ref1991to2020_201909.nc,0,0,0.162105530500412
030003,"Gualeguaychú, Islas del Ibicuy",2019,GENERALES,2019-10-27,2019-09-01,SPEI12_genlogistic_global_era5_moda_ref1991to2020_201909.nc,0,0,0.39705270528793335
050008,Capital,2019,GENERALES,2019-10-27,2019-09-01,SPEI12_genlogistic_global_era5_moda_ref1991to2020_201909.nc,0,0,-0.6055976748466492
006008,Zárate,2019,GENERALES,2019-10-27,2019-09-01,SPEI12_genlogistic_global_era5_moda_ref1991to2020_201909.nc,0,0,0.29610270261764526
078001,Guer Aike,2019,GENERALES,2019-10-27,2019-09-01,SPEI12_genlogistic_global_era5_moda_ref1991to2020_201909.nc,0,0,-0.1466195434331894
070001,Rawson,2019,GENERALES,2019-10-27,2019-09-01,SPEI12_genlogistic_global_era5_moda_ref1991to2020_201909.nc,0,0,-0.31292659044265747
050007,Luján de Cuyo,2019,GENERALES,2019-10-27,2019-09-01,SPEI12_genlogistic_global_era5_moda_ref1991to2020_201909.nc,38.172903656959534,0,-1.2770280838012695
050006,San Martín,2019,GENERALES,2019-10-27,2019-09-01,SPEI12_genlogistic_global_era5_moda_ref1991to2020_201909.nc,0,0,-0.05042289197444916
006007,Tandil,2019,GENERALES,2019-10-27,2019-09-01,SPEI12_genlogistic_global_era5_moda_ref1991to2020_201909.nc,0,0,-0.5108380317687988
014006,General San Martín,2019,GENERALES,2019-10-27,2019-09-01,SPEI12_genlogistic_global_era5_moda_ref1991to2020_201909.nc,0,0,-0.10221654921770096
062002,Bariloche,2019,GENERALES,2019-10-27,2019-09-01,SPEI12_genlogistic_global_era5_moda_ref1991to2020_201909.nc,13.064639270305634,13.064639270305634,-1.4846680164337158
026002,Rawson,2019,GENERALES,2019-10-27,2019-09-01,SPEI12_genlogistic_global_era5_moda_ref1991to2020_201909.nc,0,0,0.4101632833480835
074002,"General Pedernera, Gobernador Dupuy",2019,GENERALES,2019-10-27,2019-09-01,SPEI12_genlogistic_global_era5_moda_ref1991to2020_201909.nc,0,0,-1.1350523233413696
086002,Banda,2019,GENERALES,2019-10-27,2019-09-01,SPEI12_genlogistic_global_era5_moda_ref1991to2020_201909.nc,0,0,-0.26982492208480835
006006,San Nicolás,2019,GENERALES,2019-10-27,2019-09-01,SPEI12_genlogistic_global_era5_moda_ref1991to2020_201909.nc,0,0,-0.08555997163057327
066003,"Iruya, Orán, Santa Victoria",2019,GENERALES,2019-10-27,2019-09-01,SPEI12_genlogistic_global_era5_moda_ref1991to2020_201909.nc,0,0,0.2737858295440674
082006,San Lorenzo,2019,GENERALES,2019-10-27,2019-09-01,SPEI12_genlogistic_global_era5_moda_ref1991to2020_201909.nc,0,0,-0.4919353425502777
066002,General Jose de San Martín,2019,GENERALES,2019-10-27,2019-09-01,SPEI12_genlogistic_global_era5_moda_ref1991to2020_201909.nc,0,0,1.0817240476608276
010001,Capital,2019,GENERALES,2019-10-27,2019-09-01,SPEI12_genlogistic_global_era5_moda_ref1991to2020_201909.nc,6.143235415220261,6.143235415220261,-1.0754072666168213
006092,San Fernando,2019,GENERALES,2019-10-27,2019-09-01,SPEI12_genlogistic_global_era5_moda_ref1991to2020_201909.nc,0,0,0.24484145641326904
014005,Punilla,2019,GENERALES,2019-10-27,2019-09-01,SPEI12_genlogistic_global_era5_moda_ref1991to2020_201909.nc,0,0,0.1654936820268631
050005,Maipú,2019,GENERALES,2019-10-27,2019-09-01,SPEI12_genlogistic_global_era5_moda_ref1991to2020_201909.nc,0,0,-0.36846181750297546
082005,General Obligado,2019,GENERALES,2019-10-27,2019-09-01,SPEI12_genlogistic_global_era5_moda_ref1991to2020_201909.nc,0,0,0.16234883666038513
082004,Castellanos,2019,GENERALES,2019-10-27,2019-09-01,SPEI12_genlogistic_global_era5_moda_ref1991to2020_201909.nc,0,0,-0.07728546857833862
046001,Capital,2019,GENERALES,2019-10-27,2019-09-01,SPEI12_genlogistic_global_era5_moda_ref1991to2020_201909.nc,0.47701415605843067,0,-0.3946138918399811
090002,Cruz Alta,2019,GENERALES,2019-10-27,2019-09-01,SPEI12_genlogistic_global_era5_moda_ref1991to2020_201909.nc,0,0,-0.1461433619260788
030002,"Colón, Concordia, Federal, Feliciano, San Salvador, Villaguay",2019,GENERALES,2019-10-27,2019-09-01,SPEI12_genlogistic_global_era5_moda_ref1991to2020_201909.nc,0,0,0.6753113865852356
050004,San Rafael,2019,GENERALES,2019-10-27,2019-09-01,SPEI12_genlogistic_global_era5_moda_ref1991to2020_201909.nc,8.242393285036087,2.236138842999935,-1.197369933128357
026001,Escalante,2019,GENERALES,2019-10-27,2019-09-01,SPEI12_genlogistic_global_era5_moda_ref1991to2020_201909.nc,0,0,-0.4903331995010376
082003,General López,2019,GENERALES,2019-10-27,2019-09-01,SPEI12_genlogistic_global_era5_moda_ref1991to2020_201909.nc,0,0,-0.1675901859998703
050003,Godoy Cruz,2019,GENERALES,2019-10-27,2019-09-01,SPEI12_genlogistic_global_era5_moda_ref1991to2020_201909.nc,0,0,-0.5809767842292786
074001,La Capital,2019,GENERALES,2019-10-27,2019-09-01,SPEI12_genlogistic_global_era5_moda_ref1991to2020_201909.nc,0.07944651879370213,0,-0.7776975035667419
014004,San Justo,2019,GENERALES,2019-10-27,2019-09-01,SPEI12_genlogistic_global_era5_moda_ref1991to2020_201909.nc,0,0,0.14316381514072418
050002,Las Heras,2019,GENERALES,2019-10-27,2019-09-01,SPEI12_genlogistic_global_era5_moda_ref1991to2020_201909.nc,9.11523923277855,0.5138172768056393,-1.0659805536270142
006005,Escobar,2019,GENERALES,2019-10-27,2019-09-01,SPEI12_genlogistic_global_era5_moda_ref1991to2020_201909.nc,0,0,0.12884515523910522
014003,Colón,2019,GENERALES,2019-10-27,2019-09-01,SPEI12_genlogistic_global_era5_moda_ref1991to2020_201909.nc,0,0,0.4218151867389679
034001,Formosa,2019,GENERALES,2019-10-27,2019-09-01,SPEI12_genlogistic_global_era5_moda_ref1991to2020_201909.nc,0,0,0.03147237375378609
014002,Río Cuarto,2019,GENERALES,2019-10-27,2019-09-01,SPEI12_genlogistic_global_era5_moda_ref1991to2020_201909.nc,0,0,-0.5845093131065369
038001,"Dr. Manuel Belgrano, Palpalá",2019,GENERALES,2019-10-27,2019-09-01,SPEI12_genlogistic_global_era5_moda_ref1991to2020_201909.nc,34.60769057273865,15.562289953231812,-1.2260993719100952
086001,Capital,2019,GENERALES,2019-10-27,2019-09-01,SPEI12_genlogistic_global_era5_moda_ref1991to2020_201909.nc,0,0,-0.8387588262557983
006091,Vicente López,2019,GENERALES,2019-10-27,2019-09-01,SPEI12_genlogistic_global_era5_moda_ref1991to2020_201909.nc,0,0,-0.13919875025749207
050001,Guaymallén,2019,GENERALES,2019-10-27,2019-09-01,SPEI12_genlogistic_global_era5_moda_ref1991to2020_201909.nc,0,0,-0.5626105070114136
006090,San Isidro,2019,GENERALES,2019-10-27,2019-09-01,SPEI12_genlogistic_global_era5_moda_ref1991to2020_201909.nc,0,0,-0.13919875025749207
006004,Bahía Blanca,2019,GENERALES,2019-10-27,2019-09-01,SPEI12_genlogistic_global_era5_moda_ref1991to2020_201909.nc,0,0,-1.1557530164718628
006003,Pilar,2019,GENERALES,2019-10-27,2019-09-01,SPEI12_genlogistic_global_era5_moda_ref1991to2020_201909.nc,0,0,-0.15574832260608673
006089,"Esteban Echeverría, Ezeiza",2019,GENERALES,2019-10-27,2019-09-01,SPEI12_genlogistic_global_era5_moda_ref1991to2020_201909.nc,0,0,-0.45367464423179626
062001,General Roca,2019,GENERALES,2019-10-27,2019-09-01,SPEI12_genlogistic_global_era5_moda_ref1991to2020_201909.nc,0,0,-0.8169034719467163
006088,"Hurlingham, Ituzaingo, Morón",2019,GENERALES,2019-10-27,2019-09-01,SPEI12_genlogistic_global_era5_moda_ref1991to2020_201909.nc,0,0,-0.2297426462173462
054001,"Capital, Leandro N. Alem",2019,GENERALES,2019-10-27,2019-09-01,SPEI12_genlogistic_global_era5_moda_ref1991to2020_201909.nc,0,0,-0.10117322206497192
006087,Berazategui,2019,GENERALES,2019-10-27,2019-09-01,SPEI12_genlogistic_global_era5_moda_ref1991to2020_201909.nc,0,0,-0.337091863155365
006086,"General Sarmiento, Jose C. Paz, Malvinas Argentinas, San Miguel",2019,GENERALES,2019-10-27,2019-09-01,SPEI12_genlogistic_global_era5_moda_ref1991to2020_201909.nc,0,0,-0.07292012125253677
030001,Parana,2019,GENERALES,2019-10-27,2019-09-01,SPEI12_genlogistic_global_era5_moda_ref1991to2020_201909.nc,0,0,0.17577007412910461
006085,Tres de Febrero,2019,GENERALES,2019-10-27,2019-09-01,SPEI12_genlogistic_global_era5_moda_ref1991to2020_201909.nc,0,0,-0.15097685158252716
006084,Avellaneda,2019,GENERALES,2019-10-27,2019-09-01,SPEI12_genlogistic_global_era5_moda_ref1991to2020_201909.nc,0,0,-0.24360163509845734
018001,Capital,2019,GENERALES,2019-10-27,2019-09-01,SPEI12_genlogistic_global_era5_moda_ref1991to2020_201909.nc,0,0,-0.2132570594549179
058001,Confluencia,2019,GENERALES,2019-10-27,2019-09-01,SPEI12_genlogistic_global_era5_moda_ref1991to2020_201909.nc,0,0,-0.311329185962677
006083,Tigre,2019,GENERALES,2019-10-27,2019-09-01,SPEI12_genlogistic_global_era5_moda_ref1991to2020_201909.nc,0,0,0.012416076846420765
022001,San Fernando,2019,GENERALES,2019-10-27,2019-09-01,SPEI12_genlogistic_global_era5_moda_ref1991to2020_201909.nc,0,0,-0.2406558245420456
006082,General San Martín,2019,GENERALES,2019-10-27,2019-09-01,SPEI12_genlogistic_global_era5_moda_ref1991to2020_201909.nc,0,0,-0.13919875025749207
006081,Florencio Varela,2019,GENERALES,2019-10-27,2019-09-01,SPEI12_genlogistic_global_era5_moda_ref1991to2020_201909.nc,0,0,-0.4180344045162201
006080,Moreno,2019,GENERALES,2019-10-27,2019-09-01,SPEI12_genlogistic_global_era5_moda_ref1991to2020_201909.nc,0,0,-0.1889488697052002
006079,Lanus,2019,GENERALES,2019-10-27,2019-09-01,SPEI12_genlogistic_global_era5_moda_ref1991to2020_201909.nc,0,0,-0.27259090542793274
082002,La Capital,2019,GENERALES,2019-10-27,2019-09-01,SPEI12_genlogistic_global_era5_moda_ref1991to2020_201909.nc,0,0,-0.10994391143321991
066001,Capital,2019,GENERALES,2019-10-27,2019-09-01,SPEI12_genlogistic_global_era5_moda_ref1991to2020_201909.nc,22.539593279361725,0,-0.8710150122642517
006078,Merlo,2019,GENERALES,2019-10-27,2019-09-01,SPEI12_genlogistic_global_era5_moda_ref1991to2020_201909.nc,0,0,-0.36084890365600586
006077,Almirante Brown,2019,GENERALES,2019-10-27,2019-09-01,SPEI12_genlogistic_global_era5_moda_ref1991to2020_201909.nc,0,0,-0.31101980805397034
006076,Quilmes,2019,GENERALES,2019-10-27,2019-09-01,SPEI12_genlogistic_global_era5_moda_ref1991to2020_201909.nc,0,0,-0.23870499432086945
006002,General Pueyrredón,2019,GENERALES,2019-10-27,2019-09-01,SPEI12_genlogistic_global_era5_moda_ref1991to2020_201909.nc,0,0,-0.5851940512657166
006075,Lomas de Zamora,2019,GENERALES,2019-10-27,2019-09-01,SPEI12_genlogistic_global_era5_moda_ref1991to2020_201909.nc,0,0,-0.27966034412384033
006001,La Plata,2019,GENERALES,2019-10-27,2019-09-01,SPEI12_genlogistic_global_era5_moda_ref1991to2020_201909.nc,0,0,-0.5493422150611877
002001,City of Buenos Aires,2019,GENERALES,2019-10-27,2019-09-01,SPEI12_genlogistic_global_era5_moda_ref1991to2020_201909.nc,0,0,-0.20069512724876404
090001,"Famaillá, Lules, Capital, Tafí del Valle, Tafí Viajo, Trancas, Yerba Buena",2019,GENERALES,2019-10-27,2019-09-01,SPEI12_genlogistic_global_era5_moda_ref1991to2020_201909.nc,26.795461773872375,4.7511763870716095,-0.9990527033805847
082001,Rosario,2019,GENERALES,2019-10-27,2019-09-01,SPEI12_genlogistic_global_era5_moda_ref1991to2020_201909.nc,0,0,-0.40099549293518066
014001,Capital,2019,GENERALES,2019-10-27,2019-09-01,SPEI12_genlogistic_global_era5_moda_ref1991to2020_201909.nc,0,0,0.5209486484527588
006074,La Matanza,2019,GENERALES,2019-10-27,2019-09-01,SPEI12_genlogistic_global_era5_moda_ref1991to2020_201909.nc,0,0,-0.3469139039516449
094002,Ushuaia,2019,GENERALES,2019-10-27,2019-09-01,SPEI12_genlogistic_global_era5_moda_ref1991to2020_201909.nc,0,0,0.492355614900589
006072,Saavedra,2021,PASO,2021-09-12,2021-08-01,SPEI12_genlogistic_global_era5_moda_ref1991to2020_202108.nc,0,0,-1.240278959274292
006073,"Castelli, Maipú, Tordillo",2021,PASO,2021-09-12,2021-08-01,SPEI12_genlogistic_global_era5_moda_ref1991to2020_202108.nc,0,0,-1.0374075174331665
066013,Chicoana,2021,PASO,2021-09-12,2021-08-01,SPEI12_genlogistic_global_era5_moda_ref1991to2020_202108.nc,100,51.832711696624756,-1.929269552230835
018016,"General Alvear, San Martín",2021,PASO,2021-09-12,2021-08-01,SPEI12_genlogistic_global_era5_moda_ref1991to2020_202108.nc,100,23.204198479652405,-1.930694580078125
006071,"General La Madrid, Laprida",2021,PASO,2021-09-12,2021-08-01,SPEI12_genlogistic_global_era5_moda_ref1991to2020_202108.nc,0,0,-0.8865503072738647
070012,"9 de Julio, San Martín",2021,PASO,2021-09-12,2021-08-01,SPEI12_genlogistic_global_era5_moda_ref1991to2020_202108.nc,0,0,-1.0287061929702759
006070,Monte,2021,PASO,2021-09-12,2021-08-01,SPEI12_genlogistic_global_era5_moda_ref1991to2020_202108.nc,0,0,-1.0798918008804321
006069,Mar Chiquita,2021,PASO,2021-09-12,2021-08-01,SPEI12_genlogistic_global_era5_moda_ref1991to2020_202108.nc,0,0,-0.7870151996612549
062007,"Conesa, Pichi Mahuida",2021,PASO,2021-09-12,2021-08-01,SPEI12_genlogistic_global_era5_moda_ref1991to2020_202108.nc,37.941259145736694,0,-1.4280437231063843
046006,"Chamical, General Belgrano",2021,PASO,2021-09-12,2021-08-01,SPEI12_genlogistic_global_era5_moda_ref1991to2020_202108.nc,42.58357286453247,0,-1.4861369132995605
078004,"Lago Buenos Aires, Magallanes, Río Chico",2021,PASO,2021-09-12,2021-08-01,SPEI12_genlogistic_global_era5_moda_ref1991to2020_202108.nc,43.988922238349915,4.818686470389366,-1.407057762145996
082019,Garay,2021,PASO,2021-09-12,2021-08-01,SPEI12_genlogistic_global_era5_moda_ref1991to2020_202108.nc,8.942480385303497,0,-1.4131484031677246
086015,Avellaneda,2021,PASO,2021-09-12,2021-08-01,SPEI12_genlogistic_global_era5_moda_ref1991to2020_202108.nc,94.71426606178284,0,-1.6641703844070435
066012,"Cafayate, La Vina",2021,PASO,2021-09-12,2021-08-01,SPEI12_genlogistic_global_era5_moda_ref1991to2020_202108.nc,49.028706550598145,22.86607176065445,-1.4585614204406738
074005,Chacabuco,2021,PASO,2021-09-12,2021-08-01,SPEI12_genlogistic_global_era5_moda_ref1991to2020_202108.nc,22.7695032954216,0,-1.1232918500900269
042007,"Hucal, Utracán",2021,PASO,2021-09-12,2021-08-01,SPEI12_genlogistic_global_era5_moda_ref1991to2020_202108.nc,23.2303649187088,5.929327383637428,-1.2981929779052734
070011,Sarmiento,2021,PASO,2021-09-12,2021-08-01,SPEI12_genlogistic_global_era5_moda_ref1991to2020_202108.nc,56.53989911079407,0,-1.5738502740859985
006068,Carlos Casares,2021,PASO,2021-09-12,2021-08-01,SPEI12_genlogistic_global_era5_moda_ref1991to2020_202108.nc,100,3.063526935875416,-1.8966960906982422
026006,"Cushamen, Languiñeo",2021,PASO,2021-09-12,2021-08-01,SPEI12_genlogistic_global_era5_moda_ref1991to2020_202108.nc,91.3614571094513,78.45147848129272,-2.5594441890716553
018015,"Itatí, San Cosme",2021,PASO,2021-09-12,2021-08-01,SPEI12_genlogistic_global_era5_moda_ref1991to2020_202108.nc,100,23.49836379289627,-1.9551522731781006
086014,"Figueroa, Sarmiento",2021,PASO,2021-09-12,2021-08-01,SPEI12_genlogistic_global_era5_moda_ref1991to2020_202108.nc,100,0,-1.6847026348114014
006067,San Andrés de Giles,2021,PASO,2021-09-12,2021-08-01,SPEI12_genlogistic_global_era5_moda_ref1991to2020_202108.nc,82.39288926124573,0,-1.552449345588684
010007,"Antofagasta de la Sierra, Tinogasta",2021,PASO,2021-09-12,2021-08-01,SPEI12_genlogistic_global_era5_moda_ref1991to2020_202108.nc,17.38121658563614,7.231612503528595,-1.0540664196014404
018014,Saladas,2021,PASO,2021-09-12,2021-08-01,SPEI12_genlogistic_global_era5_moda_ref1991to2020_202108.nc,100,0,-1.7448022365570068
046005,"Arauco, Castro Barros, San Blas de los Sauces",2021,PASO,2021-09-12,2021-08-01,SPEI12_genlogistic_global_era5_moda_ref1991to2020_202108.nc,100,49.084118008613586,-1.9897329807281494
006066,Rojas,2021,PASO,2021-09-12,2021-08-01,SPEI12_genlogistic_global_era5_moda_ref1991to2020_202108.nc,0,0,-1.1779173612594604
006065,"Carlos Tejedor, Florentino Ameghino, General Pinto",2021,PASO,2021-09-12,2021-08-01,SPEI12_genlogistic_global_era5_moda_ref1991to2020_202108.nc,54.667484760284424,3.209410235285759,-1.5517232418060303
086013,"Aguirre, Belgrano, Mitre, Rivadavia",2021,PASO,2021-09-12,2021-08-01,SPEI12_genlogistic_global_era5_moda_ref1991to2020_202108.nc,81.93421363830566,0,-1.728527545928955
070010,"Calingasta, Iglesia, Ullúm, Zonda",2021,PASO,2021-09-12,2021-08-01,SPEI12_genlogistic_global_era5_moda_ref1991to2020_202108.nc,81.80517554283142,58.970463275909424,-2.2910873889923096
086012,"Ojo de Agua, Quebrachos",2021,PASO,2021-09-12,2021-08-01,SPEI12_genlogistic_global_era5_moda_ref1991to2020_202108.nc,99.98452067375183,0,-1.6508535146713257
070009,Albardón,2021,PASO,2021-09-12,2021-08-01,SPEI12_genlogistic_global_era5_moda_ref1991to2020_202108.nc,0.27568561490625143,0.27568561490625143,-1.336717128753662
022015,Maipú,2021,PASO,2021-09-12,2021-08-01,SPEI12_genlogistic_global_era5_moda_ref1991to2020_202108.nc,98.42793345451355,0,-1.628612995147705
006064,Las Flores,2021,PASO,2021-09-12,2021-08-01,SPEI12_genlogistic_global_era5_moda_ref1991to2020_202108.nc,0,0,-1.142145037651062
006063,Colón,2021,PASO,2021-09-12,2021-08-01,SPEI12_genlogistic_global_era5_moda_ref1991to2020_202108.nc,0,0,-1.0904183387756348
022014,Bermejo,2021,PASO,2021-09-12,2021-08-01,SPEI12_genlogistic_global_era5_moda_ref1991to2020_202108.nc,100,0,-1.9170044660568237
006062,"Adolfo Alsina, Salliqueló",2021,PASO,2021-09-12,2021-08-01,SPEI12_genlogistic_global_era5_moda_ref1991to2020_202108.nc,1.6206515952944756,0,-1.3259838819503784
030011,Tala,2021,PASO,2021-09-12,2021-08-01,SPEI12_genlogistic_global_era5_moda_ref1991to2020_202108.nc,100,31.005460023880005,-1.8804924488067627
042006,"Caleu-Caleu, Cura-Co, Chalileo, Chical-Có, Lihuel Calel, Limay Mahuida, Leventué, Puelén",2021,PASO,2021-09-12,2021-08-01,SPEI12_genlogistic_global_era5_moda_ref1991to2020_202108.nc,8.582190424203873,0.6770969834178686,-1.0093568563461304
050017,"La Paz, Santa Rosa",2021,PASO,2021-09-12,2021-08-01,SPEI12_genlogistic_global_era5_moda_ref1991to2020_202108.nc,0,0,-1.0744038820266724
066011,"Cachí, La Poma, Los Andes, Molinos, San Carlos",2021,PASO,2021-09-12,2021-08-01,SPEI12_genlogistic_global_era5_moda_ref1991to2020_202108.nc,0.8360398933291435,0,-0.7076587080955505
006061,Brandsen,2021,PASO,2021-09-12,2021-08-01,SPEI12_genlogistic_global_era5_moda_ref1991to2020_202108.nc,44.11178529262543,0,-1.497820496559143
046004,"General Ocampo, General San Martín, Rosario Vera Peñaloza",2021,PASO,2021-09-12,2021-08-01,SPEI12_genlogistic_global_era5_moda_ref1991to2020_202108.nc,24.45308566093445,0,-1.4007126092910767
006060,"Daireaux, Hipólito Yrigoyen",2021,PASO,2021-09-12,2021-08-01,SPEI12_genlogistic_global_era5_moda_ref1991to2020_202108.nc,12.426776438951492,0,-1.179243803024292
006059,Dolores,2021,PASO,2021-09-12,2021-08-01,SPEI12_genlogistic_global_era5_moda_ref1991to2020_202108.nc,0,0,-1.0918991565704346
070008,"Jachal, Valle Fértil",2021,PASO,2021-09-12,2021-08-01,SPEI12_genlogistic_global_era5_moda_ref1991to2020_202108.nc,23.034122586250305,4.335634782910347,-1.2825000286102295
078003,"Corpen Aike, Lago Argentino",2021,PASO,2021-09-12,2021-08-01,SPEI12_genlogistic_global_era5_moda_ref1991to2020_202108.nc,40.03320634365082,23.889951407909393,-1.4336869716644287
054015,Candelaria,2021,PASO,2021-09-12,2021-08-01,SPEI12_genlogistic_global_era5_moda_ref1991to2020_202108.nc,100,100,-2.5767996311187744
054014,25 de Mayo,2021,PASO,2021-09-12,2021-08-01,SPEI12_genlogistic_global_era5_moda_ref1991to2020_202108.nc,100,100,-2.4843413829803467
042005,"Chapaleufú, Realicó",2021,PASO,2021-09-12,2021-08-01,SPEI12_genlogistic_global_era5_moda_ref1991to2020_202108.nc,100,7.2199225425720215,-1.769909381866455
074004,Junín,2021,PASO,2021-09-12,2021-08-01,SPEI12_genlogistic_global_era5_moda_ref1991to2020_202108.nc,2.103985659778118,0,-1.0173813104629517
050016,Malargue,2021,PASO,2021-09-12,2021-08-01,SPEI12_genlogistic_global_era5_moda_ref1991to2020_202108.nc,21.372391283512115,14.673066139221191,-0.9798749685287476
066010,Rivadavia,2021,PASO,2021-09-12,2021-08-01,SPEI12_genlogistic_global_era5_moda_ref1991to2020_202108.nc,100,66.42235517501831,-2.2726516723632813
018013,Lavalle,2021,PASO,2021-09-12,2021-08-01,SPEI12_genlogistic_global_era5_moda_ref1991to2020_202108.nc,11.24669760465622,0,-1.4304100275039673
006058,"General Belgrano, General Paz",2021,PASO,2021-09-12,2021-08-01,SPEI12_genlogistic_global_era5_moda_ref1991to2020_202108.nc,0,0,-1.1754449605941772
086011,"Loreto, Silipica",2021,PASO,2021-09-12,2021-08-01,SPEI12_genlogistic_global_era5_moda_ref1991to2020_202108.nc,65.56637287139893,0,-1.5139273405075073
010006,"Ancasti, El Alto, La Paz",2021,PASO,2021-09-12,2021-08-01,SPEI12_genlogistic_global_era5_moda_ref1991to2020_202108.nc,87.22624778747559,0,-1.573984980583191
034005,"Matacos, Ramón Lista",2021,PASO,2021-09-12,2021-08-01,SPEI12_genlogistic_global_era5_moda_ref1991to2020_202108.nc,96.71089053153992,1.0451345704495907,-1.7527849674224854
006057,Exaltación de la Cruz,2021,PASO,2021-09-12,2021-08-01,SPEI12_genlogistic_global_era5_moda_ref1991to2020_202108.nc,100,0,-1.7400124073028564
006056,Arrecifes,2021,PASO,2021-09-12,2021-08-01,SPEI12_genlogistic_global_era5_moda_ref1991to2020_202108.nc,10.49598902463913,0,-1.3666125535964966
082018,9 de Julio,2021,PASO,2021-09-12,2021-08-01,SPEI12_genlogistic_global_era5_moda_ref1991to2020_202108.nc,63.375335931777954,0,-1.5760247707366943
062006,San Antonio,2021,PASO,2021-09-12,2021-08-01,SPEI12_genlogistic_global_era5_moda_ref1991to2020_202108.nc,0,0,-0.5949265956878662
006055,Patagones,2021,PASO,2021-09-12,2021-08-01,SPEI12_genlogistic_global_era5_moda_ref1991to2020_202108.nc,61.38167977333069,7.614005357027054,-1.632203221321106
086010,Copo,2021,PASO,2021-09-12,2021-08-01,SPEI12_genlogistic_global_era5_moda_ref1991to2020_202108.nc,100,3.367924690246582,-1.857811450958252
014021,"Río Seco, Sobremonte, Tulumba",2021,PASO,2021-09-12,2021-08-01,SPEI12_genlogistic_global_era5_moda_ref1991to2020_202108.nc,63.711392879486084,3.5298150032758713,-1.7628296613693237
054013,San Pedro,2021,PASO,2021-09-12,2021-08-01,SPEI12_genlogistic_global_era5_moda_ref1991to2020_202108.nc,100,100,-3.3417818546295166
006054,"General Juan Madariaga, Pinamar, Villa Gesell",2021,PASO,2021-09-12,2021-08-01,SPEI12_genlogistic_global_era5_moda_ref1991to2020_202108.nc,0,0,-0.6099798679351807
018012,Esquina,2021,PASO,2021-09-12,2021-08-01,SPEI12_genlogistic_global_era5_moda_ref1991to2020_202108.nc,88.30344676971436,0,-1.5623010396957397
022013,Chacabuco,2021,PASO,2021-09-12,2021-08-01,SPEI12_genlogistic_global_era5_moda_ref1991to2020_202108.nc,21.963991224765778,0,-1.4788538217544556
006053,General Villegas,2021,PASO,2021-09-12,2021-08-01,SPEI12_genlogistic_global_era5_moda_ref1991to2020_202108.nc,74.56450462341309,0,-1.5708091259002686
038006,"Humahuaca, Tilcara, Valle Grande",2021,PASO,2021-09-12,2021-08-01,SPEI12_genlogistic_global_era5_moda_ref1991to2020_202108.nc,32.69669711589813,0,-0.6385169625282288
006052,"General Arenales, Leandro N. Alem",2021,PASO,2021-09-12,2021-08-01,SPEI12_genlogistic_global_era5_moda_ref1991to2020_202108.nc,1.0644929483532906,0,-1.31651771068573
086009,"Atamisqui, Salavina, San Martín",2021,PASO,2021-09-12,2021-08-01,SPEI12_genlogistic_global_era5_moda_ref1991to2020_202108.nc,88.62252831459045,0,-1.6309726238250732
046003,"Coronel Felipe Varela, Famatina, General Angel V. Peñaloza, General Juan F. Quiroga, General Lamadrid, Vinchina, Independencia, Sanagasta",2021,PASO,2021-09-12,2021-08-01,SPEI12_genlogistic_global_era5_moda_ref1991to2020_202108.nc,40.97495675086975,14.536593854427338,-1.4565678834915161
054012,"Concepción, San Javier",2021,PASO,2021-09-12,2021-08-01,SPEI12_genlogistic_global_era5_moda_ref1991to2020_202108.nc,100,59.48687791824341,-1.9821994304656982
082017,San Javier,2021,PASO,2021-09-12,2021-08-01,SPEI12_genlogistic_global_era5_moda_ref1991to2020_202108.nc,21.68973535299301,0,-1.4370732307434082
006051,Baradero,2021,PASO,2021-09-12,2021-08-01,SPEI12_genlogistic_global_era5_moda_ref1991to2020_202108.nc,97.9871928691864,11.12464889883995,-1.7418237924575806
006050,Saladillo,2021,PASO,2021-09-12,2021-08-01,SPEI12_genlogistic_global_era5_moda_ref1991to2020_202108.nc,22.588355839252472,0,-1.431545615196228
050015,Tupungato,2021,PASO,2021-09-12,2021-08-01,SPEI12_genlogistic_global_era5_moda_ref1991to2020_202108.nc,18.07786226272583,10.148807615041733,-1.3546066284179688
050014,San Carlos,2021,PASO,2021-09-12,2021-08-01,SPEI12_genlogistic_global_era5_moda_ref1991to2020_202108.nc,34.733688831329346,23.775364458560944,-1.4529246091842651
006049,Salto,2021,PASO,2021-09-12,2021-08-01,SPEI12_genlogistic_global_era5_moda_ref1991to2020_202108.nc,0,0,-1.3563013076782227
006048,Ramallo,2021,PASO,2021-09-12,2021-08-01,SPEI12_genlogistic_global_era5_moda_ref1991to2020_202108.nc,73.62066507339478,0,-1.5402641296386719
022012,"12 de Octubre, 2 de Abril, Fray Justo Sta. María de Oro",2021,PASO,2021-09-12,2021-08-01,SPEI12_genlogistic_global_era5_moda_ref1991to2020_202108.nc,4.14728969335556,0,-1.4083589315414429
022011,Quitilipi,2021,PASO,2021-09-12,2021-08-01,SPEI12_genlogistic_global_era5_moda_ref1991to2020_202108.nc,93.95115375518799,0,-1.5513383150100708
022010,Almirante Brown,2021,PASO,2021-09-12,2021-08-01,SPEI12_genlogistic_global_era5_moda_ref1991to2020_202108.nc,100,19.07794028520584,-1.9080431461334229
022009,"General Belgrano, Independencia",2021,PASO,2021-09-12,2021-08-01,SPEI12_genlogistic_global_era5_moda_ref1991to2020_202108.nc,99.90865588188171,0,-1.6300373077392578
042004,"Atreucó, Catriló, Guatrache, Quemú-Quemú",2021,PASO,2021-09-12,2021-08-01,SPEI12_genlogistic_global_era5_moda_ref1991to2020_202108.nc,75.24532079696655,25.23251175880432,-1.7580938339233398
062005,Avellaneda,2021,PASO,2021-09-12,2021-08-01,SPEI12_genlogistic_global_era5_moda_ref1991to2020_202108.nc,0,0,-0.7274304628372192
030010,Victoria,2021,PASO,2021-09-12,2021-08-01,SPEI12_genlogistic_global_era5_moda_ref1991to2020_202108.nc,96.2810218334198,31.881603598594666,-1.8853368759155273
066009,Cerrillos,2021,PASO,2021-09-12,2021-08-01,SPEI12_genlogistic_global_era5_moda_ref1991to2020_202108.nc,100,100,-2.288266897201538
010005,"Ambato, Capayán, Paclín, Santa Rosa",2021,PASO,2021-09-12,2021-08-01,SPEI12_genlogistic_global_era5_moda_ref1991to2020_202108.nc,89.37443494796753,27.317172288894653,-1.8586093187332153
086008,"Jiménez, Pellegrini",2021,PASO,2021-09-12,2021-08-01,SPEI12_genlogistic_global_era5_moda_ref1991to2020_202108.nc,89.86788988113403,0,-1.6174546480178833
014020,General Roca,2021,PASO,2021-09-12,2021-08-01,SPEI12_genlogistic_global_era5_moda_ref1991to2020_202108.nc,97.63692021369934,0,-1.6988980770111084
014019,San Alberto,2021,PASO,2021-09-12,2021-08-01,SPEI12_genlogistic_global_era5_moda_ref1991to2020_202108.nc,54.42679524421692,23.140422999858856,-1.656046748161316
054011,Montecarlo,2021,PASO,2021-09-12,2021-08-01,SPEI12_genlogistic_global_era5_moda_ref1991to2020_202108.nc,100,100,-2.8940365314483643
014018,Presidente Roque Saénz Peña,2021,PASO,2021-09-12,2021-08-01,SPEI12_genlogistic_global_era5_moda_ref1991to2020_202108.nc,26.69258713722229,0,-1.4145783185958862
050013,Lavalle,2021,PASO,2021-09-12,2021-08-01,SPEI12_genlogistic_global_era5_moda_ref1991to2020_202108.nc,15.23999273777008,0,-1.3400928974151611
006047,"Capitán Sarmiento, San Antonio de Areco",2021,PASO,2021-09-12,2021-08-01,SPEI12_genlogistic_global_era5_moda_ref1991to2020_202108.nc,56.98513984680176,0,-1.5097315311431885
018011,Monte Caseros,2021,PASO,2021-09-12,2021-08-01,SPEI12_genlogistic_global_era5_moda_ref1991to2020_202108.nc,2.615211345255375,0,-1.309838891029358
010004,"Belén, Pomán",2021,PASO,2021-09-12,2021-08-01,SPEI12_genlogistic_global_era5_moda_ref1991to2020_202108.nc,67.39391088485718,41.7013555765152,-1.7476434707641602
058005,Zapala,2021,PASO,2021-09-12,2021-08-01,SPEI12_genlogistic_global_era5_moda_ref1991to2020_202108.nc,32.82465636730194,0,-1.456829309463501
006046,"Guaminí, Pellegrini, Rivadavia, Tres Lomas",2021,PASO,2021-09-12,2021-08-01,SPEI12_genlogistic_global_era5_moda_ref1991to2020_202108.nc,17.207057774066925,0,-1.237580418586731
018010,Bella Vista,2021,PASO,2021-09-12,2021-08-01,SPEI12_genlogistic_global_era5_moda_ref1991to2020_202108.nc,99.87670183181763,0,-1.6718131303787231
006045,Coronel Suárez,2021,PASO,2021-09-12,2021-08-01,SPEI12_genlogistic_global_era5_moda_ref1991to2020_202108.nc,0,0,-1.018650770187378
058004,"Chos Malal, Pehuenches",2021,PASO,2021-09-12,2021-08-01,SPEI12_genlogistic_global_era5_moda_ref1991to2020_202108.nc,29.20166254043579,1.7467264086008072,-1.2308365106582642
090005,Burruyacú,2021,PASO,2021-09-12,2021-08-01,SPEI12_genlogistic_global_era5_moda_ref1991to2020_202108.nc,97.56245017051697,10.386337339878082,-1.783676028251648
050012,Junín,2021,PASO,2021-09-12,2021-08-01,SPEI12_genlogistic_global_era5_moda_ref1991to2020_202108.nc,0,0,-1.2352228164672852
066008,"Guachipas, La Candelaria, Rosario de la Frontera",2021,PASO,2021-09-12,2021-08-01,SPEI12_genlogistic_global_era5_moda_ref1991to2020_202108.nc,97.84635901451111,23.87441247701645,-1.8828353881835938
006044,Pehuajó,2021,PASO,2021-09-12,2021-08-01,SPEI12_genlogistic_global_era5_moda_ref1991to2020_202108.nc,81.24575614929199,9.098345786333084,-1.7313032150268555
086007,General Taboada,2021,PASO,2021-09-12,2021-08-01,SPEI12_genlogistic_global_era5_moda_ref1991to2020_202108.nc,100,0,-1.755759596824646
030009,Nogoyá,2021,PASO,2021-09-12,2021-08-01,SPEI12_genlogistic_global_era5_moda_ref1991to2020_202108.nc,100,0,-1.7530277967453003
026005,"Florentino Ameghino, Gaimán, Gastre, Mártires, Paso de los Indios, Río Senguer, Sarmiento, Tehuelches, Telsen",2021,PASO,2021-09-12,2021-08-01,SPEI12_genlogistic_global_era5_moda_ref1991to2020_202108.nc,62.04385161399841,40.023988485336304,-1.7806682586669922
010003,"Fray Mamerto Esquiú, Valle Viejo",2021,PASO,2021-09-12,2021-08-01,SPEI12_genlogistic_global_era5_moda_ref1991to2020_202108.nc,95.89674472808838,16.266869008541107,-1.753394603729248
066007,Metán,2021,PASO,2021-09-12,2021-08-01,SPEI12_genlogistic_global_era5_moda_ref1991to2020_202108.nc,100,30.82791268825531,-1.8332246541976929
006043,"Adolfo González Chaves, Benito Juárez, San Cayetano",2021,PASO,2021-09-12,2021-08-01,SPEI12_genlogistic_global_era5_moda_ref1991to2020_202108.nc,0,0,-1.075096607208252
018009,Mercedes,2021,PASO,2021-09-12,2021-08-01,SPEI12_genlogistic_global_era5_moda_ref1991to2020_202108.nc,90.0755226612091,0,-1.6540344953536987
010002,"Andalgalá, Santa María",2021,PASO,2021-09-12,2021-08-01,SPEI12_genlogistic_global_era5_moda_ref1991to2020_202108.nc,63.1317138671875,35.13641655445099,-1.7344741821289063
018008,"Empedrado, Mburucuyá, San Luis del Palmar",2021,PASO,2021-09-12,2021-08-01,SPEI12_genlogistic_global_era5_moda_ref1991to2020_202108.nc,100,0,-1.8442113399505615
006042,Bragado,2021,PASO,2021-09-12,2021-08-01,SPEI12_genlogistic_global_era5_moda_ref1991to2020_202108.nc,100,0,-1.7800384759902954
006041,General Alvarado,2021,PASO,2021-09-12,2021-08-01,SPEI12_genlogistic_global_era5_moda_ref1991to2020_202108.nc,0,0,-0.6490232944488525
062004,"El Cuy, 9 de Julio, Ñorquincó, Pilcaniyeu, Valcheta, 25 de Mayo",2021,PASO,2021-09-12,2021-08-01,SPEI12_genlogistic_global_era5_moda_ref1991to2020_202108.nc,46.357789635658264,27.004268765449524,-1.3982195854187012
074003,"Ayacucho, Belgrano, Coronel Pringles, Libertador General San Martín",2021,PASO,2021-09-12,2021-08-01,SPEI12_genlogistic_global_era5_moda_ref1991to2020_202108.nc,85.07662415504456,19.068847596645355,-1.753183126449585
018007,"Ituzaingó, San Miguel",2021,PASO,2021-09-12,2021-08-01,SPEI12_genlogistic_global_era5_moda_ref1991to2020_202108.nc,100,7.036265730857849,-1.8150290250778198
082016,San Justo,2021,PASO,2021-09-12,2021-08-01,SPEI12_genlogistic_global_era5_moda_ref1991to2020_202108.nc,31.955227255821228,0,-1.4452649354934692
006040,"Carmen de Areco, Navarro, Suipacha",2021,PASO,2021-09-12,2021-08-01,SPEI12_genlogistic_global_era5_moda_ref1991to2020_202108.nc,10.96678152680397,0,-1.4279741048812866
006039,"Ayacucho, General Guido, Pila, Rauch",2021,PASO,2021-09-12,2021-08-01,SPEI12_genlogistic_global_era5_moda_ref1991to2020_202108.nc,3.679407015442848,3.679407015442848,-1.3238917589187622
042003,"Conhello, Rancul, Toay, Trenel",2021,PASO,2021-09-12,2021-08-01,SPEI12_genlogistic_global_era5_moda_ref1991to2020_202108.nc,98.83870482444763,60.063761472702026,-2.073093891143799
086006,"Choya, Guasayan",2021,PASO,2021-09-12,2021-08-01,SPEI12_genlogistic_global_era5_moda_ref1991to2020_202108.nc,68.46428513526917,0,-1.5539432764053345
054010,General Manuel Belgrano,2021,PASO,2021-09-12,2021-08-01,SPEI12_genlogistic_global_era5_moda_ref1991to2020_202108.nc,100,100,-4.401658535003662
006038,Trenque Lauquen,2021,PASO,2021-09-12,2021-08-01,SPEI12_genlogistic_global_era5_moda_ref1991to2020_202108.nc,10.596584528684616,0,-1.305911898612976
026004,Futaleufú,2021,PASO,2021-09-12,2021-08-01,SPEI12_genlogistic_global_era5_moda_ref1991to2020_202108.nc,74.77916479110718,21.668235957622528,-1.7134225368499756
054009,Apóstoles,2021,PASO,2021-09-12,2021-08-01,SPEI12_genlogistic_global_era5_moda_ref1991to2020_202108.nc,100,17.09674596786499,-1.8676429986953735
022008,"General Donovan, Libertad, Presidencia de La Plaza, Tapenaga",2021,PASO,2021-09-12,2021-08-01,SPEI12_genlogistic_global_era5_moda_ref1991to2020_202108.nc,63.52947950363159,0,-1.5992735624313354
006037,"Puan, Villarino",2021,PASO,2021-09-12,2021-08-01,SPEI12_genlogistic_global_era5_moda_ref1991to2020_202108.nc,62.64815926551819,18.006493151187897,-1.6870917081832886
038005,"Cochinoca, Rinconada, Santa Catalina, Susques, Tumbaya, Yaví",2021,PASO,2021-09-12,2021-08-01,SPEI12_genlogistic_global_era5_moda_ref1991to2020_202108.nc,1.4524600468575954,0.9742908179759979,-0.2209651917219162
086005,Robles,2021,PASO,2021-09-12,2021-08-01,SPEI12_genlogistic_global_era5_moda_ref1991to2020_202108.nc,100,0,-1.6688538789749146
030008,Diamante,2021,PASO,2021-09-12,2021-08-01,SPEI12_genlogistic_global_era5_moda_ref1991to2020_202108.nc,29.672613739967346,0,-1.4896197319030762
082015,Belgrano,2021,PASO,2021-09-12,2021-08-01,SPEI12_genlogistic_global_era5_moda_ref1991to2020_202108.nc,95.90275287628174,0,-1.6044855117797852
050011,General Alvear,2021,PASO,2021-09-12,2021-08-01,SPEI12_genlogistic_global_era5_moda_ref1991to2020_202108.nc,0,0,-1.0339707136154175
014017,Río Primero,2021,PASO,2021-09-12,2021-08-01,SPEI12_genlogistic_global_era5_moda_ref1991to2020_202108.nc,100,0,-1.7269411087036133
006036,9 de Julio,2021,PASO,2021-09-12,2021-08-01,SPEI12_genlogistic_global_era5_moda_ref1991to2020_202108.nc,100,0,-1.8965880870819092
066006,General Güemes,2021,PASO,2021-09-12,2021-08-01,SPEI12_genlogistic_global_era5_moda_ref1991to2020_202108.nc,100,100,-2.3304154872894287
066005,"La Caldera, Rosario de Lerma",2021,PASO,2021-09-12,2021-08-01,SPEI12_genlogistic_global_era5_moda_ref1991to2020_202108.nc,40.880286693573,21.663248538970947,-1.0393459796905518
054008,Libertador General San Martín,2021,PASO,2021-09-12,2021-08-01,SPEI12_genlogistic_global_era5_moda_ref1991to2020_202108.nc,100,100,-2.638409376144409
070007,Santa Lucía,2021,PASO,2021-09-12,2021-08-01,SPEI12_genlogistic_global_era5_moda_ref1991to2020_202108.nc,0,0,-1.4406906366348267
018006,Paso de los Libres,2021,PASO,2021-09-12,2021-08-01,SPEI12_genlogistic_global_era5_moda_ref1991to2020_202108.nc,84.56289172172546,0,-1.676607608795166
022007,"9 de Julio, O'Higgins",2021,PASO,2021-09-12,2021-08-01,SPEI12_genlogistic_global_era5_moda_ref1991to2020_202108.nc,61.0717236995697,0,-1.5446135997772217
006035,Chacabuco,2021,PASO,2021-09-12,2021-08-01,SPEI12_genlogistic_global_era5_moda_ref1991to2020_202108.nc,41.58660173416138,0,-1.4767115116119385
046002,Chilecito,2021,PASO,2021-09-12,2021-08-01,SPEI12_genlogistic_global_era5_moda_ref1991to2020_202108.nc,94.01954412460327,46.21891677379608,-2.0727758407592773
014016,"Ischilín, Totoral",2021,PASO,2021-09-12,2021-08-01,SPEI12_genlogistic_global_era5_moda_ref1991to2020_202108.nc,30.17297387123108,0,-1.3639678955078125
050010,Tunuyán,2021,PASO,2021-09-12,2021-08-01,SPEI12_genlogistic_global_era5_moda_ref1991to2020_202108.nc,53.48266363143921,35.17981767654419,-1.8167701959609985
006034,"Coronel Dorrego, Coronel Pringles, Monte Hermoso, Tornquist",2021,PASO,2021-09-12,2021-08-01,SPEI12_genlogistic_global_era5_moda_ref1991to2020_202108.nc,4.8885732889175415,0,-1.0389645099639893
006033,"General Las Heras, Lobos",2021,PASO,2021-09-12,2021-08-01,SPEI12_genlogistic_global_era5_moda_ref1991to2020_202108.nc,11.116134375333786,0,-1.2776094675064087
030007,Gualeguay,2021,PASO,2021-09-12,2021-08-01,SPEI12_genlogistic_global_era5_moda_ref1991to2020_202108.nc,100,76.67462825775146,-2.1330370903015137
014015,Calamuchita,2021,PASO,2021-09-12,2021-08-01,SPEI12_genlogistic_global_era5_moda_ref1991to2020_202108.nc,84.34611558914185,0,-1.7024767398834229
082014,Vera,2021,PASO,2021-09-12,2021-08-01,SPEI12_genlogistic_global_era5_moda_ref1991to2020_202108.nc,24.49190765619278,0,-1.4383372068405151
006032,Marcos Paz,2021,PASO,2021-09-12,2021-08-01,SPEI12_genlogistic_global_era5_moda_ref1991to2020_202108.nc,79.32480573654175,0,-1.4922122955322266
070006,Pocito,2021,PASO,2021-09-12,2021-08-01,SPEI12_genlogistic_global_era5_moda_ref1991to2020_202108.nc,28.02816331386566,0.9800917468965054,-1.6177138090133667
018005,"Curuzú Cuatiá, Sauce",2021,PASO,2021-09-12,2021-08-01,SPEI12_genlogistic_global_era5_moda_ref1991to2020_202108.nc,49.6432363986969,0,-1.4757386445999146
014014,San Javier,2021,PASO,2021-09-12,2021-08-01,SPEI12_genlogistic_global_era5_moda_ref1991to2020_202108.nc,0.24006173480302095,0,-1.0805813074111938
006031,Cañuelas,2021,PASO,2021-09-12,2021-08-01,SPEI12_genlogistic_global_era5_moda_ref1991to2020_202108.nc,0,0,-1.2345473766326904
006030,"Bolívar, General Alvear, Tapalqué",2021,PASO,2021-09-12,2021-08-01,SPEI12_genlogistic_global_era5_moda_ref1991to2020_202108.nc,46.03740870952606,0,-1.4932870864868164
054007,Cainguas,2021,PASO,2021-09-12,2021-08-01,SPEI12_genlogistic_global_era5_moda_ref1991to2020_202108.nc,100,100,-2.597576141357422
058003,"Huiliches, Lácar, Los Lagos",2021,PASO,2021-09-12,2021-08-01,SPEI12_genlogistic_global_era5_moda_ref1991to2020_202108.nc,100,48.922306299209595,-2.0092687606811523
086004,Río Hondo,2021,PASO,2021-09-12,2021-08-01,SPEI12_genlogistic_global_era5_moda_ref1991to2020_202108.nc,100,0,-1.6267526149749756
022006,Mayor Luis J. Fontana,2021,PASO,2021-09-12,2021-08-01,SPEI12_genlogistic_global_era5_moda_ref1991to2020_202108.nc,70.13301253318787,0,-1.493348240852356
090004,Leales,2021,PASO,2021-09-12,2021-08-01,SPEI12_genlogistic_global_era5_moda_ref1991to2020_202108.nc,100,0.5291692912578583,-1.6828134059906006
058002,"Aluminé, Añelo, Catán-Lil, Collón-Cura, Loncopué, Minas, Ñorquin, Picún-Leufú, Picunches",2021,PASO,2021-09-12,2021-08-01,SPEI12_genlogistic_global_era5_moda_ref1991to2020_202108.nc,44.15133595466614,12.208649516105652,-1.4953583478927612
018004,"Berón de Astrada, Concepción, General Paz, San Roque",2021,PASO,2021-09-12,2021-08-01,SPEI12_genlogistic_global_era5_moda_ref1991to2020_202108.nc,96.54397964477539,0.9171363897621632,-1.6734089851379395
050009,Rivadavia,2021,PASO,2021-09-12,2021-08-01,SPEI12_genlogistic_global_era5_moda_ref1991to2020_202108.nc,0,0,-1.2303640842437744
006029,Ensenada,2021,PASO,2021-09-12,2021-08-01,SPEI12_genlogistic_global_era5_moda_ref1991to2020_202108.nc,100,0,-1.7432067394256592
006028,Tres Arroyos,2021,PASO,2021-09-12,2021-08-01,SPEI12_genlogistic_global_era5_moda_ref1991to2020_202108.nc,0,0,-1.064186453819275
066004,Anta,2021,PASO,2021-09-12,2021-08-01,SPEI12_genlogistic_global_era5_moda_ref1991to2020_202108.nc,100,16.26710295677185,-1.855437994003296
054006,San Ignacio,2021,PASO,2021-09-12,2021-08-01,SPEI12_genlogistic_global_era5_moda_ref1991to2020_202108.nc,100,100,-3.0021824836730957
042002,Maracó,2021,PASO,2021-09-12,2021-08-01,SPEI12_genlogistic_global_era5_moda_ref1991to2020_202108.nc,73.12341928482056,0,-1.607416033744812
062003,Adolfo Alsina,2021,PASO,2021-09-12,2021-08-01,SPEI12_genlogistic_global_era5_moda_ref1991to2020_202108.nc,0,0,-1.1343828439712524
006027,San Pedro,2021,PASO,2021-09-12,2021-08-01,SPEI12_genlogistic_global_era5_moda_ref1991to2020_202108.nc,97.64545559883118,0,-1.7186187505722046
018003,Santo Tomé,2021,PASO,2021-09-12,2021-08-01,SPEI12_genlogistic_global_era5_moda_ref1991to2020_202108.nc,100,24.517540633678436,-1.9347954988479614
006026,"Alberti, Roque Pérez, 25 de Mayo",2021,PASO,2021-09-12,2021-08-01,SPEI12_genlogistic_global_era5_moda_ref1991to2020_202108.nc,79.41026091575623,0,-1.6181232929229736
006025,"Chascomus, Magdalena, Punta Indio",2021,PASO,2021-09-12,2021-08-01,SPEI12_genlogistic_global_era5_moda_ref1991to2020_202108.nc,30.832815170288086,0,-1.4161901473999023
006024,"General Viamonte, Lincoln",2021,PASO,2021-09-12,2021-08-01,SPEI12_genlogistic_global_era5_moda_ref1991to2020_202108.nc,83.13833475112915,6.349331885576248,-1.66086745262146
022005,"San Lorenzo, Sargento Cabral, 25 de Mayo",2021,PASO,2021-09-12,2021-08-01,SPEI12_genlogistic_global_era5_moda_ref1991to2020_202108.nc,67.05163717269897,0,-1.5642181634902954
006023,Coronel de Marine L. Rosales,2021,PASO,2021-09-12,2021-08-01,SPEI12_genlogistic_global_era5_moda_ref1991to2020_202108.nc,12.985007464885712,0,-1.376997470855713
006022,"Balcarce, Lobería",2021,PASO,2021-09-12,2021-08-01,SPEI12_genlogistic_global_era5_moda_ref1991to2020_202108.nc,0,0,-1.004164695739746
006021,Mercedes,2021,PASO,2021-09-12,2021-08-01,SPEI12_genlogistic_global_era5_moda_ref1991to2020_202108.nc,94.79418992996216,0,-1.5317964553833008
014013,Juárez Celman,2021,PASO,2021-09-12,2021-08-01,SPEI12_genlogistic_global_era5_moda_ref1991to2020_202108.nc,2.32901144772768,0,-1.3235681056976318
070005,"Angaco, Caucete, 25 de Mayo",2021,PASO,2021-09-12,2021-08-01,SPEI12_genlogistic_global_era5_moda_ref1991to2020_202108.nc,3.839687630534172,0,-1.2025864124298096
082013,San Martín,2021,PASO,2021-09-12,2021-08-01,SPEI12_genlogistic_global_era5_moda_ref1991to2020_202108.nc,42.2326385974884,0,-1.479471206665039
006020,Chivilcoy,2021,PASO,2021-09-12,2021-08-01,SPEI12_genlogistic_global_era5_moda_ref1991to2020_202108.nc,45.785996317863464,0,-1.4824258089065552
006019,Azul,2021,PASO,2021-09-12,2021-08-01,SPEI12_genlogistic_global_era5_moda_ref1991to2020_202108.nc,0,0,-0.9229695200920105
082012,Iriondo,2021,PASO,2021-09-12,2021-08-01,SPEI12_genlogistic_global_era5_moda_ref1991to2020_202108.nc,34.311091899871826,0,-1.513275146484375
086003,"Alberdi, Juan F. Ibarra, Moreno",2021,PASO,2021-09-12,2021-08-01,SPEI12_genlogistic_global_era5_moda_ref1991to2020_202108.nc,94.70219612121582,0,-1.6749114990234375
082011,San Cristóbal,2021,PASO,2021-09-12,2021-08-01,SPEI12_genlogistic_global_era5_moda_ref1991to2020_202108.nc,58.58446955680847,0,-1.5692189931869507
022004,General Güemes,2021,PASO,2021-09-12,2021-08-01,SPEI12_genlogistic_global_era5_moda_ref1991to2020_202108.nc,100,45.063742995262146,-1.9616817235946655
030006,La Paz,2021,PASO,2021-09-12,2021-08-01,SPEI12_genlogistic_global_era5_moda_ref1991to2020_202108.nc,37.807244062423706,0,-1.467401146888733
030005,Federación,2021,PASO,2021-09-12,2021-08-01,SPEI12_genlogistic_global_era5_moda_ref1991to2020_202108.nc,0,0,-1.2872453927993774
054005,Guaraní,2021,PASO,2021-09-12,2021-08-01,SPEI12_genlogistic_global_era5_moda_ref1991to2020_202108.nc,100,100,-2.7548725605010986
014012,"Cruz del Eje, Minas, Pocho",2021,PASO,2021-09-12,2021-08-01,SPEI12_genlogistic_global_era5_moda_ref1991to2020_202108.nc,59.3716561794281,6.130825728178024,-1.5548239946365356
022003,"Libertador General San Martín, 1 de Mayo",2021,PASO,2021-09-12,2021-08-01,SPEI12_genlogistic_global_era5_moda_ref1991to2020_202108.nc,80.54792284965515,0,-1.6451600790023804
094001,"Río Grande, Antarctic Argentina",2021,PASO,2021-09-12,2021-08-01,SPEI12_genlogistic_global_era5_moda_ref1991to2020_202108.nc,1.5298696234822273,0,-0.2567242980003357
006018,"General Lavalle, La Costa",2021,PASO,2021-09-12,2021-08-01,SPEI12_genlogistic_global_era5_moda_ref1991to2020_202108.nc,0,0,-0.9587251543998718
038004,San Pedro,2021,PASO,2021-09-12,2021-08-01,SPEI12_genlogistic_global_era5_moda_ref1991to2020_202108.nc,100,87.86269426345825,-2.2316761016845703
054004,El Dorado,2021,PASO,2021-09-12,2021-08-01,SPEI12_genlogistic_global_era5_moda_ref1991to2020_202108.nc,100,100,-3.4705090522766113
082010,Caseros,2021,PASO,2021-09-12,2021-08-01,SPEI12_genlogistic_global_era5_moda_ref1991to2020_202108.nc,59.15267467498779,0,-1.5727249383926392
026003,Biedma,2021,PASO,2021-09-12,2021-08-01,SPEI12_genlogistic_global_era5_moda_ref1991to2020_202108.nc,0,0,-0.09729411453008652
082009,San Jerónimo,2021,PASO,2021-09-12,2021-08-01,SPEI12_genlogistic_global_era5_moda_ref1991to2020_202108.nc,0.6022971589118242,0,-1.3502159118652344
054003,Iguazú,2021,PASO,2021-09-12,2021-08-01,SPEI12_genlogistic_global_era5_moda_ref1991to2020_202108.nc,100,100,-4.275470733642578
034004,"Bermejo, Patiño",2021,PASO,2021-09-12,2021-08-01,SPEI12_genlogistic_global_era5_moda_ref1991to2020_202108.nc,89.15850520133972,17.534326016902924,-1.791590929031372
006017,"Presidente Perón, San Vicente",2021,PASO,2021-09-12,2021-08-01,SPEI12_genlogistic_global_era5_moda_ref1991to2020_202108.nc,28.69533896446228,0,-1.4790242910385132
070004,Rivadavia,2021,PASO,2021-09-12,2021-08-01,SPEI12_genlogistic_global_era5_moda_ref1991to2020_202108.nc,71.7708945274353,71.7708945274353,-1.8983980417251587
034003,Pilcomayo,2021,PASO,2021-09-12,2021-08-01,SPEI12_genlogistic_global_era5_moda_ref1991to2020_202108.nc,100,90.55290818214417,-2.33225679397583
006016,General Rodríguez,2021,PASO,2021-09-12,2021-08-01,SPEI12_genlogistic_global_era5_moda_ref1991to2020_202108.nc,100,0,-1.5821553468704224
070003,Chimbas,2021,PASO,2021-09-12,2021-08-01,SPEI12_genlogistic_global_era5_moda_ref1991to2020_202108.nc,0.9348202496767044,0.9348202496767044,-1.4466522932052612
006015,Berisso,2021,PASO,2021-09-12,2021-08-01,SPEI12_genlogistic_global_era5_moda_ref1991to2020_202108.nc,100,9.866292029619217,-1.8764564990997314
082008,Constitución,2021,PASO,2021-09-12,2021-08-01,SPEI12_genlogistic_global_era5_moda_ref1991to2020_202108.nc,16.334746778011322,0,-1.313891887664795
006014,Junín,2021,PASO,2021-09-12,2021-08-01,SPEI12_genlogistic_global_era5_moda_ref1991to2020_202108.nc,21.336309611797333,0,-1.347670555114746
018002,Goya,2021,PASO,2021-09-12,2021-08-01,SPEI12_genlogistic_global_era5_moda_ref1991to2020_202108.nc,11.1965611577034,0,-1.4549298286437988
006013,Necochea,2021,PASO,2021-09-12,2021-08-01,SPEI12_genlogistic_global_era5_moda_ref1991to2020_202108.nc,0,0,-1.2531635761260986
006012,Campana,2021,PASO,2021-09-12,2021-08-01,SPEI12_genlogistic_global_era5_moda_ref1991to2020_202108.nc,100,43.15260946750641,-2.0072834491729736
014011,Santa María,2021,PASO,2021-09-12,2021-08-01,SPEI12_genlogistic_global_era5_moda_ref1991to2020_202108.nc,99.3638277053833,0,-1.6779956817626953
022002,Comandante Fernandez,2021,PASO,2021-09-12,2021-08-01,SPEI12_genlogistic_global_era5_moda_ref1991to2020_202108.nc,100,0,-1.5671902894973755
090003,"Chicligasta, Granero, Juan Bautista Alberdi, La Cocha, Monteros, Río Chico, Simoca",2021,PASO,2021-09-12,2021-08-01,SPEI12_genlogistic_global_era5_moda_ref1991to2020_202108.nc,87.45263814926147,25.752738118171692,-1.757262945175171
034002,"Laishi, Pilagás, Pirané",2021,PASO,2021-09-12,2021-08-01,SPEI12_genlogistic_global_era5_moda_ref1991to2020_202108.nc,99.2874801158905,3.4341830760240555,-1.7960706949234009
038003,"Ledesma, Santa Bárbara",2021,PASO,2021-09-12,2021-08-01,SPEI12_genlogistic_global_era5_moda_ref1991to2020_202108.nc,100,25.666141510009766,-1.9605425596237183
030004,Uruguay,2021,PASO,2021-09-12,2021-08-01,SPEI12_genlogistic_global_era5_moda_ref1991to2020_202108.nc,95.45810222625732,0,-1.6810024976730347
038002,"El Carmen, San Antonio",2021,PASO,2021-09-12,2021-08-01,SPEI12_genlogistic_global_era5_moda_ref1991to2020_202108.nc,96.4288055896759,96.4288055896759,-2.6094703674316406
014010,Marcos Juárez,2021,PASO,2021-09-12,2021-08-01,SPEI12_genlogistic_global_era5_moda_ref1991to2020_202108.nc,62.12416887283325,0,-1.5314948558807373
014009,Unión,2021,PASO,2021-09-12,2021-08-01,SPEI12_genlogistic_global_era5_moda_ref1991to2020_202108.nc,54.42556142807007,0,-1.4615100622177124
042001,Capital,2021,PASO,2021-09-12,2021-08-01,SPEI12_genlogistic_global_era5_moda_ref1991to2020_202108.nc,100,63.6308491230011,-2.045267105102539
014008,Río Segundo,2021,PASO,2021-09-12,2021-08-01,SPEI12_genlogistic_global_era5_moda_ref1991to2020_202108.nc,81.1410903930664,0,-1.6481720209121704
082007,Las Colonias,2021,PASO,2021-09-12,2021-08-01,SPEI12_genlogistic_global_era5_moda_ref1991to2020_202108.nc,30.064865946769714,0,-1.4131674766540527
006011,Luján,2021,PASO,2021-09-12,2021-08-01,SPEI12_genlogistic_global_era5_moda_ref1991to2020_202108.nc,100,0,-1.612510085105896
078002,Deseado,2021,PASO,2021-09-12,2021-08-01,SPEI12_genlogistic_global_era5_moda_ref1991to2020_202108.nc,27.980610728263855,0.8704019710421562,-1.0993483066558838
006010,Pergamino,2021,PASO,2021-09-12,2021-08-01,SPEI12_genlogistic_global_era5_moda_ref1991to2020_202108.nc,0,0,-1.1831326484680176
054002,Oberá,2021,PASO,2021-09-12,2021-08-01,SPEI12_genlogistic_global_era5_moda_ref1991to2020_202108.nc,100,100,-2.4958810806274414
006009,Olavarría,2021,PASO,2021-09-12,2021-08-01,SPEI12_genlogistic_global_era5_moda_ref1991to2020_202108.nc,0.19757109694182873,0,-1.0413997173309326
070002,Capital,2021,PASO,2021-09-12,2021-08-01,SPEI12_genlogistic_global_era5_moda_ref1991to2020_202108.nc,0,0,-1.4406907558441162
014007,Tercero Arriba,2021,PASO,2021-09-12,2021-08-01,SPEI12_genlogistic_global_era5_moda_ref1991to2020_202108.nc,60.69591045379639,0,-1.5187288522720337
030003,"Gualeguaychú, Islas del Ibicuy",2021,PASO,2021-09-12,2021-08-01,SPEI12_genlogistic_global_era5_moda_ref1991to2020_202108.nc,97.54351377487183,67.00729131698608,-2.1123602390289307
050008,Capital,2021,PASO,2021-09-12,2021-08-01,SPEI12_genlogistic_global_era5_moda_ref1991to2020_202108.nc,82.28244185447693,0,-1.504608154296875
006008,Zárate,2021,PASO,2021-09-12,2021-08-01,SPEI12_genlogistic_global_era5_moda_ref1991to2020_202108.nc,100,50.14305114746094,-1.996382474899292
078001,Guer Aike,2021,PASO,2021-09-12,2021-08-01,SPEI12_genlogistic_global_era5_moda_ref1991to2020_202108.nc,83.4772527217865,71.817147731781,-2.0939595699310303
070001,Rawson,2021,PASO,2021-09-12,2021-08-01,SPEI12_genlogistic_global_era5_moda_ref1991to2020_202108.nc,0,0,-1.4747071266174316
050007,Luján de Cuyo,2021,PASO,2021-09-12,2021-08-01,SPEI12_genlogistic_global_era5_moda_ref1991to2020_202108.nc,79.54620122909546,51.15731358528137,-2.2487645149230957
050006,San Martín,2021,PASO,2021-09-12,2021-08-01,SPEI12_genlogistic_global_era5_moda_ref1991to2020_202108.nc,0,0,-1.1590611934661865
006007,Tandil,2021,PASO,2021-09-12,2021-08-01,SPEI12_genlogistic_global_era5_moda_ref1991to2020_202108.nc,0,0,-1.0898480415344238
014006,General San Martín,2021,PASO,2021-09-12,2021-08-01,SPEI12_genlogistic_global_era5_moda_ref1991to2020_202108.nc,62.142109870910645,0,-1.5422148704528809
062002,Bariloche,2021,PASO,2021-09-12,2021-08-01,SPEI12_genlogistic_global_era5_moda_ref1991to2020_202108.nc,73.4236478805542,1.644221879541874,-1.6188277006149292
026002,Rawson,2021,PASO,2021-09-12,2021-08-01,SPEI12_genlogistic_global_era5_moda_ref1991to2020_202108.nc,0,0,-0.2173212319612503
074002,"General Pedernera, Gobernador Dupuy",2021,PASO,2021-09-12,2021-08-01,SPEI12_genlogistic_global_era5_moda_ref1991to2020_202108.nc,76.43392086029053,4.840840771794319,-1.6835988759994507
086002,Banda,2021,PASO,2021-09-12,2021-08-01,SPEI12_genlogistic_global_era5_moda_ref1991to2020_202108.nc,100,0,-1.675607681274414
006006,San Nicolás,2021,PASO,2021-09-12,2021-08-01,SPEI12_genlogistic_global_era5_moda_ref1991to2020_202108.nc,17.3239067196846,0,-1.4824907779693604
066003,"Iruya, Orán, Santa Victoria",2021,PASO,2021-09-12,2021-08-01,SPEI12_genlogistic_global_era5_moda_ref1991to2020_202108.nc,76.03086233139038,19.74116712808609,-1.6051406860351563
082006,San Lorenzo,2021,PASO,2021-09-12,2021-08-01,SPEI12_genlogistic_global_era5_moda_ref1991to2020_202108.nc,0.3399400971829891,0,-1.4326475858688354
066002,General Jose de San Martín,2021,PASO,2021-09-12,2021-08-01,SPEI12_genlogistic_global_era5_moda_ref1991to2020_202108.nc,73.44627380371094,5.687510967254639,-1.620605707168579
010001,Capital,2021,PASO,2021-09-12,2021-08-01,SPEI12_genlogistic_global_era5_moda_ref1991to2020_202108.nc,100,44.36020255088806,-1.9772933721542358
006092,San Fernando,2021,PASO,2021-09-12,2021-08-01,SPEI12_genlogistic_global_era5_moda_ref1991to2020_202108.nc,100,13.8090580701828,-1.9679316282272339
014005,Punilla,2021,PASO,2021-09-12,2021-08-01,SPEI12_genlogistic_global_era5_moda_ref1991to2020_202108.nc,42.154014110565186,15.429732203483582,-1.5090216398239136
050005,Maipú,2021,PASO,2021-09-12,2021-08-01,SPEI12_genlogistic_global_era5_moda_ref1991to2020_202108.nc,1.4022506773471832,0,-1.2488869428634644
082005,General Obligado,2021,PASO,2021-09-12,2021-08-01,SPEI12_genlogistic_global_era5_moda_ref1991to2020_202108.nc,61.17103695869446,0,-1.5375611782073975
082004,Castellanos,2021,PASO,2021-09-12,2021-08-01,SPEI12_genlogistic_global_era5_moda_ref1991to2020_202108.nc,63.275688886642456,0,-1.58139967918396
046001,Capital,2021,PASO,2021-09-12,2021-08-01,SPEI12_genlogistic_global_era5_moda_ref1991to2020_202108.nc,64.35250043869019,1.952102780342102,-1.526346206665039
090002,Cruz Alta,2021,PASO,2021-09-12,2021-08-01,SPEI12_genlogistic_global_era5_moda_ref1991to2020_202108.nc,100,0,-1.6338579654693604
030002,"Colón, Concordia, Federal, Feliciano, San Salvador, Villaguay",2021,PASO,2021-09-12,2021-08-01,SPEI12_genlogistic_global_era5_moda_ref1991to2020_202108.nc,29.66667413711548,0,-1.4371678829193115
050004,San Rafael,2021,PASO,2021-09-12,2021-08-01,SPEI12_genlogistic_global_era5_moda_ref1991to2020_202108.nc,6.8293653428554535,6.744522601366043,-0.9048920273780823
026001,Escalante,2021,PASO,2021-09-12,2021-08-01,SPEI12_genlogistic_global_era5_moda_ref1991to2020_202108.nc,26.268136501312256,0,-1.4159376621246338
082003,General López,2021,PASO,2021-09-12,2021-08-01,SPEI12_genlogistic_global_era5_moda_ref1991to2020_202108.nc,16.41746014356613,0,-1.3923932313919067
050003,Godoy Cruz,2021,PASO,2021-09-12,2021-08-01,SPEI12_genlogistic_global_era5_moda_ref1991to2020_202108.nc,71.06924057006836,0,-1.4708985090255737
074001,La Capital,2021,PASO,2021-09-12,2021-08-01,SPEI12_genlogistic_global_era5_moda_ref1991to2020_202108.nc,45.943400263786316,0.07944651879370213,-1.4720295667648315
014004,San Justo,2021,PASO,2021-09-12,2021-08-01,SPEI12_genlogistic_global_era5_moda_ref1991to2020_202108.nc,86.37768030166626,0,-1.635063886642456
050002,Las Heras,2021,PASO,2021-09-12,2021-08-01,SPEI12_genlogistic_global_era5_moda_ref1991to2020_202108.nc,82.57270455360413,28.33305597305298,-2.082071542739868
006005,Escobar,2021,PASO,2021-09-12,2021-08-01,SPEI12_genlogistic_global_era5_moda_ref1991to2020_202108.nc,100,0,-1.9373078346252441
014003,Colón,2021,PASO,2021-09-12,2021-08-01,SPEI12_genlogistic_global_era5_moda_ref1991to2020_202108.nc,69.01471018791199,0,-1.5685420036315918
034001,Formosa,2021,PASO,2021-09-12,2021-08-01,SPEI12_genlogistic_global_era5_moda_ref1991to2020_202108.nc,100,67.98144578933716,-2.042694330215454
014002,Río Cuarto,2021,PASO,2021-09-12,2021-08-01,SPEI12_genlogistic_global_era5_moda_ref1991to2020_202108.nc,70.15913724899292,3.527744486927986,-1.661373257637024
038001,"Dr. Manuel Belgrano, Palpalá",2021,PASO,2021-09-12,2021-08-01,SPEI12_genlogistic_global_era5_moda_ref1991to2020_202108.nc,86.70311570167542,86.66178584098816,-2.3669049739837646
086001,Capital,2021,PASO,2021-09-12,2021-08-01,SPEI12_genlogistic_global_era5_moda_ref1991to2020_202108.nc,99.93875622749329,0,-1.6191627979278564
006091,Vicente López,2021,PASO,2021-09-12,2021-08-01,SPEI12_genlogistic_global_era5_moda_ref1991to2020_202108.nc,100,0,-1.699872374534607
050001,Guaymallén,2021,PASO,2021-09-12,2021-08-01,SPEI12_genlogistic_global_era5_moda_ref1991to2020_202108.nc,35.01725792884827,0,-1.4100942611694336
006090,San Isidro,2021,PASO,2021-09-12,2021-08-01,SPEI12_genlogistic_global_era5_moda_ref1991to2020_202108.nc,100,0,-1.699872374534607
006004,Bahía Blanca,2021,PASO,2021-09-12,2021-08-01,SPEI12_genlogistic_global_era5_moda_ref1991to2020_202108.nc,58.1989586353302,0,-1.463593602180481
006003,Pilar,2021,PASO,2021-09-12,2021-08-01,SPEI12_genlogistic_global_era5_moda_ref1991to2020_202108.nc,100,0,-1.6998772621154785
006089,"Esteban Echeverría, Ezeiza",2021,PASO,2021-09-12,2021-08-01,SPEI12_genlogistic_global_era5_moda_ref1991to2020_202108.nc,58.54827165603638,0,-1.534468412399292
062001,General Roca,2021,PASO,2021-09-12,2021-08-01,SPEI12_genlogistic_global_era5_moda_ref1991to2020_202108.nc,0,0,-0.7735705375671387
006088,"Hurlingham, Ituzaingo, Morón",2021,PASO,2021-09-12,2021-08-01,SPEI12_genlogistic_global_era5_moda_ref1991to2020_202108.nc,100,0,-1.6029218435287476
054001,"Capital, Leandro N. Alem",2021,PASO,2021-09-12,2021-08-01,SPEI12_genlogistic_global_era5_moda_ref1991to2020_202108.nc,100,68.01080703735352,-2.177934408187866
006087,Berazategui,2021,PASO,2021-09-12,2021-08-01,SPEI12_genlogistic_global_era5_moda_ref1991to2020_202108.nc,100,0,-1.6717556715011597
006086,"General Sarmiento, Jose C. Paz, Malvinas Argentinas, San Miguel",2021,PASO,2021-09-12,2021-08-01,SPEI12_genlogistic_global_era5_moda_ref1991to2020_202108.nc,100,0,-1.687965750694275
030001,Parana,2021,PASO,2021-09-12,2021-08-01,SPEI12_genlogistic_global_era5_moda_ref1991to2020_202108.nc,44.0525084733963,0,-1.5030282735824585
006085,Tres de Febrero,2021,PASO,2021-09-12,2021-08-01,SPEI12_genlogistic_global_era5_moda_ref1991to2020_202108.nc,100,0,-1.6839144229888916
006084,Avellaneda,2021,PASO,2021-09-12,2021-08-01,SPEI12_genlogistic_global_era5_moda_ref1991to2020_202108.nc,100,0,-1.6354647874832153
018001,Capital,2021,PASO,2021-09-12,2021-08-01,SPEI12_genlogistic_global_era5_moda_ref1991to2020_202108.nc,100,0,-1.9760503768920898
058001,Confluencia,2021,PASO,2021-09-12,2021-08-01,SPEI12_genlogistic_global_era5_moda_ref1991to2020_202108.nc,0,0,-0.9331205487251282
006083,Tigre,2021,PASO,2021-09-12,2021-08-01,SPEI12_genlogistic_global_era5_moda_ref1991to2020_202108.nc,100,0,-1.8264317512512207
022001,San Fernando,2021,PASO,2021-09-12,2021-08-01,SPEI12_genlogistic_global_era5_moda_ref1991to2020_202108.nc,100,0,-1.8015166521072388
006082,General San Martín,2021,PASO,2021-09-12,2021-08-01,SPEI12_genlogistic_global_era5_moda_ref1991to2020_202108.nc,100,0,-1.699872374534607
006081,Florencio Varela,2021,PASO,2021-09-12,2021-08-01,SPEI12_genlogistic_global_era5_moda_ref1991to2020_202108.nc,100,0,-1.6423826217651367
006080,Moreno,2021,PASO,2021-09-12,2021-08-01,SPEI12_genlogistic_global_era5_moda_ref1991to2020_202108.nc,100,0,-1.6227055788040161
006079,Lanus,2021,PASO,2021-09-12,2021-08-01,SPEI12_genlogistic_global_era5_moda_ref1991to2020_202108.nc,100,0,-1.5939996242523193
082002,La Capital,2021,PASO,2021-09-12,2021-08-01,SPEI12_genlogistic_global_era5_moda_ref1991to2020_202108.nc,0,0,-1.3257181644439697
066001,Capital,2021,PASO,2021-09-12,2021-08-01,SPEI12_genlogistic_global_era5_moda_ref1991to2020_202108.nc,100,100,-2.463613748550415
006078,Merlo,2021,PASO,2021-09-12,2021-08-01,SPEI12_genlogistic_global_era5_moda_ref1991to2020_202108.nc,100,0,-1.5188424587249756
006077,Almirante Brown,2021,PASO,2021-09-12,2021-08-01,SPEI12_genlogistic_global_era5_moda_ref1991to2020_202108.nc,92.39144325256348,0,-1.6081185340881348
006076,Quilmes,2021,PASO,2021-09-12,2021-08-01,SPEI12_genlogistic_global_era5_moda_ref1991to2020_202108.nc,100,0,-1.6424689292907715
006002,General Pueyrredón,2021,PASO,2021-09-12,2021-08-01,SPEI12_genlogistic_global_era5_moda_ref1991to2020_202108.nc,0,0,-0.6556981205940247
006075,Lomas de Zamora,2021,PASO,2021-09-12,2021-08-01,SPEI12_genlogistic_global_era5_moda_ref1991to2020_202108.nc,100,0,-1.5838876962661743
006001,La Plata,2021,PASO,2021-09-12,2021-08-01,SPEI12_genlogistic_global_era5_moda_ref1991to2020_202108.nc,100,0,-1.7153254747390747
002001,City of Buenos Aires,2021,PASO,2021-09-12,2021-08-01,SPEI12_genlogistic_global_era5_moda_ref1991to2020_202108.nc,100,0,-1.6486046314239502
090001,"Famaillá, Lules, Capital, Tafí del Valle, Tafí Viajo, Trancas, Yerba Buena",2021,PASO,2021-09-12,2021-08-01,SPEI12_genlogistic_global_era5_moda_ref1991to2020_202108.nc,70.9924578666687,17.583443224430084,-1.6399976015090942
082001,Rosario,2021,PASO,2021-09-12,2021-08-01,SPEI12_genlogistic_global_era5_moda_ref1991to2020_202108.nc,86.73590421676636,0,-1.5245122909545898
014001,Capital,2021,PASO,2021-09-12,2021-08-01,SPEI12_genlogistic_global_era5_moda_ref1991to2020_202108.nc,100,0,-1.5992642641067505
006074,La Matanza,2021,PASO,2021-09-12,2021-08-01,SPEI12_genlogistic_global_era5_moda_ref1991to2020_202108.nc,93.52377653121948,0,-1.5367330312728882
094002,Ushuaia,2021,PASO,2021-09-12,2021-08-01,SPEI12_genlogistic_global_era5_moda_ref1991to2020_202108.nc,0,0,-0.4532729983329773
006072,Saavedra,2021,GENERALES,2021-11-14,2021-10-01,SPEI12_genlogistic_global_era5_moda_ref1991to2020_202110.nc,0,0,-1.1481095552444458
006073,"Castelli, Maipú, Tordillo",2021,GENERALES,2021-11-14,2021-10-01,SPEI12_genlogistic_global_era5_moda_ref1991to2020_202110.nc,0,0,-0.8667171597480774
066013,Chicoana,2021,GENERALES,2021-11-14,2021-10-01,SPEI12_genlogistic_global_era5_moda_ref1991to2020_202110.nc,100,1.2483797036111355,-1.7469907999038696
018016,"General Alvear, San Martín",2021,GENERALES,2021-11-14,2021-10-01,SPEI12_genlogistic_global_era5_moda_ref1991to2020_202110.nc,77.68430709838867,0,-1.5897297859191895
006071,"General La Madrid, Laprida",2021,GENERALES,2021-11-14,2021-10-01,SPEI12_genlogistic_global_era5_moda_ref1991to2020_202110.nc,0,0,-0.8412075042724609
070012,"9 de Julio, San Martín",2021,GENERALES,2021-11-14,2021-10-01,SPEI12_genlogistic_global_era5_moda_ref1991to2020_202110.nc,0,0,-0.786603569984436
006070,Monte,2021,GENERALES,2021-11-14,2021-10-01,SPEI12_genlogistic_global_era5_moda_ref1991to2020_202110.nc,0,0,-1.0013624429702759
006069,Mar Chiquita,2021,GENERALES,2021-11-14,2021-10-01,SPEI12_genlogistic_global_era5_moda_ref1991to2020_202110.nc,0,0,-0.7150174379348755
062007,"Conesa, Pichi Mahuida",2021,GENERALES,2021-11-14,2021-10-01,SPEI12_genlogistic_global_era5_moda_ref1991to2020_202110.nc,26.703694462776184,0,-1.33733069896698
046006,"Chamical, General Belgrano",2021,GENERALES,2021-11-14,2021-10-01,SPEI12_genlogistic_global_era5_moda_ref1991to2020_202110.nc,42.37057566642761,0,-1.4953982830047607
078004,"Lago Buenos Aires, Magallanes, Río Chico",2021,GENERALES,2021-11-14,2021-10-01,SPEI12_genlogistic_global_era5_moda_ref1991to2020_202110.nc,9.201928973197937,0,-0.9799656867980957
082019,Garay,2021,GENERALES,2021-11-14,2021-10-01,SPEI12_genlogistic_global_era5_moda_ref1991to2020_202110.nc,0.09370195330120623,0.09370195330120623,-1.2799280881881714
086015,Avellaneda,2021,GENERALES,2021-11-14,2021-10-01,SPEI12_genlogistic_global_era5_moda_ref1991to2020_202110.nc,100,0,-1.774553656578064
066012,"Cafayate, La Vina",2021,GENERALES,2021-11-14,2021-10-01,SPEI12_genlogistic_global_era5_moda_ref1991to2020_202110.nc,38.156676292419434,0,-1.1713237762451172
074005,Chacabuco,2021,GENERALES,2021-11-14,2021-10-01,SPEI12_genlogistic_global_era5_moda_ref1991to2020_202110.nc,0,0,-0.7945514917373657
042007,"Hucal, Utracán",2021,GENERALES,2021-11-14,2021-10-01,SPEI12_genlogistic_global_era5_moda_ref1991to2020_202110.nc,1.4762750826776028,0,-0.9430947303771973
070011,Sarmiento,2021,GENERALES,2021-11-14,2021-10-01,SPEI12_genlogistic_global_era5_moda_ref1991to2020_202110.nc,0,0,-1.1835500001907349
006068,Carlos Casares,2021,GENERALES,2021-11-14,2021-10-01,SPEI12_genlogistic_global_era5_moda_ref1991to2020_202110.nc,100,0,-1.8118475675582886
026006,"Cushamen, Languiñeo",2021,GENERALES,2021-11-14,2021-10-01,SPEI12_genlogistic_global_era5_moda_ref1991to2020_202110.nc,95.77690362930298,74.1631805896759,-2.2921533584594727
018015,"Itatí, San Cosme",2021,GENERALES,2021-11-14,2021-10-01,SPEI12_genlogistic_global_era5_moda_ref1991to2020_202110.nc,92.20972657203674,0,-1.5912967920303345
086014,"Figueroa, Sarmiento",2021,GENERALES,2021-11-14,2021-10-01,SPEI12_genlogistic_global_era5_moda_ref1991to2020_202110.nc,100,0,-1.761621117591858
006067,San Andrés de Giles,2021,GENERALES,2021-11-14,2021-10-01,SPEI12_genlogistic_global_era5_moda_ref1991to2020_202110.nc,11.03101447224617,0,-1.4131443500518799
010007,"Antofagasta de la Sierra, Tinogasta",2021,GENERALES,2021-11-14,2021-10-01,SPEI12_genlogistic_global_era5_moda_ref1991to2020_202110.nc,21.42963409423828,5.086419731378555,-1.0551879405975342
018014,Saladas,2021,GENERALES,2021-11-14,2021-10-01,SPEI12_genlogistic_global_era5_moda_ref1991to2020_202110.nc,59.31624174118042,0,-1.5197993516921997
046005,"Arauco, Castro Barros, San Blas de los Sauces",2021,GENERALES,2021-11-14,2021-10-01,SPEI12_genlogistic_global_era5_moda_ref1991to2020_202110.nc,86.67373061180115,24.922308325767517,-1.8239631652832031
006066,Rojas,2021,GENERALES,2021-11-14,2021-10-01,SPEI12_genlogistic_global_era5_moda_ref1991to2020_202110.nc,46.20584547519684,46.20584547519684,-4.475821018218994
006065,"Carlos Tejedor, Florentino Ameghino, General Pinto",2021,GENERALES,2021-11-14,2021-10-01,SPEI12_genlogistic_global_era5_moda_ref1991to2020_202110.nc,79.76369857788086,0,-1.5791049003601074
086013,"Aguirre, Belgrano, Mitre, Rivadavia",2021,GENERALES,2021-11-14,2021-10-01,SPEI12_genlogistic_global_era5_moda_ref1991to2020_202110.nc,97.68818616867065,0,-1.7708784341812134
070010,"Calingasta, Iglesia, Ullúm, Zonda",2021,GENERALES,2021-11-14,2021-10-01,SPEI12_genlogistic_global_era5_moda_ref1991to2020_202110.nc,64.00116682052612,33.57003927230835,-1.931079626083374
086012,"Ojo de Agua, Quebrachos",2021,GENERALES,2021-11-14,2021-10-01,SPEI12_genlogistic_global_era5_moda_ref1991to2020_202110.nc,100,0,-1.6525896787643433
070009,Albardón,2021,GENERALES,2021-11-14,2021-10-01,SPEI12_genlogistic_global_era5_moda_ref1991to2020_202110.nc,0.27568561490625143,0,-0.9782865047454834
022015,Maipú,2021,GENERALES,2021-11-14,2021-10-01,SPEI12_genlogistic_global_era5_moda_ref1991to2020_202110.nc,47.35666811466217,0,-1.475846767425537
006064,Las Flores,2021,GENERALES,2021-11-14,2021-10-01,SPEI12_genlogistic_global_era5_moda_ref1991to2020_202110.nc,0,0,-1.034788966178894
006063,Colón,2021,GENERALES,2021-11-14,2021-10-01,SPEI12_genlogistic_global_era5_moda_ref1991to2020_202110.nc,0,0,-1.2718100547790527
022014,Bermejo,2021,GENERALES,2021-11-14,2021-10-01,SPEI12_genlogistic_global_era5_moda_ref1991to2020_202110.nc,99.51004385948181,0,-1.6405483484268188
006062,"Adolfo Alsina, Salliqueló",2021,GENERALES,2021-11-14,2021-10-01,SPEI12_genlogistic_global_era5_moda_ref1991to2020_202110.nc,0,0,-1.0274602174758911
030011,Tala,2021,GENERALES,2021-11-14,2021-10-01,SPEI12_genlogistic_global_era5_moda_ref1991to2020_202110.nc,50.90193748474121,43.78718137741089,-4.414780139923096
042006,"Caleu-Caleu, Cura-Co, Chalileo, Chical-Có, Lihuel Calel, Limay Mahuida, Leventué, Puelén",2021,GENERALES,2021-11-14,2021-10-01,SPEI12_genlogistic_global_era5_moda_ref1991to2020_202110.nc,2.496456541121006,0,-0.8829424381256104
050017,"La Paz, Santa Rosa",2021,GENERALES,2021-11-14,2021-10-01,SPEI12_genlogistic_global_era5_moda_ref1991to2020_202110.nc,0,0,-0.8553574085235596
066011,"Cachí, La Poma, Los Andes, Molinos, San Carlos",2021,GENERALES,2021-11-14,2021-10-01,SPEI12_genlogistic_global_era5_moda_ref1991to2020_202110.nc,0.5109553690999746,0,-0.7393083572387695
006061,Brandsen,2021,GENERALES,2021-11-14,2021-10-01,SPEI12_genlogistic_global_era5_moda_ref1991to2020_202110.nc,44.11178529262543,0,-1.4392175674438477
046004,"General Ocampo, General San Martín, Rosario Vera Peñaloza",2021,GENERALES,2021-11-14,2021-10-01,SPEI12_genlogistic_global_era5_moda_ref1991to2020_202110.nc,1.8419021740555763,0,-1.264389157295227
006060,"Daireaux, Hipólito Yrigoyen",2021,GENERALES,2021-11-14,2021-10-01,SPEI12_genlogistic_global_era5_moda_ref1991to2020_202110.nc,22.55043536424637,0,-1.2613651752471924
006059,Dolores,2021,GENERALES,2021-11-14,2021-10-01,SPEI12_genlogistic_global_era5_moda_ref1991to2020_202110.nc,0,0,-1.000821828842163
070008,"Jachal, Valle Fértil",2021,GENERALES,2021-11-14,2021-10-01,SPEI12_genlogistic_global_era5_moda_ref1991to2020_202110.nc,13.11642974615097,0.04129576263949275,-1.115966558456421
078003,"Corpen Aike, Lago Argentino",2021,GENERALES,2021-11-14,2021-10-01,SPEI12_genlogistic_global_era5_moda_ref1991to2020_202110.nc,26.419827342033386,12.244903296232224,-1.089472770690918
054015,Candelaria,2021,GENERALES,2021-11-14,2021-10-01,SPEI12_genlogistic_global_era5_moda_ref1991to2020_202110.nc,11.899050325155258,0,-1.471022129058838
054014,25 de Mayo,2021,GENERALES,2021-11-14,2021-10-01,SPEI12_genlogistic_global_era5_moda_ref1991to2020_202110.nc,100,0,-1.5475759506225586
042005,"Chapaleufú, Realicó",2021,GENERALES,2021-11-14,2021-10-01,SPEI12_genlogistic_global_era5_moda_ref1991to2020_202110.nc,94.04665231704712,0,-1.5687510967254639
074004,Junín,2021,GENERALES,2021-11-14,2021-10-01,SPEI12_genlogistic_global_era5_moda_ref1991to2020_202110.nc,0,0,-0.8090935349464417
050016,Malargue,2021,GENERALES,2021-11-14,2021-10-01,SPEI12_genlogistic_global_era5_moda_ref1991to2020_202110.nc,14.627860486507416,0,-0.825324535369873
066010,Rivadavia,2021,GENERALES,2021-11-14,2021-10-01,SPEI12_genlogistic_global_era5_moda_ref1991to2020_202110.nc,98.98932576179504,35.76345443725586,-1.9365736246109009
018013,Lavalle,2021,GENERALES,2021-11-14,2021-10-01,SPEI12_genlogistic_global_era5_moda_ref1991to2020_202110.nc,0,0,-1.2359555959701538
006058,"General Belgrano, General Paz",2021,GENERALES,2021-11-14,2021-10-01,SPEI12_genlogistic_global_era5_moda_ref1991to2020_202110.nc,0,0,-1.1065270900726318
086011,"Loreto, Silipica",2021,GENERALES,2021-11-14,2021-10-01,SPEI12_genlogistic_global_era5_moda_ref1991to2020_202110.nc,63.71024250984192,0,-1.5155515670776367
010006,"Ancasti, El Alto, La Paz",2021,GENERALES,2021-11-14,2021-10-01,SPEI12_genlogistic_global_era5_moda_ref1991to2020_202110.nc,70.50829529762268,0,-1.5530023574829102
034005,"Matacos, Ramón Lista",2021,GENERALES,2021-11-14,2021-10-01,SPEI12_genlogistic_global_era5_moda_ref1991to2020_202110.nc,55.40149807929993,0,-1.487082600593567
006057,Exaltación de la Cruz,2021,GENERALES,2021-11-14,2021-10-01,SPEI12_genlogistic_global_era5_moda_ref1991to2020_202110.nc,41.34289622306824,0,-1.522644281387329
006056,Arrecifes,2021,GENERALES,2021-11-14,2021-10-01,SPEI12_genlogistic_global_era5_moda_ref1991to2020_202110.nc,10.49598902463913,0,-1.4062427282333374
082018,9 de Julio,2021,GENERALES,2021-11-14,2021-10-01,SPEI12_genlogistic_global_era5_moda_ref1991to2020_202110.nc,53.624916076660156,0,-1.4822673797607422
062006,San Antonio,2021,GENERALES,2021-11-14,2021-10-01,SPEI12_genlogistic_global_era5_moda_ref1991to2020_202110.nc,0,0,-0.28737199306488037
006055,Patagones,2021,GENERALES,2021-11-14,2021-10-01,SPEI12_genlogistic_global_era5_moda_ref1991to2020_202110.nc,65.68187475204468,0,-1.5700345039367676
086010,Copo,2021,GENERALES,2021-11-14,2021-10-01,SPEI12_genlogistic_global_era5_moda_ref1991to2020_202110.nc,100,2.498636022210121,-1.866480827331543
014021,"Río Seco, Sobremonte, Tulumba",2021,GENERALES,2021-11-14,2021-10-01,SPEI12_genlogistic_global_era5_moda_ref1991to2020_202110.nc,65.7840371131897,0.5652925930917263,-1.5871641635894775
054013,San Pedro,2021,GENERALES,2021-11-14,2021-10-01,SPEI12_genlogistic_global_era5_moda_ref1991to2020_202110.nc,76.29020810127258,0.6959917023777962,-1.6864128112792969
006054,"General Juan Madariaga, Pinamar, Villa Gesell",2021,GENERALES,2021-11-14,2021-10-01,SPEI12_genlogistic_global_era5_moda_ref1991to2020_202110.nc,0,0,-0.3799969255924225
018012,Esquina,2021,GENERALES,2021-11-14,2021-10-01,SPEI12_genlogistic_global_era5_moda_ref1991to2020_202110.nc,0,0,-1.3908370733261108
022013,Chacabuco,2021,GENERALES,2021-11-14,2021-10-01,SPEI12_genlogistic_global_era5_moda_ref1991to2020_202110.nc,99.16759729385376,0,-1.561882495880127
006053,General Villegas,2021,GENERALES,2021-11-14,2021-10-01,SPEI12_genlogistic_global_era5_moda_ref1991to2020_202110.nc,30.938926339149475,0,-1.466694712638855
038006,"Humahuaca, Tilcara, Valle Grande",2021,GENERALES,2021-11-14,2021-10-01,SPEI12_genlogistic_global_era5_moda_ref1991to2020_202110.nc,31.395286321640015,0,-0.7694557905197144
006052,"General Arenales, Leandro N. Alem",2021,GENERALES,2021-11-14,2021-10-01,SPEI12_genlogistic_global_era5_moda_ref1991to2020_202110.nc,4.366904869675636,0,-1.4154202938079834
086009,"Atamisqui, Salavina, San Martín",2021,GENERALES,2021-11-14,2021-10-01,SPEI12_genlogistic_global_era5_moda_ref1991to2020_202110.nc,99.64227080345154,0,-1.6776962280273438
046003,"Coronel Felipe Varela, Famatina, General Angel V. Peñaloza, General Juan F. Quiroga, General Lamadrid, Vinchina, Independencia, Sanagasta",2021,GENERALES,2021-11-14,2021-10-01,SPEI12_genlogistic_global_era5_moda_ref1991to2020_202110.nc,35.883718729019165,10.960090905427933,-1.451837182044983
054012,"Concepción, San Javier",2021,GENERALES,2021-11-14,2021-10-01,SPEI12_genlogistic_global_era5_moda_ref1991to2020_202110.nc,0.3563154488801956,0,-1.3071224689483643
082017,San Javier,2021,GENERALES,2021-11-14,2021-10-01,SPEI12_genlogistic_global_era5_moda_ref1991to2020_202110.nc,0,0,-1.2954672574996948
006051,Baradero,2021,GENERALES,2021-11-14,2021-10-01,SPEI12_genlogistic_global_era5_moda_ref1991to2020_202110.nc,97.9871928691864,0,-1.723734736442566
006050,Saladillo,2021,GENERALES,2021-11-14,2021-10-01,SPEI12_genlogistic_global_era5_moda_ref1991to2020_202110.nc,22.588355839252472,0,-1.3857519626617432
050015,Tupungato,2021,GENERALES,2021-11-14,2021-10-01,SPEI12_genlogistic_global_era5_moda_ref1991to2020_202110.nc,10.148807615041733,0,-0.9610717296600342
050014,San Carlos,2021,GENERALES,2021-11-14,2021-10-01,SPEI12_genlogistic_global_era5_moda_ref1991to2020_202110.nc,12.813052535057068,0,-1.1070507764816284
006049,Salto,2021,GENERALES,2021-11-14,2021-10-01,SPEI12_genlogistic_global_era5_moda_ref1991to2020_202110.nc,0,0,-1.2733086347579956
006048,Ramallo,2021,GENERALES,2021-11-14,2021-10-01,SPEI12_genlogistic_global_era5_moda_ref1991to2020_202110.nc,68.67438554763794,0,-1.4935543537139893
022012,"12 de Octubre, 2 de Abril, Fray Justo Sta. María de Oro",2021,GENERALES,2021-11-14,2021-10-01,SPEI12_genlogistic_global_era5_moda_ref1991to2020_202110.nc,100,0,-1.5573415756225586
022011,Quitilipi,2021,GENERALES,2021-11-14,2021-10-01,SPEI12_genlogistic_global_era5_moda_ref1991to2020_202110.nc,0,0,-1.4025460481643677
022010,Almirante Brown,2021,GENERALES,2021-11-14,2021-10-01,SPEI12_genlogistic_global_era5_moda_ref1991to2020_202110.nc,100,0.2332415897399187,-1.8229644298553467
022009,"General Belgrano, Independencia",2021,GENERALES,2021-11-14,2021-10-01,SPEI12_genlogistic_global_era5_moda_ref1991to2020_202110.nc,57.562488317489624,0,-1.5181533098220825
042004,"Atreucó, Catriló, Guatrache, Quemú-Quemú",2021,GENERALES,2021-11-14,2021-10-01,SPEI12_genlogistic_global_era5_moda_ref1991to2020_202110.nc,11.496074497699738,0,-1.2222262620925903
062005,Avellaneda,2021,GENERALES,2021-11-14,2021-10-01,SPEI12_genlogistic_global_era5_moda_ref1991to2020_202110.nc,0,0,-0.5207582116127014
030010,Victoria,2021,GENERALES,2021-11-14,2021-10-01,SPEI12_genlogistic_global_era5_moda_ref1991to2020_202110.nc,2.6023367419838905,0,-1.3549681901931763
066009,Cerrillos,2021,GENERALES,2021-11-14,2021-10-01,SPEI12_genlogistic_global_era5_moda_ref1991to2020_202110.nc,100,33.17667245864868,-2.000286340713501
010005,"Ambato, Capayán, Paclín, Santa Rosa",2021,GENERALES,2021-11-14,2021-10-01,SPEI12_genlogistic_global_era5_moda_ref1991to2020_202110.nc,60.89498996734619,10.243339836597443,-1.5686599016189575
086008,"Jiménez, Pellegrini",2021,GENERALES,2021-11-14,2021-10-01,SPEI12_genlogistic_global_era5_moda_ref1991to2020_202110.nc,83.16584825515747,0,-1.5719475746154785
014020,General Roca,2021,GENERALES,2021-11-14,2021-10-01,SPEI12_genlogistic_global_era5_moda_ref1991to2020_202110.nc,58.691298961639404,0,-1.5218594074249268
014019,San Alberto,2021,GENERALES,2021-11-14,2021-10-01,SPEI12_genlogistic_global_era5_moda_ref1991to2020_202110.nc,23.140422999858856,0,-1.2814334630966187
054011,Montecarlo,2021,GENERALES,2021-11-14,2021-10-01,SPEI12_genlogistic_global_era5_moda_ref1991to2020_202110.nc,92.76277422904968,0,-1.6706056594848633
014018,Presidente Roque Saénz Peña,2021,GENERALES,2021-11-14,2021-10-01,SPEI12_genlogistic_global_era5_moda_ref1991to2020_202110.nc,0.9169972501695156,0,-1.3555911779403687
050013,Lavalle,2021,GENERALES,2021-11-14,2021-10-01,SPEI12_genlogistic_global_era5_moda_ref1991to2020_202110.nc,0,0,-1.1203298568725586
006047,"Capitán Sarmiento, San Antonio de Areco",2021,GENERALES,2021-11-14,2021-10-01,SPEI12_genlogistic_global_era5_moda_ref1991to2020_202110.nc,52.875059843063354,0,-1.5178523063659668
018011,Monte Caseros,2021,GENERALES,2021-11-14,2021-10-01,SPEI12_genlogistic_global_era5_moda_ref1991to2020_202110.nc,0,0,-1.184812307357788
010004,"Belén, Pomán",2021,GENERALES,2021-11-14,2021-10-01,SPEI12_genlogistic_global_era5_moda_ref1991to2020_202110.nc,69.77807879447937,30.98064363002777,-1.6977163553237915
058005,Zapala,2021,GENERALES,2021-11-14,2021-10-01,SPEI12_genlogistic_global_era5_moda_ref1991to2020_202110.nc,71.86951041221619,0.006093904084991664,-1.713096261024475
006046,"Guaminí, Pellegrini, Rivadavia, Tres Lomas",2021,GENERALES,2021-11-14,2021-10-01,SPEI12_genlogistic_global_era5_moda_ref1991to2020_202110.nc,3.1482264399528503,0,-1.1193429231643677
018010,Bella Vista,2021,GENERALES,2021-11-14,2021-10-01,SPEI12_genlogistic_global_era5_moda_ref1991to2020_202110.nc,22.469305992126465,0,-1.4517189264297485
006045,Coronel Suárez,2021,GENERALES,2021-11-14,2021-10-01,SPEI12_genlogistic_global_era5_moda_ref1991to2020_202110.nc,0,0,-1.040202260017395
058004,"Chos Malal, Pehuenches",2021,GENERALES,2021-11-14,2021-10-01,SPEI12_genlogistic_global_era5_moda_ref1991to2020_202110.nc,0,0,-1.0316202640533447
090005,Burruyacú,2021,GENERALES,2021-11-14,2021-10-01,SPEI12_genlogistic_global_era5_moda_ref1991to2020_202110.nc,34.9380224943161,0,-1.520590901374817
050012,Junín,2021,GENERALES,2021-11-14,2021-10-01,SPEI12_genlogistic_global_era5_moda_ref1991to2020_202110.nc,0,0,-0.976773202419281
066008,"Guachipas, La Candelaria, Rosario de la Frontera",2021,GENERALES,2021-11-14,2021-10-01,SPEI12_genlogistic_global_era5_moda_ref1991to2020_202110.nc,69.97255682945251,0,-1.5814045667648315
006044,Pehuajó,2021,GENERALES,2021-11-14,2021-10-01,SPEI12_genlogistic_global_era5_moda_ref1991to2020_202110.nc,82.37374424934387,0,-1.661975383758545
086007,General Taboada,2021,GENERALES,2021-11-14,2021-10-01,SPEI12_genlogistic_global_era5_moda_ref1991to2020_202110.nc,100,0,-1.7858816385269165
030009,Nogoyá,2021,GENERALES,2021-11-14,2021-10-01,SPEI12_genlogistic_global_era5_moda_ref1991to2020_202110.nc,18.38749498128891,10.912103950977325,-2.1150050163269043
026005,"Florentino Ameghino, Gaimán, Gastre, Mártires, Paso de los Indios, Río Senguer, Sarmiento, Tehuelches, Telsen",2021,GENERALES,2021-11-14,2021-10-01,SPEI12_genlogistic_global_era5_moda_ref1991to2020_202110.nc,51.21013522148132,30.267426371574402,-1.5760716199874878
010003,"Fray Mamerto Esquiú, Valle Viejo",2021,GENERALES,2021-11-14,2021-10-01,SPEI12_genlogistic_global_era5_moda_ref1991to2020_202110.nc,16.266869008541107,0,-1.4405312538146973
066007,Metán,2021,GENERALES,2021-11-14,2021-10-01,SPEI12_genlogistic_global_era5_moda_ref1991to2020_202110.nc,100,0.04079598584212363,-1.7132264375686646
006043,"Adolfo González Chaves, Benito Juárez, San Cayetano",2021,GENERALES,2021-11-14,2021-10-01,SPEI12_genlogistic_global_era5_moda_ref1991to2020_202110.nc,0,0,-0.9717466235160828
018009,Mercedes,2021,GENERALES,2021-11-14,2021-10-01,SPEI12_genlogistic_global_era5_moda_ref1991to2020_202110.nc,23.39920401573181,0,-1.4027146100997925
010002,"Andalgalá, Santa María",2021,GENERALES,2021-11-14,2021-10-01,SPEI12_genlogistic_global_era5_moda_ref1991to2020_202110.nc,53.38243246078491,25.058847665786743,-1.5955328941345215
018008,"Empedrado, Mburucuyá, San Luis del Palmar",2021,GENERALES,2021-11-14,2021-10-01,SPEI12_genlogistic_global_era5_moda_ref1991to2020_202110.nc,92.37688183784485,0,-1.6035438776016235
006042,Bragado,2021,GENERALES,2021-11-14,2021-10-01,SPEI12_genlogistic_global_era5_moda_ref1991to2020_202110.nc,100,0,-1.7791351079940796
006041,General Alvarado,2021,GENERALES,2021-11-14,2021-10-01,SPEI12_genlogistic_global_era5_moda_ref1991to2020_202110.nc,0,0,-0.8204405307769775
062004,"El Cuy, 9 de Julio, Ñorquincó, Pilcaniyeu, Valcheta, 25 de Mayo",2021,GENERALES,2021-11-14,2021-10-01,SPEI12_genlogistic_global_era5_moda_ref1991to2020_202110.nc,44.10950243473053,28.44124734401703,-1.1192950010299683
074003,"Ayacucho, Belgrano, Coronel Pringles, Libertador General San Martín",2021,GENERALES,2021-11-14,2021-10-01,SPEI12_genlogistic_global_era5_moda_ref1991to2020_202110.nc,48.98614287376404,0,-1.4798333644866943
018007,"Ituzaingó, San Miguel",2021,GENERALES,2021-11-14,2021-10-01,SPEI12_genlogistic_global_era5_moda_ref1991to2020_202110.nc,38.90179395675659,0,-1.4804723262786865
082016,San Justo,2021,GENERALES,2021-11-14,2021-10-01,SPEI12_genlogistic_global_era5_moda_ref1991to2020_202110.nc,0,0,-1.2853808403015137
006040,"Carmen de Areco, Navarro, Suipacha",2021,GENERALES,2021-11-14,2021-10-01,SPEI12_genlogistic_global_era5_moda_ref1991to2020_202110.nc,10.96678152680397,0,-1.4124354124069214
006039,"Ayacucho, General Guido, Pila, Rauch",2021,GENERALES,2021-11-14,2021-10-01,SPEI12_genlogistic_global_era5_moda_ref1991to2020_202110.nc,0,0,-0.989497721195221
042003,"Conhello, Rancul, Toay, Trenel",2021,GENERALES,2021-11-14,2021-10-01,SPEI12_genlogistic_global_era5_moda_ref1991to2020_202110.nc,55.878621339797974,0,-1.4668365716934204
086006,"Choya, Guasayan",2021,GENERALES,2021-11-14,2021-10-01,SPEI12_genlogistic_global_era5_moda_ref1991to2020_202110.nc,87.14986443519592,0,-1.561814785003662
054010,General Manuel Belgrano,2021,GENERALES,2021-11-14,2021-10-01,SPEI12_genlogistic_global_era5_moda_ref1991to2020_202110.nc,100,7.56809189915657,-1.9035670757293701
006038,Trenque Lauquen,2021,GENERALES,2021-11-14,2021-10-01,SPEI12_genlogistic_global_era5_moda_ref1991to2020_202110.nc,0.852358341217041,0,-1.2902432680130005
026004,Futaleufú,2021,GENERALES,2021-11-14,2021-10-01,SPEI12_genlogistic_global_era5_moda_ref1991to2020_202110.nc,94.9281394481659,29.866579174995422,-2.3262178897857666
054009,Apóstoles,2021,GENERALES,2021-11-14,2021-10-01,SPEI12_genlogistic_global_era5_moda_ref1991to2020_202110.nc,0,0,-1.3414080142974854
022008,"General Donovan, Libertad, Presidencia de La Plaza, Tapenaga",2021,GENERALES,2021-11-14,2021-10-01,SPEI12_genlogistic_global_era5_moda_ref1991to2020_202110.nc,36.44908368587494,0,-1.4822192192077637
006037,"Puan, Villarino",2021,GENERALES,2021-11-14,2021-10-01,SPEI12_genlogistic_global_era5_moda_ref1991to2020_202110.nc,53.943705558776855,0,-1.4579036235809326
038005,"Cochinoca, Rinconada, Santa Catalina, Susques, Tumbaya, Yaví",2021,GENERALES,2021-11-14,2021-10-01,SPEI12_genlogistic_global_era5_moda_ref1991to2020_202110.nc,1.4524600468575954,0.9742908179759979,-0.49318206310272217
086005,Robles,2021,GENERALES,2021-11-14,2021-10-01,SPEI12_genlogistic_global_era5_moda_ref1991to2020_202110.nc,100,0,-1.7593353986740112
030008,Diamante,2021,GENERALES,2021-11-14,2021-10-01,SPEI12_genlogistic_global_era5_moda_ref1991to2020_202110.nc,0,0,-1.3273152112960815
082015,Belgrano,2021,GENERALES,2021-11-14,2021-10-01,SPEI12_genlogistic_global_era5_moda_ref1991to2020_202110.nc,0,0,-1.3654148578643799
050011,General Alvear,2021,GENERALES,2021-11-14,2021-10-01,SPEI12_genlogistic_global_era5_moda_ref1991to2020_202110.nc,0,0,-0.815915584564209
014017,Río Primero,2021,GENERALES,2021-11-14,2021-10-01,SPEI12_genlogistic_global_era5_moda_ref1991to2020_202110.nc,100,0,-1.6480591297149658
006036,9 de Julio,2021,GENERALES,2021-11-14,2021-10-01,SPEI12_genlogistic_global_era5_moda_ref1991to2020_202110.nc,100,0,-1.8980414867401123
066006,General Güemes,2021,GENERALES,2021-11-14,2021-10-01,SPEI12_genlogistic_global_era5_moda_ref1991to2020_202110.nc,100,71.48042321205139,-2.1924943923950195
066005,"La Caldera, Rosario de Lerma",2021,GENERALES,2021-11-14,2021-10-01,SPEI12_genlogistic_global_era5_moda_ref1991to2020_202110.nc,40.880286693573,19.028601050376892,-1.0208934545516968
054008,Libertador General San Martín,2021,GENERALES,2021-11-14,2021-10-01,SPEI12_genlogistic_global_era5_moda_ref1991to2020_202110.nc,82.47411847114563,0,-1.5895801782608032
070007,Santa Lucía,2021,GENERALES,2021-11-14,2021-10-01,SPEI12_genlogistic_global_era5_moda_ref1991to2020_202110.nc,0,0,-1.0182502269744873
018006,Paso de los Libres,2021,GENERALES,2021-11-14,2021-10-01,SPEI12_genlogistic_global_era5_moda_ref1991to2020_202110.nc,12.6943439245224,0,-1.4204699993133545
022007,"9 de Julio, O'Higgins",2021,GENERALES,2021-11-14,2021-10-01,SPEI12_genlogistic_global_era5_moda_ref1991to2020_202110.nc,64.00752067565918,0,-1.5392789840698242
006035,Chacabuco,2021,GENERALES,2021-11-14,2021-10-01,SPEI12_genlogistic_global_era5_moda_ref1991to2020_202110.nc,41.58660173416138,0,-1.4700483083724976
046002,Chilecito,2021,GENERALES,2021-11-14,2021-10-01,SPEI12_genlogistic_global_era5_moda_ref1991to2020_202110.nc,94.01954412460327,14.050836861133575,-1.6935076713562012
014016,"Ischilín, Totoral",2021,GENERALES,2021-11-14,2021-10-01,SPEI12_genlogistic_global_era5_moda_ref1991to2020_202110.nc,20.39005011320114,0,-1.3339519500732422
050010,Tunuyán,2021,GENERALES,2021-11-14,2021-10-01,SPEI12_genlogistic_global_era5_moda_ref1991to2020_202110.nc,35.12400984764099,0,-1.2519571781158447
006034,"Coronel Dorrego, Coronel Pringles, Monte Hermoso, Tornquist",2021,GENERALES,2021-11-14,2021-10-01,SPEI12_genlogistic_global_era5_moda_ref1991to2020_202110.nc,2.925071306526661,0,-1.1596400737762451
006033,"General Las Heras, Lobos",2021,GENERALES,2021-11-14,2021-10-01,SPEI12_genlogistic_global_era5_moda_ref1991to2020_202110.nc,11.116134375333786,0,-1.2383267879486084
030007,Gualeguay,2021,GENERALES,2021-11-14,2021-10-01,SPEI12_genlogistic_global_era5_moda_ref1991to2020_202110.nc,17.749421298503876,0,-1.4643571376800537
014015,Calamuchita,2021,GENERALES,2021-11-14,2021-10-01,SPEI12_genlogistic_global_era5_moda_ref1991to2020_202110.nc,13.641257584095001,0,-1.3076969385147095
082014,Vera,2021,GENERALES,2021-11-14,2021-10-01,SPEI12_genlogistic_global_era5_moda_ref1991to2020_202110.nc,0.34200125373899937,0,-1.3520495891571045
006032,Marcos Paz,2021,GENERALES,2021-11-14,2021-10-01,SPEI12_genlogistic_global_era5_moda_ref1991to2020_202110.nc,79.32480573654175,0,-1.4996041059494019
070006,Pocito,2021,GENERALES,2021-11-14,2021-10-01,SPEI12_genlogistic_global_era5_moda_ref1991to2020_202110.nc,25.81186592578888,0,-1.1454061269760132
018005,"Curuzú Cuatiá, Sauce",2021,GENERALES,2021-11-14,2021-10-01,SPEI12_genlogistic_global_era5_moda_ref1991to2020_202110.nc,0,0,-1.307847023010254
014014,San Javier,2021,GENERALES,2021-11-14,2021-10-01,SPEI12_genlogistic_global_era5_moda_ref1991to2020_202110.nc,0,0,-0.8259219527244568
006031,Cañuelas,2021,GENERALES,2021-11-14,2021-10-01,SPEI12_genlogistic_global_era5_moda_ref1991to2020_202110.nc,0,0,-1.1666406393051147
006030,"Bolívar, General Alvear, Tapalqué",2021,GENERALES,2021-11-14,2021-10-01,SPEI12_genlogistic_global_era5_moda_ref1991to2020_202110.nc,54.178428649902344,0,-1.4859989881515503
054007,Cainguas,2021,GENERALES,2021-11-14,2021-10-01,SPEI12_genlogistic_global_era5_moda_ref1991to2020_202110.nc,65.89818596839905,0,-1.4983469247817993
058003,"Huiliches, Lácar, Los Lagos",2021,GENERALES,2021-11-14,2021-10-01,SPEI12_genlogistic_global_era5_moda_ref1991to2020_202110.nc,100,27.76961326599121,-1.8869733810424805
086004,Río Hondo,2021,GENERALES,2021-11-14,2021-10-01,SPEI12_genlogistic_global_era5_moda_ref1991to2020_202110.nc,100,0,-1.584191083908081
022006,Mayor Luis J. Fontana,2021,GENERALES,2021-11-14,2021-10-01,SPEI12_genlogistic_global_era5_moda_ref1991to2020_202110.nc,71.04441523551941,0,-1.502961277961731
090004,Leales,2021,GENERALES,2021-11-14,2021-10-01,SPEI12_genlogistic_global_era5_moda_ref1991to2020_202110.nc,96.88738584518433,0,-1.6052311658859253
058002,"Aluminé, Añelo, Catán-Lil, Collón-Cura, Loncopué, Minas, Ñorquin, Picún-Leufú, Picunches",2021,GENERALES,2021-11-14,2021-10-01,SPEI12_genlogistic_global_era5_moda_ref1991to2020_202110.nc,41.377654671669006,8.638498932123184,-1.4478535652160645
018004,"Berón de Astrada, Concepción, General Paz, San Roque",2021,GENERALES,2021-11-14,2021-10-01,SPEI12_genlogistic_global_era5_moda_ref1991to2020_202110.nc,18.03949326276779,0,-1.4117077589035034
050009,Rivadavia,2021,GENERALES,2021-11-14,2021-10-01,SPEI12_genlogistic_global_era5_moda_ref1991to2020_202110.nc,0,0,-0.9545081853866577
006029,Ensenada,2021,GENERALES,2021-11-14,2021-10-01,SPEI12_genlogistic_global_era5_moda_ref1991to2020_202110.nc,9.741278737783432,0,-1.4980543851852417
006028,Tres Arroyos,2021,GENERALES,2021-11-14,2021-10-01,SPEI12_genlogistic_global_era5_moda_ref1991to2020_202110.nc,1.9028367474675179,0,-1.1550359725952148
066004,Anta,2021,GENERALES,2021-11-14,2021-10-01,SPEI12_genlogistic_global_era5_moda_ref1991to2020_202110.nc,100,8.031664788722992,-1.7941126823425293
054006,San Ignacio,2021,GENERALES,2021-11-14,2021-10-01,SPEI12_genlogistic_global_era5_moda_ref1991to2020_202110.nc,98.52085709571838,0,-1.667966365814209
042002,Maracó,2021,GENERALES,2021-11-14,2021-10-01,SPEI12_genlogistic_global_era5_moda_ref1991to2020_202110.nc,44.28422152996063,0,-1.4713551998138428
062003,Adolfo Alsina,2021,GENERALES,2021-11-14,2021-10-01,SPEI12_genlogistic_global_era5_moda_ref1991to2020_202110.nc,0,0,-1.0534218549728394
006027,San Pedro,2021,GENERALES,2021-11-14,2021-10-01,SPEI12_genlogistic_global_era5_moda_ref1991to2020_202110.nc,94.0916121006012,0,-1.672868013381958
018003,Santo Tomé,2021,GENERALES,2021-11-14,2021-10-01,SPEI12_genlogistic_global_era5_moda_ref1991to2020_202110.nc,76.18231177330017,0,-1.584797978401184
006026,"Alberti, Roque Pérez, 25 de Mayo",2021,GENERALES,2021-11-14,2021-10-01,SPEI12_genlogistic_global_era5_moda_ref1991to2020_202110.nc,78.88139486312866,0,-1.5722938776016235
006025,"Chascomus, Magdalena, Punta Indio",2021,GENERALES,2021-11-14,2021-10-01,SPEI12_genlogistic_global_era5_moda_ref1991to2020_202110.nc,26.771730184555054,0,-1.29481041431427
006024,"General Viamonte, Lincoln",2021,GENERALES,2021-11-14,2021-10-01,SPEI12_genlogistic_global_era5_moda_ref1991to2020_202110.nc,83.13833475112915,0,-1.640193223953247
022005,"San Lorenzo, Sargento Cabral, 25 de Mayo",2021,GENERALES,2021-11-14,2021-10-01,SPEI12_genlogistic_global_era5_moda_ref1991to2020_202110.nc,21.109186112880707,0,-1.4521682262420654
006023,Coronel de Marine L. Rosales,2021,GENERALES,2021-11-14,2021-10-01,SPEI12_genlogistic_global_era5_moda_ref1991to2020_202110.nc,32.64270722866058,0,-1.4897234439849854
006022,"Balcarce, Lobería",2021,GENERALES,2021-11-14,2021-10-01,SPEI12_genlogistic_global_era5_moda_ref1991to2020_202110.nc,0,0,-0.9765072464942932
006021,Mercedes,2021,GENERALES,2021-11-14,2021-10-01,SPEI12_genlogistic_global_era5_moda_ref1991to2020_202110.nc,73.36280345916748,0,-1.5202127695083618
014013,Juárez Celman,2021,GENERALES,2021-11-14,2021-10-01,SPEI12_genlogistic_global_era5_moda_ref1991to2020_202110.nc,0,0,-1.2439618110656738
070005,"Angaco, Caucete, 25 de Mayo",2021,GENERALES,2021-11-14,2021-10-01,SPEI12_genlogistic_global_era5_moda_ref1991to2020_202110.nc,0,0,-1.058131217956543
082013,San Martín,2021,GENERALES,2021-11-14,2021-10-01,SPEI12_genlogistic_global_era5_moda_ref1991to2020_202110.nc,0,0,-1.3359078168869019
006020,Chivilcoy,2021,GENERALES,2021-11-14,2021-10-01,SPEI12_genlogistic_global_era5_moda_ref1991to2020_202110.nc,16.96949452161789,0,-1.449198842048645
006019,Azul,2021,GENERALES,2021-11-14,2021-10-01,SPEI12_genlogistic_global_era5_moda_ref1991to2020_202110.nc,0,0,-0.7945852279663086
082012,Iriondo,2021,GENERALES,2021-11-14,2021-10-01,SPEI12_genlogistic_global_era5_moda_ref1991to2020_202110.nc,0,0,-1.3343230485916138
086003,"Alberdi, Juan F. Ibarra, Moreno",2021,GENERALES,2021-11-14,2021-10-01,SPEI12_genlogistic_global_era5_moda_ref1991to2020_202110.nc,100,2.7179792523384094,-1.7848567962646484
082011,San Cristóbal,2021,GENERALES,2021-11-14,2021-10-01,SPEI12_genlogistic_global_era5_moda_ref1991to2020_202110.nc,35.61135232448578,0.022350731887854636,-1.4413973093032837
022004,General Güemes,2021,GENERALES,2021-11-14,2021-10-01,SPEI12_genlogistic_global_era5_moda_ref1991to2020_202110.nc,99.67448711395264,30.07965087890625,-1.8796937465667725
030006,La Paz,2021,GENERALES,2021-11-14,2021-10-01,SPEI12_genlogistic_global_era5_moda_ref1991to2020_202110.nc,3.1004736199975014,3.1004736199975014,-1.4727427959442139
030005,Federación,2021,GENERALES,2021-11-14,2021-10-01,SPEI12_genlogistic_global_era5_moda_ref1991to2020_202110.nc,0,0,-1.1784858703613281
054005,Guaraní,2021,GENERALES,2021-11-14,2021-10-01,SPEI12_genlogistic_global_era5_moda_ref1991to2020_202110.nc,48.61515760421753,0,-1.5398504734039307
014012,"Cruz del Eje, Minas, Pocho",2021,GENERALES,2021-11-14,2021-10-01,SPEI12_genlogistic_global_era5_moda_ref1991to2020_202110.nc,41.10133349895477,0,-1.459311842918396
022003,"Libertador General San Martín, 1 de Mayo",2021,GENERALES,2021-11-14,2021-10-01,SPEI12_genlogistic_global_era5_moda_ref1991to2020_202110.nc,44.145843386650085,0,-1.4945012331008911
094001,"Río Grande, Antarctic Argentina",2021,GENERALES,2021-11-14,2021-10-01,SPEI12_genlogistic_global_era5_moda_ref1991to2020_202110.nc,1.5298696234822273,0,-0.6460940837860107
006018,"General Lavalle, La Costa",2021,GENERALES,2021-11-14,2021-10-01,SPEI12_genlogistic_global_era5_moda_ref1991to2020_202110.nc,0,0,-0.664589524269104
038004,San Pedro,2021,GENERALES,2021-11-14,2021-10-01,SPEI12_genlogistic_global_era5_moda_ref1991to2020_202110.nc,100,90.42134284973145,-2.2828829288482666
054004,El Dorado,2021,GENERALES,2021-11-14,2021-10-01,SPEI12_genlogistic_global_era5_moda_ref1991to2020_202110.nc,100,28.438058495521545,-1.913442611694336
082010,Caseros,2021,GENERALES,2021-11-14,2021-10-01,SPEI12_genlogistic_global_era5_moda_ref1991to2020_202110.nc,0,0,-1.3944040536880493
026003,Biedma,2021,GENERALES,2021-11-14,2021-10-01,SPEI12_genlogistic_global_era5_moda_ref1991to2020_202110.nc,0,0,0.07353214174509048
082009,San Jerónimo,2021,GENERALES,2021-11-14,2021-10-01,SPEI12_genlogistic_global_era5_moda_ref1991to2020_202110.nc,0,0,-1.2729625701904297
054003,Iguazú,2021,GENERALES,2021-11-14,2021-10-01,SPEI12_genlogistic_global_era5_moda_ref1991to2020_202110.nc,100,21.07856422662735,-1.9372469186782837
034004,"Bermejo, Patiño",2021,GENERALES,2021-11-14,2021-10-01,SPEI12_genlogistic_global_era5_moda_ref1991to2020_202110.nc,59.45867896080017,8.874591439962387,-1.5604623556137085
006017,"Presidente Perón, San Vicente",2021,GENERALES,2021-11-14,2021-10-01,SPEI12_genlogistic_global_era5_moda_ref1991to2020_202110.nc,28.693518042564392,0,-1.442171335220337
070004,Rivadavia,2021,GENERALES,2021-11-14,2021-10-01,SPEI12_genlogistic_global_era5_moda_ref1991to2020_202110.nc,71.7708945274353,0,-1.3870303630828857
034003,Pilcomayo,2021,GENERALES,2021-11-14,2021-10-01,SPEI12_genlogistic_global_era5_moda_ref1991to2020_202110.nc,2.3979103192687035,0,-1.1806062459945679
006016,General Rodríguez,2021,GENERALES,2021-11-14,2021-10-01,SPEI12_genlogistic_global_era5_moda_ref1991to2020_202110.nc,100,0,-1.6003535985946655
070003,Chimbas,2021,GENERALES,2021-11-14,2021-10-01,SPEI12_genlogistic_global_era5_moda_ref1991to2020_202110.nc,0.9348202496767044,0,-1.0230536460876465
006015,Berisso,2021,GENERALES,2021-11-14,2021-10-01,SPEI12_genlogistic_global_era5_moda_ref1991to2020_202110.nc,95.87227702140808,0,-1.793697476387024
082008,Constitución,2021,GENERALES,2021-11-14,2021-10-01,SPEI12_genlogistic_global_era5_moda_ref1991to2020_202110.nc,0,0,-1.34914231300354
006014,Junín,2021,GENERALES,2021-11-14,2021-10-01,SPEI12_genlogistic_global_era5_moda_ref1991to2020_202110.nc,21.56340479850769,0.22709444165229797,-1.4035875797271729
018002,Goya,2021,GENERALES,2021-11-14,2021-10-01,SPEI12_genlogistic_global_era5_moda_ref1991to2020_202110.nc,0,0,-1.3352429866790771
006013,Necochea,2021,GENERALES,2021-11-14,2021-10-01,SPEI12_genlogistic_global_era5_moda_ref1991to2020_202110.nc,0,0,-1.1997342109680176
006012,Campana,2021,GENERALES,2021-11-14,2021-10-01,SPEI12_genlogistic_global_era5_moda_ref1991to2020_202110.nc,81.3793420791626,24.531951546669006,-3.335235118865967
014011,Santa María,2021,GENERALES,2021-11-14,2021-10-01,SPEI12_genlogistic_global_era5_moda_ref1991to2020_202110.nc,8.285883069038391,0,-1.449290156364441
022002,Comandante Fernandez,2021,GENERALES,2021-11-14,2021-10-01,SPEI12_genlogistic_global_era5_moda_ref1991to2020_202110.nc,0,0,-1.424604058265686
090003,"Chicligasta, Granero, Juan Bautista Alberdi, La Cocha, Monteros, Río Chico, Simoca",2021,GENERALES,2021-11-14,2021-10-01,SPEI12_genlogistic_global_era5_moda_ref1991to2020_202110.nc,59.451961517333984,0.014355247549246997,-1.5049188137054443
034002,"Laishi, Pilagás, Pirané",2021,GENERALES,2021-11-14,2021-10-01,SPEI12_genlogistic_global_era5_moda_ref1991to2020_202110.nc,26.433435082435608,0,-1.3760604858398438
038003,"Ledesma, Santa Bárbara",2021,GENERALES,2021-11-14,2021-10-01,SPEI12_genlogistic_global_era5_moda_ref1991to2020_202110.nc,100,34.51972007751465,-1.96303391456604
030004,Uruguay,2021,GENERALES,2021-11-14,2021-10-01,SPEI12_genlogistic_global_era5_moda_ref1991to2020_202110.nc,18.321989476680756,18.321989476680756,-2.5656991004943848
038002,"El Carmen, San Antonio",2021,GENERALES,2021-11-14,2021-10-01,SPEI12_genlogistic_global_era5_moda_ref1991to2020_202110.nc,96.4288055896759,96.4288055896759,-2.2085931301116943
014010,Marcos Juárez,2021,GENERALES,2021-11-14,2021-10-01,SPEI12_genlogistic_global_era5_moda_ref1991to2020_202110.nc,7.341361790895462,0,-1.4141087532043457
014009,Unión,2021,GENERALES,2021-11-14,2021-10-01,SPEI12_genlogistic_global_era5_moda_ref1991to2020_202110.nc,20.4609215259552,0,-1.4123414754867554
042001,Capital,2021,GENERALES,2021-11-14,2021-10-01,SPEI12_genlogistic_global_era5_moda_ref1991to2020_202110.nc,8.157511055469513,0,-1.339592695236206
014008,Río Segundo,2021,GENERALES,2021-11-14,2021-10-01,SPEI12_genlogistic_global_era5_moda_ref1991to2020_202110.nc,68.94842982292175,0,-1.584768295288086
082007,Las Colonias,2021,GENERALES,2021-11-14,2021-10-01,SPEI12_genlogistic_global_era5_moda_ref1991to2020_202110.nc,3.5945985466241837,0,-1.3450157642364502
006011,Luján,2021,GENERALES,2021-11-14,2021-10-01,SPEI12_genlogistic_global_era5_moda_ref1991to2020_202110.nc,54.405492544174194,0,-1.5398004055023193
078002,Deseado,2021,GENERALES,2021-11-14,2021-10-01,SPEI12_genlogistic_global_era5_moda_ref1991to2020_202110.nc,3.556079789996147,0,-0.6666083335876465
006010,Pergamino,2021,GENERALES,2021-11-14,2021-10-01,SPEI12_genlogistic_global_era5_moda_ref1991to2020_202110.nc,10.632530599832535,10.632530599832535,-1.9744877815246582
054002,Oberá,2021,GENERALES,2021-11-14,2021-10-01,SPEI12_genlogistic_global_era5_moda_ref1991to2020_202110.nc,64.23466801643372,0,-1.4866080284118652
006009,Olavarría,2021,GENERALES,2021-11-14,2021-10-01,SPEI12_genlogistic_global_era5_moda_ref1991to2020_202110.nc,3.120955266058445,0,-1.0844602584838867
070002,Capital,2021,GENERALES,2021-11-14,2021-10-01,SPEI12_genlogistic_global_era5_moda_ref1991to2020_202110.nc,0,0,-1.0182502269744873
014007,Tercero Arriba,2021,GENERALES,2021-11-14,2021-10-01,SPEI12_genlogistic_global_era5_moda_ref1991to2020_202110.nc,17.619380354881287,0,-1.4001562595367432
030003,"Gualeguaychú, Islas del Ibicuy",2021,GENERALES,2021-11-14,2021-10-01,SPEI12_genlogistic_global_era5_moda_ref1991to2020_202110.nc,20.65832018852234,19.118840992450714,-2.6671743392944336
050008,Capital,2021,GENERALES,2021-11-14,2021-10-01,SPEI12_genlogistic_global_era5_moda_ref1991to2020_202110.nc,0,0,-1.0934652090072632
006008,Zárate,2021,GENERALES,2021-11-14,2021-10-01,SPEI12_genlogistic_global_era5_moda_ref1991to2020_202110.nc,54.58621382713318,4.575590416789055,-1.880881667137146
078001,Guer Aike,2021,GENERALES,2021-11-14,2021-10-01,SPEI12_genlogistic_global_era5_moda_ref1991to2020_202110.nc,87.05981969833374,78.3470630645752,-2.29282546043396
070001,Rawson,2021,GENERALES,2021-11-14,2021-10-01,SPEI12_genlogistic_global_era5_moda_ref1991to2020_202110.nc,0,0,-1.004642128944397
050007,Luján de Cuyo,2021,GENERALES,2021-11-14,2021-10-01,SPEI12_genlogistic_global_era5_moda_ref1991to2020_202110.nc,51.05167627334595,18.572145700454712,-1.524628758430481
050006,San Martín,2021,GENERALES,2021-11-14,2021-10-01,SPEI12_genlogistic_global_era5_moda_ref1991to2020_202110.nc,0,0,-0.9330462217330933
006007,Tandil,2021,GENERALES,2021-11-14,2021-10-01,SPEI12_genlogistic_global_era5_moda_ref1991to2020_202110.nc,0,0,-1.008636713027954
014006,General San Martín,2021,GENERALES,2021-11-14,2021-10-01,SPEI12_genlogistic_global_era5_moda_ref1991to2020_202110.nc,60.256314277648926,0,-1.4548901319503784
062002,Bariloche,2021,GENERALES,2021-11-14,2021-10-01,SPEI12_genlogistic_global_era5_moda_ref1991to2020_202110.nc,81.97128772735596,0.0052538231102516875,-1.5958515405654907
026002,Rawson,2021,GENERALES,2021-11-14,2021-10-01,SPEI12_genlogistic_global_era5_moda_ref1991to2020_202110.nc,0,0,-0.1551603078842163
074002,"General Pedernera, Gobernador Dupuy",2021,GENERALES,2021-11-14,2021-10-01,SPEI12_genlogistic_global_era5_moda_ref1991to2020_202110.nc,21.67692333459854,0,-1.236449956893921
086002,Banda,2021,GENERALES,2021-11-14,2021-10-01,SPEI12_genlogistic_global_era5_moda_ref1991to2020_202110.nc,100,0,-1.678534984588623
006006,San Nicolás,2021,GENERALES,2021-11-14,2021-10-01,SPEI12_genlogistic_global_era5_moda_ref1991to2020_202110.nc,0,0,-1.4021039009094238
066003,"Iruya, Orán, Santa Victoria",2021,GENERALES,2021-11-14,2021-10-01,SPEI12_genlogistic_global_era5_moda_ref1991to2020_202110.nc,65.65727591514587,7.442811876535416,-1.5059537887573242
082006,San Lorenzo,2021,GENERALES,2021-11-14,2021-10-01,SPEI12_genlogistic_global_era5_moda_ref1991to2020_202110.nc,0,0,-1.3741786479949951
066002,General Jose de San Martín,2021,GENERALES,2021-11-14,2021-10-01,SPEI12_genlogistic_global_era5_moda_ref1991to2020_202110.nc,39.05427157878876,2.520311065018177,-1.505001187324524
010001,Capital,2021,GENERALES,2021-11-14,2021-10-01,SPEI12_genlogistic_global_era5_moda_ref1991to2020_202110.nc,44.36020255088806,6.143235415220261,-1.5358772277832031
006092,San Fernando,2021,GENERALES,2021-11-14,2021-10-01,SPEI12_genlogistic_global_era5_moda_ref1991to2020_202110.nc,55.54196834564209,41.96456968784332,-4.264622211456299
014005,Punilla,2021,GENERALES,2021-11-14,2021-10-01,SPEI12_genlogistic_global_era5_moda_ref1991to2020_202110.nc,15.429732203483582,0,-1.3000566959381104
050005,Maipú,2021,GENERALES,2021-11-14,2021-10-01,SPEI12_genlogistic_global_era5_moda_ref1991to2020_202110.nc,0,0,-0.9420760273933411
082005,General Obligado,2021,GENERALES,2021-11-14,2021-10-01,SPEI12_genlogistic_global_era5_moda_ref1991to2020_202110.nc,9.940879791975021,0,-1.3501324653625488
082004,Castellanos,2021,GENERALES,2021-11-14,2021-10-01,SPEI12_genlogistic_global_era5_moda_ref1991to2020_202110.nc,32.07845985889435,0,-1.471261978149414
046001,Capital,2021,GENERALES,2021-11-14,2021-10-01,SPEI12_genlogistic_global_era5_moda_ref1991to2020_202110.nc,59.37857627868652,0.08530285558663309,-1.4955599308013916
090002,Cruz Alta,2021,GENERALES,2021-11-14,2021-10-01,SPEI12_genlogistic_global_era5_moda_ref1991to2020_202110.nc,47.83952832221985,0,-1.5203338861465454
030002,"Colón, Concordia, Federal, Feliciano, San Salvador, Villaguay",2021,GENERALES,2021-11-14,2021-10-01,SPEI12_genlogistic_global_era5_moda_ref1991to2020_202110.nc,12.106338143348694,12.106338143348694,-2.044387102127075
050004,San Rafael,2021,GENERALES,2021-11-14,2021-10-01,SPEI12_genlogistic_global_era5_moda_ref1991to2020_202110.nc,4.763811454176903,0,-0.7513776421546936
026001,Escalante,2021,GENERALES,2021-11-14,2021-10-01,SPEI12_genlogistic_global_era5_moda_ref1991to2020_202110.nc,0,0,-1.076602816581726
082003,General López,2021,GENERALES,2021-11-14,2021-10-01,SPEI12_genlogistic_global_era5_moda_ref1991to2020_202110.nc,16.65246933698654,0,-1.4366151094436646
050003,Godoy Cruz,2021,GENERALES,2021-11-14,2021-10-01,SPEI12_genlogistic_global_era5_moda_ref1991to2020_202110.nc,0,0,-1.0447943210601807
074001,La Capital,2021,GENERALES,2021-11-14,2021-10-01,SPEI12_genlogistic_global_era5_moda_ref1991to2020_202110.nc,0.6213191896677017,0,-1.116341471672058
014004,San Justo,2021,GENERALES,2021-11-14,2021-10-01,SPEI12_genlogistic_global_era5_moda_ref1991to2020_202110.nc,62.63357400894165,3.9410319179296494,-1.8175785541534424
050002,Las Heras,2021,GENERALES,2021-11-14,2021-10-01,SPEI12_genlogistic_global_era5_moda_ref1991to2020_202110.nc,19.293467700481415,13.370181620121002,-1.3571300506591797
006005,Escobar,2021,GENERALES,2021-11-14,2021-10-01,SPEI12_genlogistic_global_era5_moda_ref1991to2020_202110.nc,100,0,-1.8884934186935425
014003,Colón,2021,GENERALES,2021-11-14,2021-10-01,SPEI12_genlogistic_global_era5_moda_ref1991to2020_202110.nc,46.517279744148254,0,-1.4080075025558472
034001,Formosa,2021,GENERALES,2021-11-14,2021-10-01,SPEI12_genlogistic_global_era5_moda_ref1991to2020_202110.nc,92.25220680236816,0,-1.6122723817825317
014002,Río Cuarto,2021,GENERALES,2021-11-14,2021-10-01,SPEI12_genlogistic_global_era5_moda_ref1991to2020_202110.nc,45.318010449409485,0,-1.4170619249343872
038001,"Dr. Manuel Belgrano, Palpalá",2021,GENERALES,2021-11-14,2021-10-01,SPEI12_genlogistic_global_era5_moda_ref1991to2020_202110.nc,86.70311570167542,86.66178584098816,-1.9415823221206665
086001,Capital,2021,GENERALES,2021-11-14,2021-10-01,SPEI12_genlogistic_global_era5_moda_ref1991to2020_202110.nc,100,0,-1.6088069677352905
006091,Vicente López,2021,GENERALES,2021-11-14,2021-10-01,SPEI12_genlogistic_global_era5_moda_ref1991to2020_202110.nc,0,0,-1.3164421319961548
050001,Guaymallén,2021,GENERALES,2021-11-14,2021-10-01,SPEI12_genlogistic_global_era5_moda_ref1991to2020_202110.nc,0,0,-1.0190521478652954
006090,San Isidro,2021,GENERALES,2021-11-14,2021-10-01,SPEI12_genlogistic_global_era5_moda_ref1991to2020_202110.nc,0,0,-1.3164421319961548
006004,Bahía Blanca,2021,GENERALES,2021-11-14,2021-10-01,SPEI12_genlogistic_global_era5_moda_ref1991to2020_202110.nc,58.1989586353302,0,-1.5101722478866577
006003,Pilar,2021,GENERALES,2021-11-14,2021-10-01,SPEI12_genlogistic_global_era5_moda_ref1991to2020_202110.nc,100,0,-1.7788636684417725
006089,"Esteban Echeverría, Ezeiza",2021,GENERALES,2021-11-14,2021-10-01,SPEI12_genlogistic_global_era5_moda_ref1991to2020_202110.nc,58.54827165603638,0,-1.5157297849655151
062001,General Roca,2021,GENERALES,2021-11-14,2021-10-01,SPEI12_genlogistic_global_era5_moda_ref1991to2020_202110.nc,0,0,-0.6605385541915894
006088,"Hurlingham, Ituzaingo, Morón",2021,GENERALES,2021-11-14,2021-10-01,SPEI12_genlogistic_global_era5_moda_ref1991to2020_202110.nc,90.06244540214539,0,-1.6382813453674316
054001,"Capital, Leandro N. Alem",2021,GENERALES,2021-11-14,2021-10-01,SPEI12_genlogistic_global_era5_moda_ref1991to2020_202110.nc,0.12868266785517335,0,-1.3806928396224976
006087,Berazategui,2021,GENERALES,2021-11-14,2021-10-01,SPEI12_genlogistic_global_era5_moda_ref1991to2020_202110.nc,16.712801158428192,0,-1.4983388185501099
006086,"General Sarmiento, Jose C. Paz, Malvinas Argentinas, San Miguel",2021,GENERALES,2021-11-14,2021-10-01,SPEI12_genlogistic_global_era5_moda_ref1991to2020_202110.nc,98.36907386779785,0,-1.8725943565368652
030001,Parana,2021,GENERALES,2021-11-14,2021-10-01,SPEI12_genlogistic_global_era5_moda_ref1991to2020_202110.nc,37.31261491775513,37.31261491775513,-3.9116973876953125
006085,Tres de Febrero,2021,GENERALES,2021-11-14,2021-10-01,SPEI12_genlogistic_global_era5_moda_ref1991to2020_202110.nc,20.820067822933197,0,-1.3969300985336304
006084,Avellaneda,2021,GENERALES,2021-11-14,2021-10-01,SPEI12_genlogistic_global_era5_moda_ref1991to2020_202110.nc,10.707046836614609,0,-1.4827642440795898
018001,Capital,2021,GENERALES,2021-11-14,2021-10-01,SPEI12_genlogistic_global_era5_moda_ref1991to2020_202110.nc,100,0,-1.7630857229232788
058001,Confluencia,2021,GENERALES,2021-11-14,2021-10-01,SPEI12_genlogistic_global_era5_moda_ref1991to2020_202110.nc,0,0,-0.947123110294342
006083,Tigre,2021,GENERALES,2021-11-14,2021-10-01,SPEI12_genlogistic_global_era5_moda_ref1991to2020_202110.nc,42.09432303905487,0,-1.536067247390747
022001,San Fernando,2021,GENERALES,2021-11-14,2021-10-01,SPEI12_genlogistic_global_era5_moda_ref1991to2020_202110.nc,86.89669370651245,0,-1.6176756620407104
006082,General San Martín,2021,GENERALES,2021-11-14,2021-10-01,SPEI12_genlogistic_global_era5_moda_ref1991to2020_202110.nc,0,0,-1.3164421319961548
006081,Florencio Varela,2021,GENERALES,2021-11-14,2021-10-01,SPEI12_genlogistic_global_era5_moda_ref1991to2020_202110.nc,45.87168991565704,0,-1.5566232204437256
006080,Moreno,2021,GENERALES,2021-11-14,2021-10-01,SPEI12_genlogistic_global_era5_moda_ref1991to2020_202110.nc,100,0,-1.7486655712127686
006079,Lanus,2021,GENERALES,2021-11-14,2021-10-01,SPEI12_genlogistic_global_era5_moda_ref1991to2020_202110.nc,74.09523129463196,0,-1.5483372211456299
082002,La Capital,2021,GENERALES,2021-11-14,2021-10-01,SPEI12_genlogistic_global_era5_moda_ref1991to2020_202110.nc,0,0,-1.3182982206344604
066001,Capital,2021,GENERALES,2021-11-14,2021-10-01,SPEI12_genlogistic_global_era5_moda_ref1991to2020_202110.nc,100,85.39432883262634,-2.1382529735565186
006078,Merlo,2021,GENERALES,2021-11-14,2021-10-01,SPEI12_genlogistic_global_era5_moda_ref1991to2020_202110.nc,100,0,-1.5425677299499512
006077,Almirante Brown,2021,GENERALES,2021-11-14,2021-10-01,SPEI12_genlogistic_global_era5_moda_ref1991to2020_202110.nc,39.52612578868866,0,-1.5147520303726196
006076,Quilmes,2021,GENERALES,2021-11-14,2021-10-01,SPEI12_genlogistic_global_era5_moda_ref1991to2020_202110.nc,0,0,-1.4716882705688477
006002,General Pueyrredón,2021,GENERALES,2021-11-14,2021-10-01,SPEI12_genlogistic_global_era5_moda_ref1991to2020_202110.nc,0,0,-0.7530165910720825
006075,Lomas de Zamora,2021,GENERALES,2021-11-14,2021-10-01,SPEI12_genlogistic_global_era5_moda_ref1991to2020_202110.nc,89.55334424972534,0,-1.5643281936645508
006001,La Plata,2021,GENERALES,2021-11-14,2021-10-01,SPEI12_genlogistic_global_era5_moda_ref1991to2020_202110.nc,96.58307433128357,0,-1.8031023740768433
002001,City of Buenos Aires,2021,GENERALES,2021-11-14,2021-10-01,SPEI12_genlogistic_global_era5_moda_ref1991to2020_202110.nc,40.45762121677399,0,-1.425371766090393
090001,"Famaillá, Lules, Capital, Tafí del Valle, Tafí Viajo, Trancas, Yerba Buena",2021,GENERALES,2021-11-14,2021-10-01,SPEI12_genlogistic_global_era5_moda_ref1991to2020_202110.nc,29.371148347854614,0,-1.2596808671951294
082001,Rosario,2021,GENERALES,2021-11-14,2021-10-01,SPEI12_genlogistic_global_era5_moda_ref1991to2020_202110.nc,0,0,-1.4305000305175781
014001,Capital,2021,GENERALES,2021-11-14,2021-10-01,SPEI12_genlogistic_global_era5_moda_ref1991to2020_202110.nc,26.821178197860718,0,-1.438377857208252
006074,La Matanza,2021,GENERALES,2021-11-14,2021-10-01,SPEI12_genlogistic_global_era5_moda_ref1991to2020_202110.nc,93.52377653121948,0,-1.54373037815094
094002,Ushuaia,2021,GENERALES,2021-11-14,2021-10-01,SPEI12_genlogistic_global_era5_moda_ref1991to2020_202110.nc,6.994171440601349,0.30840036924928427,-0.9873095154762268
006072,Saavedra,2023,PASO,2023-08-13,2023-07-01,SPEI12_genlogistic_global_era5_moda_ref1991to2020_202307.nc,20.817776024341583,0.1488558016717434,-1.2993828058242798
006073,"Castelli, Maipú, Tordillo",2023,PASO,2023-08-13,2023-07-01,SPEI12_genlogistic_global_era5_moda_ref1991to2020_202307.nc,73.65816235542297,54.61639165878296,-1.8877962827682495
066013,Chicoana,2023,PASO,2023-08-13,2023-07-01,SPEI12_genlogistic_global_era5_moda_ref1991to2020_202307.nc,100,100,-2.884877920150757
018016,"General Alvear, San Martín",2023,PASO,2023-08-13,2023-07-01,SPEI12_genlogistic_global_era5_moda_ref1991to2020_202307.nc,100,100,-2.5205485820770264
006071,"General La Madrid, Laprida",2023,PASO,2023-08-13,2023-07-01,SPEI12_genlogistic_global_era5_moda_ref1991to2020_202307.nc,85.46032905578613,19.49923485517502,-1.783463478088379
070012,"9 de Julio, San Martín",2023,PASO,2023-08-13,2023-07-01,SPEI12_genlogistic_global_era5_moda_ref1991to2020_202307.nc,100,100,-2.3545737266540527
006070,Monte,2023,PASO,2023-08-13,2023-07-01,SPEI12_genlogistic_global_era5_moda_ref1991to2020_202307.nc,100,100,-2.3159642219543457
006069,Mar Chiquita,2023,PASO,2023-08-13,2023-07-01,SPEI12_genlogistic_global_era5_moda_ref1991to2020_202307.nc,0,0,-1.1044265031814575
062007,"Conesa, Pichi Mahuida",2023,PASO,2023-08-13,2023-07-01,SPEI12_genlogistic_global_era5_moda_ref1991to2020_202307.nc,87.1702253818512,0,-1.6619232892990112
046006,"Chamical, General Belgrano",2023,PASO,2023-08-13,2023-07-01,SPEI12_genlogistic_global_era5_moda_ref1991to2020_202307.nc,100,98.90540838241577,-2.1918680667877197
078004,"Lago Buenos Aires, Magallanes, Río Chico",2023,PASO,2023-08-13,2023-07-01,SPEI12_genlogistic_global_era5_moda_ref1991to2020_202307.nc,46.185168623924255,30.651864409446716,-1.2044469118118286
082019,Garay,2023,PASO,2023-08-13,2023-07-01,SPEI12_genlogistic_global_era5_moda_ref1991to2020_202307.nc,100,87.73320317268372,-2.246648073196411
086015,Avellaneda,2023,PASO,2023-08-13,2023-07-01,SPEI12_genlogistic_global_era5_moda_ref1991to2020_202307.nc,100,99.21935200691223,-2.240077257156372
066012,"Cafayate, La Vina",2023,PASO,2023-08-13,2023-07-01,SPEI12_genlogistic_global_era5_moda_ref1991to2020_202307.nc,92.25183129310608,81.05005025863647,-2.585580587387085
074005,Chacabuco,2023,PASO,2023-08-13,2023-07-01,SPEI12_genlogistic_global_era5_moda_ref1991to2020_202307.nc,100,86.2977921962738,-2.577866792678833
042007,"Hucal, Utracán",2023,PASO,2023-08-13,2023-07-01,SPEI12_genlogistic_global_era5_moda_ref1991to2020_202307.nc,58.923959732055664,24.04046505689621,-1.6409305334091187
070011,Sarmiento,2023,PASO,2023-08-13,2023-07-01,SPEI12_genlogistic_global_era5_moda_ref1991to2020_202307.nc,99.99608397483826,99.99608397483826,-2.7082457542419434
006068,Carlos Casares,2023,PASO,2023-08-13,2023-07-01,SPEI12_genlogistic_global_era5_moda_ref1991to2020_202307.nc,100,100,-3.3318142890930176
026006,"Cushamen, Languiñeo",2023,PASO,2023-08-13,2023-07-01,SPEI12_genlogistic_global_era5_moda_ref1991to2020_202307.nc,0,0,-0.7635359168052673
018015,"Itatí, San Cosme",2023,PASO,2023-08-13,2023-07-01,SPEI12_genlogistic_global_era5_moda_ref1991to2020_202307.nc,100,100,-2.38264799118042
086014,"Figueroa, Sarmiento",2023,PASO,2023-08-13,2023-07-01,SPEI12_genlogistic_global_era5_moda_ref1991to2020_202307.nc,100,100,-2.1859383583068848
006067,San Andrés de Giles,2023,PASO,2023-08-13,2023-07-01,SPEI12_genlogistic_global_era5_moda_ref1991to2020_202307.nc,100,84.17683839797974,-2.0493509769439697
010007,"Antofagasta de la Sierra, Tinogasta",2023,PASO,2023-08-13,2023-07-01,SPEI12_genlogistic_global_era5_moda_ref1991to2020_202307.nc,14.778006076812744,8.575687557458878,-0.3900379538536072
018014,Saladas,2023,PASO,2023-08-13,2023-07-01,SPEI12_genlogistic_global_era5_moda_ref1991to2020_202307.nc,100,100,-2.147639751434326
046005,"Arauco, Castro Barros, San Blas de los Sauces",2023,PASO,2023-08-13,2023-07-01,SPEI12_genlogistic_global_era5_moda_ref1991to2020_202307.nc,84.43413972854614,69.73846554756165,-2.0603995323181152
006066,Rojas,2023,PASO,2023-08-13,2023-07-01,SPEI12_genlogistic_global_era5_moda_ref1991to2020_202307.nc,100,100,-2.4060633182525635
006065,"Carlos Tejedor, Florentino Ameghino, General Pinto",2023,PASO,2023-08-13,2023-07-01,SPEI12_genlogistic_global_era5_moda_ref1991to2020_202307.nc,100,100,-2.293750524520874
086013,"Aguirre, Belgrano, Mitre, Rivadavia",2023,PASO,2023-08-13,2023-07-01,SPEI12_genlogistic_global_era5_moda_ref1991to2020_202307.nc,100,89.63947296142578,-2.290121555328369
070010,"Calingasta, Iglesia, Ullúm, Zonda",2023,PASO,2023-08-13,2023-07-01,SPEI12_genlogistic_global_era5_moda_ref1991to2020_202307.nc,59.41227078437805,39.72214758396149,-1.9163846969604492
086012,"Ojo de Agua, Quebrachos",2023,PASO,2023-08-13,2023-07-01,SPEI12_genlogistic_global_era5_moda_ref1991to2020_202307.nc,100,100,-2.394486427307129
070009,Albardón,2023,PASO,2023-08-13,2023-07-01,SPEI12_genlogistic_global_era5_moda_ref1991to2020_202307.nc,100,100,-2.6429169178009033
022015,Maipú,2023,PASO,2023-08-13,2023-07-01,SPEI12_genlogistic_global_era5_moda_ref1991to2020_202307.nc,100,0,-1.7584127187728882
006064,Las Flores,2023,PASO,2023-08-13,2023-07-01,SPEI12_genlogistic_global_era5_moda_ref1991to2020_202307.nc,100,100,-2.3988468647003174
006063,Colón,2023,PASO,2023-08-13,2023-07-01,SPEI12_genlogistic_global_era5_moda_ref1991to2020_202307.nc,100,99.90673661231995,-2.4237287044525146
022014,Bermejo,2023,PASO,2023-08-13,2023-07-01,SPEI12_genlogistic_global_era5_moda_ref1991to2020_202307.nc,100,100,-2.1505277156829834
006062,"Adolfo Alsina, Salliqueló",2023,PASO,2023-08-13,2023-07-01,SPEI12_genlogistic_global_era5_moda_ref1991to2020_202307.nc,91.37353301048279,58.63199234008789,-1.9582901000976563
030011,Tala,2023,PASO,2023-08-13,2023-07-01,SPEI12_genlogistic_global_era5_moda_ref1991to2020_202307.nc,100,100,-2.222766399383545
042006,"Caleu-Caleu, Cura-Co, Chalileo, Chical-Có, Lihuel Calel, Limay Mahuida, Leventué, Puelén",2023,PASO,2023-08-13,2023-07-01,SPEI12_genlogistic_global_era5_moda_ref1991to2020_202307.nc,56.70309662818909,19.58136111497879,-1.5950275659561157
050017,"La Paz, Santa Rosa",2023,PASO,2023-08-13,2023-07-01,SPEI12_genlogistic_global_era5_moda_ref1991to2020_202307.nc,100,100,-3.249558687210083
066011,"Cachí, La Poma, Los Andes, Molinos, San Carlos",2023,PASO,2023-08-13,2023-07-01,SPEI12_genlogistic_global_era5_moda_ref1991to2020_202307.nc,12.16198056936264,1.772022619843483,-0.47463858127593994
006061,Brandsen,2023,PASO,2023-08-13,2023-07-01,SPEI12_genlogistic_global_era5_moda_ref1991to2020_202307.nc,100,100,-2.3708441257476807
046004,"General Ocampo, General San Martín, Rosario Vera Peñaloza",2023,PASO,2023-08-13,2023-07-01,SPEI12_genlogistic_global_era5_moda_ref1991to2020_202307.nc,100,97.66620397567749,-2.4068503379821777
006060,"Daireaux, Hipólito Yrigoyen",2023,PASO,2023-08-13,2023-07-01,SPEI12_genlogistic_global_era5_moda_ref1991to2020_202307.nc,100,100,-2.840400218963623
006059,Dolores,2023,PASO,2023-08-13,2023-07-01,SPEI12_genlogistic_global_era5_moda_ref1991to2020_202307.nc,95.2617347240448,46.62970006465912,-1.974471092224121
070008,"Jachal, Valle Fértil",2023,PASO,2023-08-13,2023-07-01,SPEI12_genlogistic_global_era5_moda_ref1991to2020_202307.nc,98.00969958305359,95.83078622817993,-2.5717692375183105
078003,"Corpen Aike, Lago Argentino",2023,PASO,2023-08-13,2023-07-01,SPEI12_genlogistic_global_era5_moda_ref1991to2020_202307.nc,60.226601362228394,46.28819227218628,-1.3086059093475342
054015,Candelaria,2023,PASO,2023-08-13,2023-07-01,SPEI12_genlogistic_global_era5_moda_ref1991to2020_202307.nc,100,100,-3.3076329231262207
054014,25 de Mayo,2023,PASO,2023-08-13,2023-07-01,SPEI12_genlogistic_global_era5_moda_ref1991to2020_202307.nc,100,100,-2.379204750061035
042005,"Chapaleufú, Realicó",2023,PASO,2023-08-13,2023-07-01,SPEI12_genlogistic_global_era5_moda_ref1991to2020_202307.nc,100,100,-3.529163360595703
074004,Junín,2023,PASO,2023-08-13,2023-07-01,SPEI12_genlogistic_global_era5_moda_ref1991to2020_202307.nc,100,56.06858730316162,-2.1689453125
050016,Malargue,2023,PASO,2023-08-13,2023-07-01,SPEI12_genlogistic_global_era5_moda_ref1991to2020_202307.nc,38.99449110031128,10.508156567811966,-1.421734094619751
066010,Rivadavia,2023,PASO,2023-08-13,2023-07-01,SPEI12_genlogistic_global_era5_moda_ref1991to2020_202307.nc,100,100,-2.717972755432129
018013,Lavalle,2023,PASO,2023-08-13,2023-07-01,SPEI12_genlogistic_global_era5_moda_ref1991to2020_202307.nc,100,100,-2.425102472305298
006058,"General Belgrano, General Paz",2023,PASO,2023-08-13,2023-07-01,SPEI12_genlogistic_global_era5_moda_ref1991to2020_202307.nc,100,100,-2.306764602661133
086011,"Loreto, Silipica",2023,PASO,2023-08-13,2023-07-01,SPEI12_genlogistic_global_era5_moda_ref1991to2020_202307.nc,100,34.5666766166687,-1.9570143222808838
010006,"Ancasti, El Alto, La Paz",2023,PASO,2023-08-13,2023-07-01,SPEI12_genlogistic_global_era5_moda_ref1991to2020_202307.nc,100,38.8525128364563,-1.9914896488189697
034005,"Matacos, Ramón Lista",2023,PASO,2023-08-13,2023-07-01,SPEI12_genlogistic_global_era5_moda_ref1991to2020_202307.nc,100,100,-2.451961040496826
006057,Exaltación de la Cruz,2023,PASO,2023-08-13,2023-07-01,SPEI12_genlogistic_global_era5_moda_ref1991to2020_202307.nc,100,85.20267605781555,-2.049161434173584
006056,Arrecifes,2023,PASO,2023-08-13,2023-07-01,SPEI12_genlogistic_global_era5_moda_ref1991to2020_202307.nc,100,100,-2.3067736625671387
082018,9 de Julio,2023,PASO,2023-08-13,2023-07-01,SPEI12_genlogistic_global_era5_moda_ref1991to2020_202307.nc,100,100,-2.473421096801758
062006,San Antonio,2023,PASO,2023-08-13,2023-07-01,SPEI12_genlogistic_global_era5_moda_ref1991to2020_202307.nc,8.112593740224838,0,-1.3090041875839233
006055,Patagones,2023,PASO,2023-08-13,2023-07-01,SPEI12_genlogistic_global_era5_moda_ref1991to2020_202307.nc,62.65758275985718,0,-1.5392831563949585
086010,Copo,2023,PASO,2023-08-13,2023-07-01,SPEI12_genlogistic_global_era5_moda_ref1991to2020_202307.nc,100,100,-2.204011917114258
014021,"Río Seco, Sobremonte, Tulumba",2023,PASO,2023-08-13,2023-07-01,SPEI12_genlogistic_global_era5_moda_ref1991to2020_202307.nc,100,96.32130861282349,-2.4852826595306396
054013,San Pedro,2023,PASO,2023-08-13,2023-07-01,SPEI12_genlogistic_global_era5_moda_ref1991to2020_202307.nc,51.969313621520996,0,-1.4556193351745605
006054,"General Juan Madariaga, Pinamar, Villa Gesell",2023,PASO,2023-08-13,2023-07-01,SPEI12_genlogistic_global_era5_moda_ref1991to2020_202307.nc,36.59213483333588,0,-1.493718147277832
018012,Esquina,2023,PASO,2023-08-13,2023-07-01,SPEI12_genlogistic_global_era5_moda_ref1991to2020_202307.nc,100,100,-2.8089699745178223
022013,Chacabuco,2023,PASO,2023-08-13,2023-07-01,SPEI12_genlogistic_global_era5_moda_ref1991to2020_202307.nc,100,99.34306144714355,-2.095574140548706
006053,General Villegas,2023,PASO,2023-08-13,2023-07-01,SPEI12_genlogistic_global_era5_moda_ref1991to2020_202307.nc,100,100,-2.388314723968506
038006,"Humahuaca, Tilcara, Valle Grande",2023,PASO,2023-08-13,2023-07-01,SPEI12_genlogistic_global_era5_moda_ref1991to2020_202307.nc,90.22114872932434,52.37463116645813,-2.401503324508667
006052,"General Arenales, Leandro N. Alem",2023,PASO,2023-08-13,2023-07-01,SPEI12_genlogistic_global_era5_moda_ref1991to2020_202307.nc,100,100,-2.372596502304077
086009,"Atamisqui, Salavina, San Martín",2023,PASO,2023-08-13,2023-07-01,SPEI12_genlogistic_global_era5_moda_ref1991to2020_202307.nc,100,99.64227080345154,-2.203939914703369
046003,"Coronel Felipe Varela, Famatina, General Angel V. Peñaloza, General Juan F. Quiroga, General Lamadrid, Vinchina, Independencia, Sanagasta",2023,PASO,2023-08-13,2023-07-01,SPEI12_genlogistic_global_era5_moda_ref1991to2020_202307.nc,76.51914358139038,60.323452949523926,-2.0820508003234863
054012,"Concepción, San Javier",2023,PASO,2023-08-13,2023-07-01,SPEI12_genlogistic_global_era5_moda_ref1991to2020_202307.nc,100,100,-2.415534496307373
082017,San Javier,2023,PASO,2023-08-13,2023-07-01,SPEI12_genlogistic_global_era5_moda_ref1991to2020_202307.nc,100,100,-2.626511335372925
006051,Baradero,2023,PASO,2023-08-13,2023-07-01,SPEI12_genlogistic_global_era5_moda_ref1991to2020_202307.nc,100,100,-3.4509220123291016
006050,Saladillo,2023,PASO,2023-08-13,2023-07-01,SPEI12_genlogistic_global_era5_moda_ref1991to2020_202307.nc,100,100,-2.561230421066284
050015,Tupungato,2023,PASO,2023-08-13,2023-07-01,SPEI12_genlogistic_global_era5_moda_ref1991to2020_202307.nc,60.26273965835571,28.171351552009583,-1.2430118322372437
050014,San Carlos,2023,PASO,2023-08-13,2023-07-01,SPEI12_genlogistic_global_era5_moda_ref1991to2020_202307.nc,75.99529027938843,69.20104622840881,-2.165382146835327
006049,Salto,2023,PASO,2023-08-13,2023-07-01,SPEI12_genlogistic_global_era5_moda_ref1991to2020_202307.nc,100,100,-2.3102047443389893
006048,Ramallo,2023,PASO,2023-08-13,2023-07-01,SPEI12_genlogistic_global_era5_moda_ref1991to2020_202307.nc,100,39.39885199069977,-2.0853562355041504
022012,"12 de Octubre, 2 de Abril, Fray Justo Sta. María de Oro",2023,PASO,2023-08-13,2023-07-01,SPEI12_genlogistic_global_era5_moda_ref1991to2020_202307.nc,100,79.22797203063965,-2.09614896774292
022011,Quitilipi,2023,PASO,2023-08-13,2023-07-01,SPEI12_genlogistic_global_era5_moda_ref1991to2020_202307.nc,100,0,-1.7546168565750122
022010,Almirante Brown,2023,PASO,2023-08-13,2023-07-01,SPEI12_genlogistic_global_era5_moda_ref1991to2020_202307.nc,100,77.66553163528442,-2.253793716430664
022009,"General Belgrano, Independencia",2023,PASO,2023-08-13,2023-07-01,SPEI12_genlogistic_global_era5_moda_ref1991to2020_202307.nc,100,60.64715385437012,-1.9987274408340454
042004,"Atreucó, Catriló, Guatrache, Quemú-Quemú",2023,PASO,2023-08-13,2023-07-01,SPEI12_genlogistic_global_era5_moda_ref1991to2020_202307.nc,99.62859153747559,64.33960199356079,-2.2274560928344727
062005,Avellaneda,2023,PASO,2023-08-13,2023-07-01,SPEI12_genlogistic_global_era5_moda_ref1991to2020_202307.nc,61.658620834350586,0,-1.5071394443511963
030010,Victoria,2023,PASO,2023-08-13,2023-07-01,SPEI12_genlogistic_global_era5_moda_ref1991to2020_202307.nc,100,95.65208554267883,-3.2060961723327637
066009,Cerrillos,2023,PASO,2023-08-13,2023-07-01,SPEI12_genlogistic_global_era5_moda_ref1991to2020_202307.nc,100,100,-3.296137571334839
010005,"Ambato, Capayán, Paclín, Santa Rosa",2023,PASO,2023-08-13,2023-07-01,SPEI12_genlogistic_global_era5_moda_ref1991to2020_202307.nc,99.74431991577148,84.24266576766968,-2.330709934234619
086008,"Jiménez, Pellegrini",2023,PASO,2023-08-13,2023-07-01,SPEI12_genlogistic_global_era5_moda_ref1991to2020_202307.nc,100,89.86788988113403,-2.1635940074920654
014020,General Roca,2023,PASO,2023-08-13,2023-07-01,SPEI12_genlogistic_global_era5_moda_ref1991to2020_202307.nc,100,100,-3.019667863845825
014019,San Alberto,2023,PASO,2023-08-13,2023-07-01,SPEI12_genlogistic_global_era5_moda_ref1991to2020_202307.nc,100,55.42933940887451,-2.719363212585449
054011,Montecarlo,2023,PASO,2023-08-13,2023-07-01,SPEI12_genlogistic_global_era5_moda_ref1991to2020_202307.nc,61.52576804161072,2.605096437036991,-1.6292306184768677
014018,Presidente Roque Saénz Peña,2023,PASO,2023-08-13,2023-07-01,SPEI12_genlogistic_global_era5_moda_ref1991to2020_202307.nc,100,100,-2.814823865890503
050013,Lavalle,2023,PASO,2023-08-13,2023-07-01,SPEI12_genlogistic_global_era5_moda_ref1991to2020_202307.nc,100,100,-2.745063066482544
006047,"Capitán Sarmiento, San Antonio de Areco",2023,PASO,2023-08-13,2023-07-01,SPEI12_genlogistic_global_era5_moda_ref1991to2020_202307.nc,100,100,-2.436732053756714
018011,Monte Caseros,2023,PASO,2023-08-13,2023-07-01,SPEI12_genlogistic_global_era5_moda_ref1991to2020_202307.nc,100,100,-2.629561185836792
010004,"Belén, Pomán",2023,PASO,2023-08-13,2023-07-01,SPEI12_genlogistic_global_era5_moda_ref1991to2020_202307.nc,42.32785403728485,27.040302753448486,-1.494580626487732
058005,Zapala,2023,PASO,2023-08-13,2023-07-01,SPEI12_genlogistic_global_era5_moda_ref1991to2020_202307.nc,35.67040264606476,0,-1.4792994260787964
006046,"Guaminí, Pellegrini, Rivadavia, Tres Lomas",2023,PASO,2023-08-13,2023-07-01,SPEI12_genlogistic_global_era5_moda_ref1991to2020_202307.nc,100,99.9987244606018,-2.412402868270874
018010,Bella Vista,2023,PASO,2023-08-13,2023-07-01,SPEI12_genlogistic_global_era5_moda_ref1991to2020_202307.nc,100,100,-2.2930240631103516
006045,Coronel Suárez,2023,PASO,2023-08-13,2023-07-01,SPEI12_genlogistic_global_era5_moda_ref1991to2020_202307.nc,61.67020797729492,15.59167206287384,-1.5557353496551514
058004,"Chos Malal, Pehuenches",2023,PASO,2023-08-13,2023-07-01,SPEI12_genlogistic_global_era5_moda_ref1991to2020_202307.nc,44.24494504928589,0,-1.4741417169570923
090005,Burruyacú,2023,PASO,2023-08-13,2023-07-01,SPEI12_genlogistic_global_era5_moda_ref1991to2020_202307.nc,100,97.56245017051697,-3.055712938308716
050012,Junín,2023,PASO,2023-08-13,2023-07-01,SPEI12_genlogistic_global_era5_moda_ref1991to2020_202307.nc,100,100,-2.828510046005249
066008,"Guachipas, La Candelaria, Rosario de la Frontera",2023,PASO,2023-08-13,2023-07-01,SPEI12_genlogistic_global_era5_moda_ref1991to2020_202307.nc,100,100,-3.424243927001953
006044,Pehuajó,2023,PASO,2023-08-13,2023-07-01,SPEI12_genlogistic_global_era5_moda_ref1991to2020_202307.nc,100,100,-3.2288289070129395
086007,General Taboada,2023,PASO,2023-08-13,2023-07-01,SPEI12_genlogistic_global_era5_moda_ref1991to2020_202307.nc,100,78.60645055770874,-2.35809588432312
030009,Nogoyá,2023,PASO,2023-08-13,2023-07-01,SPEI12_genlogistic_global_era5_moda_ref1991to2020_202307.nc,100,71.83627486228943,-2.100385904312134
026005,"Florentino Ameghino, Gaimán, Gastre, Mártires, Paso de los Indios, Río Senguer, Sarmiento, Tehuelches, Telsen",2023,PASO,2023-08-13,2023-07-01,SPEI12_genlogistic_global_era5_moda_ref1991to2020_202307.nc,0,0,-0.514089047908783
010003,"Fray Mamerto Esquiú, Valle Viejo",2023,PASO,2023-08-13,2023-07-01,SPEI12_genlogistic_global_era5_moda_ref1991to2020_202307.nc,100,95.89674472808838,-2.2836687564849854
066007,Metán,2023,PASO,2023-08-13,2023-07-01,SPEI12_genlogistic_global_era5_moda_ref1991to2020_202307.nc,100,100,-2.607020854949951
006043,"Adolfo González Chaves, Benito Juárez, San Cayetano",2023,PASO,2023-08-13,2023-07-01,SPEI12_genlogistic_global_era5_moda_ref1991to2020_202307.nc,48.98345172405243,2.9495812952518463,-1.4055968523025513
018009,Mercedes,2023,PASO,2023-08-13,2023-07-01,SPEI12_genlogistic_global_era5_moda_ref1991to2020_202307.nc,100,100,-2.6473212242126465
010002,"Andalgalá, Santa María",2023,PASO,2023-08-13,2023-07-01,SPEI12_genlogistic_global_era5_moda_ref1991to2020_202307.nc,62.15510964393616,34.2378169298172,-1.7837812900543213
018008,"Empedrado, Mburucuyá, San Luis del Palmar",2023,PASO,2023-08-13,2023-07-01,SPEI12_genlogistic_global_era5_moda_ref1991to2020_202307.nc,100,100,-2.3131728172302246
006042,Bragado,2023,PASO,2023-08-13,2023-07-01,SPEI12_genlogistic_global_era5_moda_ref1991to2020_202307.nc,100,100,-2.6080591678619385
006041,General Alvarado,2023,PASO,2023-08-13,2023-07-01,SPEI12_genlogistic_global_era5_moda_ref1991to2020_202307.nc,0,0,-0.5674591064453125
062004,"El Cuy, 9 de Julio, Ñorquincó, Pilcaniyeu, Valcheta, 25 de Mayo",2023,PASO,2023-08-13,2023-07-01,SPEI12_genlogistic_global_era5_moda_ref1991to2020_202307.nc,18.954554200172424,1.0298439301550388,-1.2524384260177612
074003,"Ayacucho, Belgrano, Coronel Pringles, Libertador General San Martín",2023,PASO,2023-08-13,2023-07-01,SPEI12_genlogistic_global_era5_moda_ref1991to2020_202307.nc,100,98.40900301933289,-3.045225143432617
018007,"Ituzaingó, San Miguel",2023,PASO,2023-08-13,2023-07-01,SPEI12_genlogistic_global_era5_moda_ref1991to2020_202307.nc,100,100,-2.389392375946045
082016,San Justo,2023,PASO,2023-08-13,2023-07-01,SPEI12_genlogistic_global_era5_moda_ref1991to2020_202307.nc,100,100,-2.3635106086730957
006040,"Carmen de Areco, Navarro, Suipacha",2023,PASO,2023-08-13,2023-07-01,SPEI12_genlogistic_global_era5_moda_ref1991to2020_202307.nc,100,92.76674389839172,-2.093083620071411
006039,"Ayacucho, General Guido, Pila, Rauch",2023,PASO,2023-08-13,2023-07-01,SPEI12_genlogistic_global_era5_moda_ref1991to2020_202307.nc,72.85550236701965,37.846389412879944,-1.7858630418777466
042003,"Conhello, Rancul, Toay, Trenel",2023,PASO,2023-08-13,2023-07-01,SPEI12_genlogistic_global_era5_moda_ref1991to2020_202307.nc,100,100,-2.9231481552124023
086006,"Choya, Guasayan",2023,PASO,2023-08-13,2023-07-01,SPEI12_genlogistic_global_era5_moda_ref1991to2020_202307.nc,100,18.442335724830627,-1.883274793624878
054010,General Manuel Belgrano,2023,PASO,2023-08-13,2023-07-01,SPEI12_genlogistic_global_era5_moda_ref1991to2020_202307.nc,19.903282821178436,0,-1.1743751764297485
006038,Trenque Lauquen,2023,PASO,2023-08-13,2023-07-01,SPEI12_genlogistic_global_era5_moda_ref1991to2020_202307.nc,100,100,-2.569856882095337
026004,Futaleufú,2023,PASO,2023-08-13,2023-07-01,SPEI12_genlogistic_global_era5_moda_ref1991to2020_202307.nc,0,0,-0.7129635214805603
054009,Apóstoles,2023,PASO,2023-08-13,2023-07-01,SPEI12_genlogistic_global_era5_moda_ref1991to2020_202307.nc,100,100,-2.461435079574585
022008,"General Donovan, Libertad, Presidencia de La Plaza, Tapenaga",2023,PASO,2023-08-13,2023-07-01,SPEI12_genlogistic_global_era5_moda_ref1991to2020_202307.nc,100,47.653743624687195,-2.0056312084198
006037,"Puan, Villarino",2023,PASO,2023-08-13,2023-07-01,SPEI12_genlogistic_global_era5_moda_ref1991to2020_202307.nc,23.62029254436493,3.2010468657972524e-4,-1.3964977264404297
038005,"Cochinoca, Rinconada, Santa Catalina, Susques, Tumbaya, Yaví",2023,PASO,2023-08-13,2023-07-01,SPEI12_genlogistic_global_era5_moda_ref1991to2020_202307.nc,6.7118726670742035,3.788325935602188,-1.0777407884597778
086005,Robles,2023,PASO,2023-08-13,2023-07-01,SPEI12_genlogistic_global_era5_moda_ref1991to2020_202307.nc,100,93.9750075340271,-2.071995735168457
030008,Diamante,2023,PASO,2023-08-13,2023-07-01,SPEI12_genlogistic_global_era5_moda_ref1991to2020_202307.nc,100,100,-2.4215826988220215
082015,Belgrano,2023,PASO,2023-08-13,2023-07-01,SPEI12_genlogistic_global_era5_moda_ref1991to2020_202307.nc,100,99.786376953125,-2.5070407390594482
050011,General Alvear,2023,PASO,2023-08-13,2023-07-01,SPEI12_genlogistic_global_era5_moda_ref1991to2020_202307.nc,100,91.53755307197571,-2.4982264041900635
014017,Río Primero,2023,PASO,2023-08-13,2023-07-01,SPEI12_genlogistic_global_era5_moda_ref1991to2020_202307.nc,100,100,-2.590956926345825
006036,9 de Julio,2023,PASO,2023-08-13,2023-07-01,SPEI12_genlogistic_global_era5_moda_ref1991to2020_202307.nc,100,100,-2.9077255725860596
066006,General Güemes,2023,PASO,2023-08-13,2023-07-01,SPEI12_genlogistic_global_era5_moda_ref1991to2020_202307.nc,100,100,-3.5044758319854736
066005,"La Caldera, Rosario de Lerma",2023,PASO,2023-08-13,2023-07-01,SPEI12_genlogistic_global_era5_moda_ref1991to2020_202307.nc,61.305516958236694,52.58653163909912,-2.0335850715637207
054008,Libertador General San Martín,2023,PASO,2023-08-13,2023-07-01,SPEI12_genlogistic_global_era5_moda_ref1991to2020_202307.nc,79.95572686195374,58.906906843185425,-1.888611912727356
070007,Santa Lucía,2023,PASO,2023-08-13,2023-07-01,SPEI12_genlogistic_global_era5_moda_ref1991to2020_202307.nc,100,100,-2.5872573852539063
018006,Paso de los Libres,2023,PASO,2023-08-13,2023-07-01,SPEI12_genlogistic_global_era5_moda_ref1991to2020_202307.nc,100,100,-2.784465789794922
022007,"9 de Julio, O'Higgins",2023,PASO,2023-08-13,2023-07-01,SPEI12_genlogistic_global_era5_moda_ref1991to2020_202307.nc,100,88.05295825004578,-2.100202798843384
006035,Chacabuco,2023,PASO,2023-08-13,2023-07-01,SPEI12_genlogistic_global_era5_moda_ref1991to2020_202307.nc,100,100,-2.315730571746826
046002,Chilecito,2023,PASO,2023-08-13,2023-07-01,SPEI12_genlogistic_global_era5_moda_ref1991to2020_202307.nc,100,78.71729135513306,-2.631906747817993
014016,"Ischilín, Totoral",2023,PASO,2023-08-13,2023-07-01,SPEI12_genlogistic_global_era5_moda_ref1991to2020_202307.nc,100,99.99347925186157,-2.3082540035247803
050010,Tunuyán,2023,PASO,2023-08-13,2023-07-01,SPEI12_genlogistic_global_era5_moda_ref1991to2020_202307.nc,28.21982204914093,15.472862124443054,-1.3427308797836304
006034,"Coronel Dorrego, Coronel Pringles, Monte Hermoso, Tornquist",2023,PASO,2023-08-13,2023-07-01,SPEI12_genlogistic_global_era5_moda_ref1991to2020_202307.nc,0.9626944549381733,0,-1.027604103088379
006033,"General Las Heras, Lobos",2023,PASO,2023-08-13,2023-07-01,SPEI12_genlogistic_global_era5_moda_ref1991to2020_202307.nc,100,88.89724016189575,-2.1396164894104004
030007,Gualeguay,2023,PASO,2023-08-13,2023-07-01,SPEI12_genlogistic_global_era5_moda_ref1991to2020_202307.nc,100,95.04162073135376,-3.2777822017669678
014015,Calamuchita,2023,PASO,2023-08-13,2023-07-01,SPEI12_genlogistic_global_era5_moda_ref1991to2020_202307.nc,100,100,-2.9539051055908203
082014,Vera,2023,PASO,2023-08-13,2023-07-01,SPEI12_genlogistic_global_era5_moda_ref1991to2020_202307.nc,100,100,-2.575871467590332
006032,Marcos Paz,2023,PASO,2023-08-13,2023-07-01,SPEI12_genlogistic_global_era5_moda_ref1991to2020_202307.nc,100,65.26762843132019,-2.0671935081481934
070006,Pocito,2023,PASO,2023-08-13,2023-07-01,SPEI12_genlogistic_global_era5_moda_ref1991to2020_202307.nc,100,100,-2.807962656021118
018005,"Curuzú Cuatiá, Sauce",2023,PASO,2023-08-13,2023-07-01,SPEI12_genlogistic_global_era5_moda_ref1991to2020_202307.nc,100,100,-2.597290277481079
014014,San Javier,2023,PASO,2023-08-13,2023-07-01,SPEI12_genlogistic_global_era5_moda_ref1991to2020_202307.nc,100,65.02882838249207,-2.497854709625244
006031,Cañuelas,2023,PASO,2023-08-13,2023-07-01,SPEI12_genlogistic_global_era5_moda_ref1991to2020_202307.nc,100,100,-2.1959643363952637
006030,"Bolívar, General Alvear, Tapalqué",2023,PASO,2023-08-13,2023-07-01,SPEI12_genlogistic_global_era5_moda_ref1991to2020_202307.nc,100,100,-2.876286268234253
054007,Cainguas,2023,PASO,2023-08-13,2023-07-01,SPEI12_genlogistic_global_era5_moda_ref1991to2020_202307.nc,100,91.33291244506836,-2.3843514919281006
058003,"Huiliches, Lácar, Los Lagos",2023,PASO,2023-08-13,2023-07-01,SPEI12_genlogistic_global_era5_moda_ref1991to2020_202307.nc,0,0,-0.9016209840774536
086004,Río Hondo,2023,PASO,2023-08-13,2023-07-01,SPEI12_genlogistic_global_era5_moda_ref1991to2020_202307.nc,100,89.59228992462158,-2.033191442489624
022006,Mayor Luis J. Fontana,2023,PASO,2023-08-13,2023-07-01,SPEI12_genlogistic_global_era5_moda_ref1991to2020_202307.nc,100,100,-2.1649491786956787
090004,Leales,2023,PASO,2023-08-13,2023-07-01,SPEI12_genlogistic_global_era5_moda_ref1991to2020_202307.nc,100,99.65544939041138,-2.3958914279937744
058002,"Aluminé, Añelo, Catán-Lil, Collón-Cura, Loncopué, Minas, Ñorquin, Picún-Leufú, Picunches",2023,PASO,2023-08-13,2023-07-01,SPEI12_genlogistic_global_era5_moda_ref1991to2020_202307.nc,10.799559950828552,0,-1.2171012163162231
018004,"Berón de Astrada, Concepción, General Paz, San Roque",2023,PASO,2023-08-13,2023-07-01,SPEI12_genlogistic_global_era5_moda_ref1991to2020_202307.nc,100,100,-2.2998046875
050009,Rivadavia,2023,PASO,2023-08-13,2023-07-01,SPEI12_genlogistic_global_era5_moda_ref1991to2020_202307.nc,100,100,-2.7350845336914063
006029,Ensenada,2023,PASO,2023-08-13,2023-07-01,SPEI12_genlogistic_global_era5_moda_ref1991to2020_202307.nc,100,100,-3.4170522689819336
006028,Tres Arroyos,2023,PASO,2023-08-13,2023-07-01,SPEI12_genlogistic_global_era5_moda_ref1991to2020_202307.nc,0,0,-0.9733619689941406
066004,Anta,2023,PASO,2023-08-13,2023-07-01,SPEI12_genlogistic_global_era5_moda_ref1991to2020_202307.nc,100,100,-2.603874683380127
054006,San Ignacio,2023,PASO,2023-08-13,2023-07-01,SPEI12_genlogistic_global_era5_moda_ref1991to2020_202307.nc,100,100,-2.824659824371338
042002,Maracó,2023,PASO,2023-08-13,2023-07-01,SPEI12_genlogistic_global_era5_moda_ref1991to2020_202307.nc,100,100,-3.54792857170105
062003,Adolfo Alsina,2023,PASO,2023-08-13,2023-07-01,SPEI12_genlogistic_global_era5_moda_ref1991to2020_202307.nc,54.669833183288574,0,-1.5109256505966187
006027,San Pedro,2023,PASO,2023-08-13,2023-07-01,SPEI12_genlogistic_global_era5_moda_ref1991to2020_202307.nc,100,99.98741149902344,-3.3965952396392822
018003,Santo Tomé,2023,PASO,2023-08-13,2023-07-01,SPEI12_genlogistic_global_era5_moda_ref1991to2020_202307.nc,100,100,-2.5711915493011475
006026,"Alberti, Roque Pérez, 25 de Mayo",2023,PASO,2023-08-13,2023-07-01,SPEI12_genlogistic_global_era5_moda_ref1991to2020_202307.nc,100,100,-2.56149959564209
006025,"Chascomus, Magdalena, Punta Indio",2023,PASO,2023-08-13,2023-07-01,SPEI12_genlogistic_global_era5_moda_ref1991to2020_202307.nc,100,100,-2.4892845153808594
006024,"General Viamonte, Lincoln",2023,PASO,2023-08-13,2023-07-01,SPEI12_genlogistic_global_era5_moda_ref1991to2020_202307.nc,100,100,-2.651641607284546
022005,"San Lorenzo, Sargento Cabral, 25 de Mayo",2023,PASO,2023-08-13,2023-07-01,SPEI12_genlogistic_global_era5_moda_ref1991to2020_202307.nc,99.31502342224121,11.117313802242279,-1.8487675189971924
006023,Coronel de Marine L. Rosales,2023,PASO,2023-08-13,2023-07-01,SPEI12_genlogistic_global_era5_moda_ref1991to2020_202307.nc,43.25179159641266,0,-1.4887818098068237
006022,"Balcarce, Lobería",2023,PASO,2023-08-13,2023-07-01,SPEI12_genlogistic_global_era5_moda_ref1991to2020_202307.nc,0,0,-0.9846871495246887
006021,Mercedes,2023,PASO,2023-08-13,2023-07-01,SPEI12_genlogistic_global_era5_moda_ref1991to2020_202307.nc,100,18.675166368484497,-1.9718363285064697
014013,Juárez Celman,2023,PASO,2023-08-13,2023-07-01,SPEI12_genlogistic_global_era5_moda_ref1991to2020_202307.nc,100,100,-2.562626361846924
070005,"Angaco, Caucete, 25 de Mayo",2023,PASO,2023-08-13,2023-07-01,SPEI12_genlogistic_global_era5_moda_ref1991to2020_202307.nc,100,100,-2.5858302116394043
082013,San Martín,2023,PASO,2023-08-13,2023-07-01,SPEI12_genlogistic_global_era5_moda_ref1991to2020_202307.nc,100,90.39477109909058,-2.221731424331665
006020,Chivilcoy,2023,PASO,2023-08-13,2023-07-01,SPEI12_genlogistic_global_era5_moda_ref1991to2020_202307.nc,100,100,-2.192732810974121
006019,Azul,2023,PASO,2023-08-13,2023-07-01,SPEI12_genlogistic_global_era5_moda_ref1991to2020_202307.nc,100,70.33803462982178,-2.1554925441741943
082012,Iriondo,2023,PASO,2023-08-13,2023-07-01,SPEI12_genlogistic_global_era5_moda_ref1991to2020_202307.nc,100,100,-2.373396396636963
086003,"Alberdi, Juan F. Ibarra, Moreno",2023,PASO,2023-08-13,2023-07-01,SPEI12_genlogistic_global_era5_moda_ref1991to2020_202307.nc,100,89.26716446876526,-2.14015531539917
082011,San Cristóbal,2023,PASO,2023-08-13,2023-07-01,SPEI12_genlogistic_global_era5_moda_ref1991to2020_202307.nc,100,91.93628430366516,-2.2324278354644775
022004,General Güemes,2023,PASO,2023-08-13,2023-07-01,SPEI12_genlogistic_global_era5_moda_ref1991to2020_202307.nc,100,55.85167407989502,-2.2146177291870117
030006,La Paz,2023,PASO,2023-08-13,2023-07-01,SPEI12_genlogistic_global_era5_moda_ref1991to2020_202307.nc,100,96.89952731132507,-2.529245615005493
030005,Federación,2023,PASO,2023-08-13,2023-07-01,SPEI12_genlogistic_global_era5_moda_ref1991to2020_202307.nc,100,100,-2.4870574474334717
054005,Guaraní,2023,PASO,2023-08-13,2023-07-01,SPEI12_genlogistic_global_era5_moda_ref1991to2020_202307.nc,73.88401627540588,22.313691675662994,-1.7894837856292725
014012,"Cruz del Eje, Minas, Pocho",2023,PASO,2023-08-13,2023-07-01,SPEI12_genlogistic_global_era5_moda_ref1991to2020_202307.nc,100,91.71971082687378,-2.429778814315796
022003,"Libertador General San Martín, 1 de Mayo",2023,PASO,2023-08-13,2023-07-01,SPEI12_genlogistic_global_era5_moda_ref1991to2020_202307.nc,92.5040602684021,24.628598988056183,-1.7927792072296143
094001,"Río Grande, Antarctic Argentina",2023,PASO,2023-08-13,2023-07-01,SPEI12_genlogistic_global_era5_moda_ref1991to2020_202307.nc,15.389834344387054,0,-1.1433554887771606
006018,"General Lavalle, La Costa",2023,PASO,2023-08-13,2023-07-01,SPEI12_genlogistic_global_era5_moda_ref1991to2020_202307.nc,100,28.22108566761017,-1.8806192874908447
038004,San Pedro,2023,PASO,2023-08-13,2023-07-01,SPEI12_genlogistic_global_era5_moda_ref1991to2020_202307.nc,100,100,-3.4826250076293945
054004,El Dorado,2023,PASO,2023-08-13,2023-07-01,SPEI12_genlogistic_global_era5_moda_ref1991to2020_202307.nc,39.410385489463806,0,-1.4201538562774658
082010,Caseros,2023,PASO,2023-08-13,2023-07-01,SPEI12_genlogistic_global_era5_moda_ref1991to2020_202307.nc,100,99.51022863388062,-3.881819009780884
026003,Biedma,2023,PASO,2023-08-13,2023-07-01,SPEI12_genlogistic_global_era5_moda_ref1991to2020_202307.nc,8.801570534706116,0,-0.7293010950088501
082009,San Jerónimo,2023,PASO,2023-08-13,2023-07-01,SPEI12_genlogistic_global_era5_moda_ref1991to2020_202307.nc,100,81.30195736885071,-2.1263229846954346
054003,Iguazú,2023,PASO,2023-08-13,2023-07-01,SPEI12_genlogistic_global_era5_moda_ref1991to2020_202307.nc,1.592235453426838,0,-1.2106128931045532
034004,"Bermejo, Patiño",2023,PASO,2023-08-13,2023-07-01,SPEI12_genlogistic_global_era5_moda_ref1991to2020_202307.nc,100,92.59316921234131,-2.3309366703033447
006017,"Presidente Perón, San Vicente",2023,PASO,2023-08-13,2023-07-01,SPEI12_genlogistic_global_era5_moda_ref1991to2020_202307.nc,100,100,-2.2382798194885254
070004,Rivadavia,2023,PASO,2023-08-13,2023-07-01,SPEI12_genlogistic_global_era5_moda_ref1991to2020_202307.nc,100,100,-3.1687989234924316
034003,Pilcomayo,2023,PASO,2023-08-13,2023-07-01,SPEI12_genlogistic_global_era5_moda_ref1991to2020_202307.nc,100,58.53285789489746,-2.090250015258789
006016,General Rodríguez,2023,PASO,2023-08-13,2023-07-01,SPEI12_genlogistic_global_era5_moda_ref1991to2020_202307.nc,100,0.5785096436738968,-1.961556077003479
070003,Chimbas,2023,PASO,2023-08-13,2023-07-01,SPEI12_genlogistic_global_era5_moda_ref1991to2020_202307.nc,100,100,-2.594831943511963
006015,Berisso,2023,PASO,2023-08-13,2023-07-01,SPEI12_genlogistic_global_era5_moda_ref1991to2020_202307.nc,100,100,-2.8783187866210938
082008,Constitución,2023,PASO,2023-08-13,2023-07-01,SPEI12_genlogistic_global_era5_moda_ref1991to2020_202307.nc,100,47.7456659078598,-2.3079469203948975
006014,Junín,2023,PASO,2023-08-13,2023-07-01,SPEI12_genlogistic_global_era5_moda_ref1991to2020_202307.nc,100,100,-2.365295648574829
018002,Goya,2023,PASO,2023-08-13,2023-07-01,SPEI12_genlogistic_global_era5_moda_ref1991to2020_202307.nc,100,100,-2.5766284465789795
006013,Necochea,2023,PASO,2023-08-13,2023-07-01,SPEI12_genlogistic_global_era5_moda_ref1991to2020_202307.nc,1.6970930621027946,0,-0.989081621170044
006012,Campana,2023,PASO,2023-08-13,2023-07-01,SPEI12_genlogistic_global_era5_moda_ref1991to2020_202307.nc,100,99.97684955596924,-2.894709825515747
014011,Santa María,2023,PASO,2023-08-13,2023-07-01,SPEI12_genlogistic_global_era5_moda_ref1991to2020_202307.nc,100,100,-2.6954967975616455
022002,Comandante Fernandez,2023,PASO,2023-08-13,2023-07-01,SPEI12_genlogistic_global_era5_moda_ref1991to2020_202307.nc,100,3.505505248904228,-1.8634958267211914
090003,"Chicligasta, Granero, Juan Bautista Alberdi, La Cocha, Monteros, Río Chico, Simoca",2023,PASO,2023-08-13,2023-07-01,SPEI12_genlogistic_global_era5_moda_ref1991to2020_202307.nc,98.30381870269775,76.1712372303009,-2.7265024185180664
034002,"Laishi, Pilagás, Pirané",2023,PASO,2023-08-13,2023-07-01,SPEI12_genlogistic_global_era5_moda_ref1991to2020_202307.nc,99.97673034667969,63.88700008392334,-2.1049253940582275
038003,"Ledesma, Santa Bárbara",2023,PASO,2023-08-13,2023-07-01,SPEI12_genlogistic_global_era5_moda_ref1991to2020_202307.nc,100,100,-3.025618553161621
030004,Uruguay,2023,PASO,2023-08-13,2023-07-01,SPEI12_genlogistic_global_era5_moda_ref1991to2020_202307.nc,100,100,-2.3081226348876953
038002,"El Carmen, San Antonio",2023,PASO,2023-08-13,2023-07-01,SPEI12_genlogistic_global_era5_moda_ref1991to2020_202307.nc,96.43239974975586,96.43239974975586,-3.9931914806365967
014010,Marcos Juárez,2023,PASO,2023-08-13,2023-07-01,SPEI12_genlogistic_global_era5_moda_ref1991to2020_202307.nc,100,100,-3.7337725162506104
014009,Unión,2023,PASO,2023-08-13,2023-07-01,SPEI12_genlogistic_global_era5_moda_ref1991to2020_202307.nc,100,100,-2.8127942085266113
042001,Capital,2023,PASO,2023-08-13,2023-07-01,SPEI12_genlogistic_global_era5_moda_ref1991to2020_202307.nc,100,100,-2.4789183139801025
014008,Río Segundo,2023,PASO,2023-08-13,2023-07-01,SPEI12_genlogistic_global_era5_moda_ref1991to2020_202307.nc,100,100,-2.6702728271484375
082007,Las Colonias,2023,PASO,2023-08-13,2023-07-01,SPEI12_genlogistic_global_era5_moda_ref1991to2020_202307.nc,100,100,-2.1645822525024414
006011,Luján,2023,PASO,2023-08-13,2023-07-01,SPEI12_genlogistic_global_era5_moda_ref1991to2020_202307.nc,100,0.00874252655194141,-1.9679640531539917
078002,Deseado,2023,PASO,2023-08-13,2023-07-01,SPEI12_genlogistic_global_era5_moda_ref1991to2020_202307.nc,77.27715969085693,26.93895697593689,-1.755279302597046
006010,Pergamino,2023,PASO,2023-08-13,2023-07-01,SPEI12_genlogistic_global_era5_moda_ref1991to2020_202307.nc,100,75.46826004981995,-2.11409592628479
054002,Oberá,2023,PASO,2023-08-13,2023-07-01,SPEI12_genlogistic_global_era5_moda_ref1991to2020_202307.nc,100,100,-2.962122917175293
006009,Olavarría,2023,PASO,2023-08-13,2023-07-01,SPEI12_genlogistic_global_era5_moda_ref1991to2020_202307.nc,100,99.03443455696106,-2.5539612770080566
070002,Capital,2023,PASO,2023-08-13,2023-07-01,SPEI12_genlogistic_global_era5_moda_ref1991to2020_202307.nc,100,100,-2.5872573852539063
014007,Tercero Arriba,2023,PASO,2023-08-13,2023-07-01,SPEI12_genlogistic_global_era5_moda_ref1991to2020_202307.nc,100,100,-2.477651596069336
030003,"Gualeguaychú, Islas del Ibicuy",2023,PASO,2023-08-13,2023-07-01,SPEI12_genlogistic_global_era5_moda_ref1991to2020_202307.nc,100,100,-3.2056052684783936
050008,Capital,2023,PASO,2023-08-13,2023-07-01,SPEI12_genlogistic_global_era5_moda_ref1991to2020_202307.nc,100,100,-2.5339622497558594
006008,Zárate,2023,PASO,2023-08-13,2023-07-01,SPEI12_genlogistic_global_era5_moda_ref1991to2020_202307.nc,100,100,-3.373501777648926
078001,Guer Aike,2023,PASO,2023-08-13,2023-07-01,SPEI12_genlogistic_global_era5_moda_ref1991to2020_202307.nc,82.03012943267822,75.34269094467163,-2.3336641788482666
070001,Rawson,2023,PASO,2023-08-13,2023-07-01,SPEI12_genlogistic_global_era5_moda_ref1991to2020_202307.nc,100,100,-2.5344302654266357
050007,Luján de Cuyo,2023,PASO,2023-08-13,2023-07-01,SPEI12_genlogistic_global_era5_moda_ref1991to2020_202307.nc,37.17222511768341,36.41968369483948,-1.4979349374771118
050006,San Martín,2023,PASO,2023-08-13,2023-07-01,SPEI12_genlogistic_global_era5_moda_ref1991to2020_202307.nc,100,100,-2.8192975521087646
006007,Tandil,2023,PASO,2023-08-13,2023-07-01,SPEI12_genlogistic_global_era5_moda_ref1991to2020_202307.nc,57.79078006744385,0.13471886049956083,-1.624179482460022
014006,General San Martín,2023,PASO,2023-08-13,2023-07-01,SPEI12_genlogistic_global_era5_moda_ref1991to2020_202307.nc,100,100,-2.603476047515869
062002,Bariloche,2023,PASO,2023-08-13,2023-07-01,SPEI12_genlogistic_global_era5_moda_ref1991to2020_202307.nc,0,0,-0.9818125367164612
026002,Rawson,2023,PASO,2023-08-13,2023-07-01,SPEI12_genlogistic_global_era5_moda_ref1991to2020_202307.nc,0,0,-0.02850043959915638
074002,"General Pedernera, Gobernador Dupuy",2023,PASO,2023-08-13,2023-07-01,SPEI12_genlogistic_global_era5_moda_ref1991to2020_202307.nc,100,99.06255602836609,-3.0681138038635254
086002,Banda,2023,PASO,2023-08-13,2023-07-01,SPEI12_genlogistic_global_era5_moda_ref1991to2020_202307.nc,100,90.72632193565369,-2.022383213043213
006006,San Nicolás,2023,PASO,2023-08-13,2023-07-01,SPEI12_genlogistic_global_era5_moda_ref1991to2020_202307.nc,100,4.165090993046761,-1.9110026359558105
066003,"Iruya, Orán, Santa Victoria",2023,PASO,2023-08-13,2023-07-01,SPEI12_genlogistic_global_era5_moda_ref1991to2020_202307.nc,98.33050966262817,98.33050966262817,-2.9727914333343506
082006,San Lorenzo,2023,PASO,2023-08-13,2023-07-01,SPEI12_genlogistic_global_era5_moda_ref1991to2020_202307.nc,100,78.11287045478821,-2.092050552368164
066002,General Jose de San Martín,2023,PASO,2023-08-13,2023-07-01,SPEI12_genlogistic_global_era5_moda_ref1991to2020_202307.nc,100,100,-2.6649696826934814
010001,Capital,2023,PASO,2023-08-13,2023-07-01,SPEI12_genlogistic_global_era5_moda_ref1991to2020_202307.nc,100,100,-2.4345247745513916
006092,San Fernando,2023,PASO,2023-08-13,2023-07-01,SPEI12_genlogistic_global_era5_moda_ref1991to2020_202307.nc,100,100,-3.333320379257202
014005,Punilla,2023,PASO,2023-08-13,2023-07-01,SPEI12_genlogistic_global_era5_moda_ref1991to2020_202307.nc,100,100,-3.281360387802124
050005,Maipú,2023,PASO,2023-08-13,2023-07-01,SPEI12_genlogistic_global_era5_moda_ref1991to2020_202307.nc,100,100,-2.34208345413208
082005,General Obligado,2023,PASO,2023-08-13,2023-07-01,SPEI12_genlogistic_global_era5_moda_ref1991to2020_202307.nc,100,100,-2.561063766479492
082004,Castellanos,2023,PASO,2023-08-13,2023-07-01,SPEI12_genlogistic_global_era5_moda_ref1991to2020_202307.nc,100,88.1709635257721,-2.1840970516204834
046001,Capital,2023,PASO,2023-08-13,2023-07-01,SPEI12_genlogistic_global_era5_moda_ref1991to2020_202307.nc,100,57.39383101463318,-2.1052937507629395
090002,Cruz Alta,2023,PASO,2023-08-13,2023-07-01,SPEI12_genlogistic_global_era5_moda_ref1991to2020_202307.nc,100,100,-2.467275619506836
030002,"Colón, Concordia, Federal, Feliciano, San Salvador, Villaguay",2023,PASO,2023-08-13,2023-07-01,SPEI12_genlogistic_global_era5_moda_ref1991to2020_202307.nc,100,100,-2.337773323059082
050004,San Rafael,2023,PASO,2023-08-13,2023-07-01,SPEI12_genlogistic_global_era5_moda_ref1991to2020_202307.nc,88.81869316101074,79.81160879135132,-2.3993332386016846
026001,Escalante,2023,PASO,2023-08-13,2023-07-01,SPEI12_genlogistic_global_era5_moda_ref1991to2020_202307.nc,0,0,-0.9025458097457886
082003,General López,2023,PASO,2023-08-13,2023-07-01,SPEI12_genlogistic_global_era5_moda_ref1991to2020_202307.nc,100,100,-2.8786189556121826
050003,Godoy Cruz,2023,PASO,2023-08-13,2023-07-01,SPEI12_genlogistic_global_era5_moda_ref1991to2020_202307.nc,100,100,-2.4572739601135254
074001,La Capital,2023,PASO,2023-08-13,2023-07-01,SPEI12_genlogistic_global_era5_moda_ref1991to2020_202307.nc,100,100,-3.88250470161438
014004,San Justo,2023,PASO,2023-08-13,2023-07-01,SPEI12_genlogistic_global_era5_moda_ref1991to2020_202307.nc,100,77.10756659507751,-2.653564691543579
050002,Las Heras,2023,PASO,2023-08-13,2023-07-01,SPEI12_genlogistic_global_era5_moda_ref1991to2020_202307.nc,63.38406205177307,54.36466336250305,-1.9402120113372803
006005,Escobar,2023,PASO,2023-08-13,2023-07-01,SPEI12_genlogistic_global_era5_moda_ref1991to2020_202307.nc,100,100,-2.4063496589660645
014003,Colón,2023,PASO,2023-08-13,2023-07-01,SPEI12_genlogistic_global_era5_moda_ref1991to2020_202307.nc,100,100,-2.6264612674713135
034001,Formosa,2023,PASO,2023-08-13,2023-07-01,SPEI12_genlogistic_global_era5_moda_ref1991to2020_202307.nc,100,58.19023251533508,-2.0475587844848633
014002,Río Cuarto,2023,PASO,2023-08-13,2023-07-01,SPEI12_genlogistic_global_era5_moda_ref1991to2020_202307.nc,100,89.57568407058716,-2.4586005210876465
038001,"Dr. Manuel Belgrano, Palpalá",2023,PASO,2023-08-13,2023-07-01,SPEI12_genlogistic_global_era5_moda_ref1991to2020_202307.nc,86.70311570167542,86.70311570167542,-4.089104175567627
086001,Capital,2023,PASO,2023-08-13,2023-07-01,SPEI12_genlogistic_global_era5_moda_ref1991to2020_202307.nc,100,29.278555512428284,-1.9698415994644165
006091,Vicente López,2023,PASO,2023-08-13,2023-07-01,SPEI12_genlogistic_global_era5_moda_ref1991to2020_202307.nc,100,100,-2.6355695724487305
050001,Guaymallén,2023,PASO,2023-08-13,2023-07-01,SPEI12_genlogistic_global_era5_moda_ref1991to2020_202307.nc,100,100,-2.3811302185058594
006090,San Isidro,2023,PASO,2023-08-13,2023-07-01,SPEI12_genlogistic_global_era5_moda_ref1991to2020_202307.nc,100,100,-2.6355698108673096
006004,Bahía Blanca,2023,PASO,2023-08-13,2023-07-01,SPEI12_genlogistic_global_era5_moda_ref1991to2020_202307.nc,0,0,-1.3170223236083984
006003,Pilar,2023,PASO,2023-08-13,2023-07-01,SPEI12_genlogistic_global_era5_moda_ref1991to2020_202307.nc,100,41.905638575553894,-2.0656702518463135
006089,"Esteban Echeverría, Ezeiza",2023,PASO,2023-08-13,2023-07-01,SPEI12_genlogistic_global_era5_moda_ref1991to2020_202307.nc,100,100,-2.252803325653076
062001,General Roca,2023,PASO,2023-08-13,2023-07-01,SPEI12_genlogistic_global_era5_moda_ref1991to2020_202307.nc,4.544514045119286,0,-1.2266947031021118
006088,"Hurlingham, Ituzaingo, Morón",2023,PASO,2023-08-13,2023-07-01,SPEI12_genlogistic_global_era5_moda_ref1991to2020_202307.nc,100,100,-2.2379331588745117
054001,"Capital, Leandro N. Alem",2023,PASO,2023-08-13,2023-07-01,SPEI12_genlogistic_global_era5_moda_ref1991to2020_202307.nc,100,100,-2.802769899368286
006087,Berazategui,2023,PASO,2023-08-13,2023-07-01,SPEI12_genlogistic_global_era5_moda_ref1991to2020_202307.nc,100,100,-2.844555139541626
006086,"General Sarmiento, Jose C. Paz, Malvinas Argentinas, San Miguel",2023,PASO,2023-08-13,2023-07-01,SPEI12_genlogistic_global_era5_moda_ref1991to2020_202307.nc,100,100,-2.200615644454956
030001,Parana,2023,PASO,2023-08-13,2023-07-01,SPEI12_genlogistic_global_era5_moda_ref1991to2020_202307.nc,100,45.50405442714691,-1.9825475215911865
006085,Tres de Febrero,2023,PASO,2023-08-13,2023-07-01,SPEI12_genlogistic_global_era5_moda_ref1991to2020_202307.nc,100,100,-2.5573527812957764
006084,Avellaneda,2023,PASO,2023-08-13,2023-07-01,SPEI12_genlogistic_global_era5_moda_ref1991to2020_202307.nc,100,100,-2.6247174739837646
018001,Capital,2023,PASO,2023-08-13,2023-07-01,SPEI12_genlogistic_global_era5_moda_ref1991to2020_202307.nc,100,100,-2.3217599391937256
058001,Confluencia,2023,PASO,2023-08-13,2023-07-01,SPEI12_genlogistic_global_era5_moda_ref1991to2020_202307.nc,8.131039142608643,0,-1.3259838819503784
006083,Tigre,2023,PASO,2023-08-13,2023-07-01,SPEI12_genlogistic_global_era5_moda_ref1991to2020_202307.nc,100,100,-2.8211872577667236
022001,San Fernando,2023,PASO,2023-08-13,2023-07-01,SPEI12_genlogistic_global_era5_moda_ref1991to2020_202307.nc,100,100,-2.240992546081543
006082,General San Martín,2023,PASO,2023-08-13,2023-07-01,SPEI12_genlogistic_global_era5_moda_ref1991to2020_202307.nc,100,100,-2.6355698108673096
006081,Florencio Varela,2023,PASO,2023-08-13,2023-07-01,SPEI12_genlogistic_global_era5_moda_ref1991to2020_202307.nc,100,100,-2.491560935974121
006080,Moreno,2023,PASO,2023-08-13,2023-07-01,SPEI12_genlogistic_global_era5_moda_ref1991to2020_202307.nc,100,96.95085883140564,-2.1686487197875977
006079,Lanus,2023,PASO,2023-08-13,2023-07-01,SPEI12_genlogistic_global_era5_moda_ref1991to2020_202307.nc,100,100,-2.399491548538208
082002,La Capital,2023,PASO,2023-08-13,2023-07-01,SPEI12_genlogistic_global_era5_moda_ref1991to2020_202307.nc,100,82.26079940795898,-2.046586275100708
066001,Capital,2023,PASO,2023-08-13,2023-07-01,SPEI12_genlogistic_global_era5_moda_ref1991to2020_202307.nc,100,100,-3.4556617736816406
006078,Merlo,2023,PASO,2023-08-13,2023-07-01,SPEI12_genlogistic_global_era5_moda_ref1991to2020_202307.nc,100,100,-2.1452884674072266
006077,Almirante Brown,2023,PASO,2023-08-13,2023-07-01,SPEI12_genlogistic_global_era5_moda_ref1991to2020_202307.nc,100,100,-2.4848287105560303
006076,Quilmes,2023,PASO,2023-08-13,2023-07-01,SPEI12_genlogistic_global_era5_moda_ref1991to2020_202307.nc,100,100,-2.6627609729766846
006002,General Pueyrredón,2023,PASO,2023-08-13,2023-07-01,SPEI12_genlogistic_global_era5_moda_ref1991to2020_202307.nc,0,0,-0.7924064993858337
006075,Lomas de Zamora,2023,PASO,2023-08-13,2023-07-01,SPEI12_genlogistic_global_era5_moda_ref1991to2020_202307.nc,100,100,-2.344566822052002
006001,La Plata,2023,PASO,2023-08-13,2023-07-01,SPEI12_genlogistic_global_era5_moda_ref1991to2020_202307.nc,100,100,-2.4866716861724854
002001,City of Buenos Aires,2023,PASO,2023-08-13,2023-07-01,SPEI12_genlogistic_global_era5_moda_ref1991to2020_202307.nc,100,100,-2.5035674571990967
090001,"Famaillá, Lules, Capital, Tafí del Valle, Tafí Viajo, Trancas, Yerba Buena",2023,PASO,2023-08-13,2023-07-01,SPEI12_genlogistic_global_era5_moda_ref1991to2020_202307.nc,80.53488731384277,67.36382842063904,-2.8882980346679688
082001,Rosario,2023,PASO,2023-08-13,2023-07-01,SPEI12_genlogistic_global_era5_moda_ref1991to2020_202307.nc,100,10.577236860990524,-1.9830750226974487
014001,Capital,2023,PASO,2023-08-13,2023-07-01,SPEI12_genlogistic_global_era5_moda_ref1991to2020_202307.nc,100,100,-2.559870719909668
006074,La Matanza,2023,PASO,2023-08-13,2023-07-01,SPEI12_genlogistic_global_era5_moda_ref1991to2020_202307.nc,100,100,-2.220139503479004
094002,Ushuaia,2023,PASO,2023-08-13,2023-07-01,SPEI12_genlogistic_global_era5_moda_ref1991to2020_202307.nc,78.21370959281921,21.025508642196655,-1.689907193183899
006072,Saavedra,2023,GENERALES,2023-10-22,2023-09-01,SPEI12_genlogistic_global_era5_moda_ref1991to2020_202309.nc,0.1488558016717434,0,-1.0736526250839233
006073,"Castelli, Maipú, Tordillo",2023,GENERALES,2023-10-22,2023-09-01,SPEI12_genlogistic_global_era5_moda_ref1991to2020_202309.nc,68.61677765846252,11.91825270652771,-2.2195723056793213
066013,Chicoana,2023,GENERALES,2023-10-22,2023-09-01,SPEI12_genlogistic_global_era5_moda_ref1991to2020_202309.nc,100,100,-2.949521064758301
018016,"General Alvear, San Martín",2023,GENERALES,2023-10-22,2023-09-01,SPEI12_genlogistic_global_era5_moda_ref1991to2020_202309.nc,100,98.32214117050171,-2.2404696941375732
006071,"General La Madrid, Laprida",2023,GENERALES,2023-10-22,2023-09-01,SPEI12_genlogistic_global_era5_moda_ref1991to2020_202309.nc,11.20801642537117,0.014335731975734234,-1.2739683389663696
070012,"9 de Julio, San Martín",2023,GENERALES,2023-10-22,2023-09-01,SPEI12_genlogistic_global_era5_moda_ref1991to2020_202309.nc,100,100,-2.8604109287261963
006070,Monte,2023,GENERALES,2023-10-22,2023-09-01,SPEI12_genlogistic_global_era5_moda_ref1991to2020_202309.nc,100,100,-2.320077657699585
006069,Mar Chiquita,2023,GENERALES,2023-10-22,2023-09-01,SPEI12_genlogistic_global_era5_moda_ref1991to2020_202309.nc,0,0,-0.8966821432113647
062007,"Conesa, Pichi Mahuida",2023,GENERALES,2023-10-22,2023-09-01,SPEI12_genlogistic_global_era5_moda_ref1991to2020_202309.nc,25.34773051738739,0,-1.4406944513320923
046006,"Chamical, General Belgrano",2023,GENERALES,2023-10-22,2023-09-01,SPEI12_genlogistic_global_era5_moda_ref1991to2020_202309.nc,100,100,-2.2908036708831787
078004,"Lago Buenos Aires, Magallanes, Río Chico",2023,GENERALES,2023-10-22,2023-09-01,SPEI12_genlogistic_global_era5_moda_ref1991to2020_202309.nc,2.969430387020111,0,-0.7316373586654663
082019,Garay,2023,GENERALES,2023-10-22,2023-09-01,SPEI12_genlogistic_global_era5_moda_ref1991to2020_202309.nc,100,31.839263439178467,-1.9503207206726074
086015,Avellaneda,2023,GENERALES,2023-10-22,2023-09-01,SPEI12_genlogistic_global_era5_moda_ref1991to2020_202309.nc,100,100,-2.4130876064300537
066012,"Cafayate, La Vina",2023,GENERALES,2023-10-22,2023-09-01,SPEI12_genlogistic_global_era5_moda_ref1991to2020_202309.nc,99.45363998413086,91.25568866729736,-2.638657808303833
074005,Chacabuco,2023,GENERALES,2023-10-22,2023-09-01,SPEI12_genlogistic_global_era5_moda_ref1991to2020_202309.nc,100,100,-2.7699263095855713
042007,"Hucal, Utracán",2023,GENERALES,2023-10-22,2023-09-01,SPEI12_genlogistic_global_era5_moda_ref1991to2020_202309.nc,27.30278968811035,5.195854231715202,-1.302734375
070011,Sarmiento,2023,GENERALES,2023-10-22,2023-09-01,SPEI12_genlogistic_global_era5_moda_ref1991to2020_202309.nc,99.99608397483826,99.99608397483826,-2.884991407394409
006068,Carlos Casares,2023,GENERALES,2023-10-22,2023-09-01,SPEI12_genlogistic_global_era5_moda_ref1991to2020_202309.nc,100,100,-3.037266969680786
026006,"Cushamen, Languiñeo",2023,GENERALES,2023-10-22,2023-09-01,SPEI12_genlogistic_global_era5_moda_ref1991to2020_202309.nc,0.7935496978461742,0.7935496978461742,-0.5643852353096008
018015,"Itatí, San Cosme",2023,GENERALES,2023-10-22,2023-09-01,SPEI12_genlogistic_global_era5_moda_ref1991to2020_202309.nc,100,100,-2.3071606159210205
086014,"Figueroa, Sarmiento",2023,GENERALES,2023-10-22,2023-09-01,SPEI12_genlogistic_global_era5_moda_ref1991to2020_202309.nc,100,100,-2.2294864654541016
006067,San Andrés de Giles,2023,GENERALES,2023-10-22,2023-09-01,SPEI12_genlogistic_global_era5_moda_ref1991to2020_202309.nc,100,23.71654212474823,-2.109039306640625
010007,"Antofagasta de la Sierra, Tinogasta",2023,GENERALES,2023-10-22,2023-09-01,SPEI12_genlogistic_global_era5_moda_ref1991to2020_202309.nc,17.916785180568695,11.534054577350616,-0.7402478456497192
018014,Saladas,2023,GENERALES,2023-10-22,2023-09-01,SPEI12_genlogistic_global_era5_moda_ref1991to2020_202309.nc,100,46.727555990219116,-2.0359270572662354
046005,"Arauco, Castro Barros, San Blas de los Sauces",2023,GENERALES,2023-10-22,2023-09-01,SPEI12_genlogistic_global_era5_moda_ref1991to2020_202309.nc,93.68786811828613,84.43413972854614,-2.22737979888916
006066,Rojas,2023,GENERALES,2023-10-22,2023-09-01,SPEI12_genlogistic_global_era5_moda_ref1991to2020_202309.nc,100,90.01215696334839,-2.8682987689971924
006065,"Carlos Tejedor, Florentino Ameghino, General Pinto",2023,GENERALES,2023-10-22,2023-09-01,SPEI12_genlogistic_global_era5_moda_ref1991to2020_202309.nc,100,91.0676896572113,-2.230733633041382
086013,"Aguirre, Belgrano, Mitre, Rivadavia",2023,GENERALES,2023-10-22,2023-09-01,SPEI12_genlogistic_global_era5_moda_ref1991to2020_202309.nc,100,85.43350100517273,-2.516552448272705
070010,"Calingasta, Iglesia, Ullúm, Zonda",2023,GENERALES,2023-10-22,2023-09-01,SPEI12_genlogistic_global_era5_moda_ref1991to2020_202309.nc,65.14286994934082,52.35099792480469,-2.159193992614746
086012,"Ojo de Agua, Quebrachos",2023,GENERALES,2023-10-22,2023-09-01,SPEI12_genlogistic_global_era5_moda_ref1991to2020_202309.nc,100,100,-2.4288039207458496
070009,Albardón,2023,GENERALES,2023-10-22,2023-09-01,SPEI12_genlogistic_global_era5_moda_ref1991to2020_202309.nc,100,100,-2.880251407623291
022015,Maipú,2023,GENERALES,2023-10-22,2023-09-01,SPEI12_genlogistic_global_era5_moda_ref1991to2020_202309.nc,98.41062426567078,0,-1.5992017984390259
006064,Las Flores,2023,GENERALES,2023-10-22,2023-09-01,SPEI12_genlogistic_global_era5_moda_ref1991to2020_202309.nc,100,85.31359434127808,-2.1914191246032715
006063,Colón,2023,GENERALES,2023-10-22,2023-09-01,SPEI12_genlogistic_global_era5_moda_ref1991to2020_202309.nc,100,94.75710988044739,-2.1662282943725586
022014,Bermejo,2023,GENERALES,2023-10-22,2023-09-01,SPEI12_genlogistic_global_era5_moda_ref1991to2020_202309.nc,100,100,-2.243349075317383
006062,"Adolfo Alsina, Salliqueló",2023,GENERALES,2023-10-22,2023-09-01,SPEI12_genlogistic_global_era5_moda_ref1991to2020_202309.nc,77.44104862213135,26.144906878471375,-1.77299165725708
030011,Tala,2023,GENERALES,2023-10-22,2023-09-01,SPEI12_genlogistic_global_era5_moda_ref1991to2020_202309.nc,100,100,-2.940157651901245
042006,"Caleu-Caleu, Cura-Co, Chalileo, Chical-Có, Lihuel Calel, Limay Mahuida, Leventué, Puelén",2023,GENERALES,2023-10-22,2023-09-01,SPEI12_genlogistic_global_era5_moda_ref1991to2020_202309.nc,9.357020258903503,0.8577493019402027,-1.0356866121292114
050017,"La Paz, Santa Rosa",2023,GENERALES,2023-10-22,2023-09-01,SPEI12_genlogistic_global_era5_moda_ref1991to2020_202309.nc,100,100,-2.9017062187194824
066011,"Cachí, La Poma, Los Andes, Molinos, San Carlos",2023,GENERALES,2023-10-22,2023-09-01,SPEI12_genlogistic_global_era5_moda_ref1991to2020_202309.nc,13.746429979801178,7.2243332862854,-0.6814075112342834
006061,Brandsen,2023,GENERALES,2023-10-22,2023-09-01,SPEI12_genlogistic_global_era5_moda_ref1991to2020_202309.nc,100,100,-2.441642999649048
046004,"General Ocampo, General San Martín, Rosario Vera Peñaloza",2023,GENERALES,2023-10-22,2023-09-01,SPEI12_genlogistic_global_era5_moda_ref1991to2020_202309.nc,100,100,-2.589552402496338
006060,"Daireaux, Hipólito Yrigoyen",2023,GENERALES,2023-10-22,2023-09-01,SPEI12_genlogistic_global_era5_moda_ref1991to2020_202309.nc,100,92.02993512153625,-2.2204396724700928
006059,Dolores,2023,GENERALES,2023-10-22,2023-09-01,SPEI12_genlogistic_global_era5_moda_ref1991to2020_202309.nc,98.34205508232117,30.434781312942505,-3.684499740600586
070008,"Jachal, Valle Fértil",2023,GENERALES,2023-10-22,2023-09-01,SPEI12_genlogistic_global_era5_moda_ref1991to2020_202309.nc,100,98.00969958305359,-2.994123697280884
078003,"Corpen Aike, Lago Argentino",2023,GENERALES,2023-10-22,2023-09-01,SPEI12_genlogistic_global_era5_moda_ref1991to2020_202309.nc,29.509076476097107,8.89950767159462,-1.0113749504089355
054015,Candelaria,2023,GENERALES,2023-10-22,2023-09-01,SPEI12_genlogistic_global_era5_moda_ref1991to2020_202309.nc,100,100,-2.245216131210327
054014,25 de Mayo,2023,GENERALES,2023-10-22,2023-09-01,SPEI12_genlogistic_global_era5_moda_ref1991to2020_202309.nc,100,3.3878639340400696,-1.806078553199768
042005,"Chapaleufú, Realicó",2023,GENERALES,2023-10-22,2023-09-01,SPEI12_genlogistic_global_era5_moda_ref1991to2020_202309.nc,100,100,-2.836423397064209
074004,Junín,2023,GENERALES,2023-10-22,2023-09-01,SPEI12_genlogistic_global_era5_moda_ref1991to2020_202309.nc,100,81.27968907356262,-2.3158721923828125
050016,Malargue,2023,GENERALES,2023-10-22,2023-09-01,SPEI12_genlogistic_global_era5_moda_ref1991to2020_202309.nc,0.4071199335157871,0,0.020775286480784416
066010,Rivadavia,2023,GENERALES,2023-10-22,2023-09-01,SPEI12_genlogistic_global_era5_moda_ref1991to2020_202309.nc,100,100,-2.8276140689849854
018013,Lavalle,2023,GENERALES,2023-10-22,2023-09-01,SPEI12_genlogistic_global_era5_moda_ref1991to2020_202309.nc,100,100,-2.145862579345703
006058,"General Belgrano, General Paz",2023,GENERALES,2023-10-22,2023-09-01,SPEI12_genlogistic_global_era5_moda_ref1991to2020_202309.nc,100,78.04967761039734,-2.2019500732421875
086011,"Loreto, Silipica",2023,GENERALES,2023-10-22,2023-09-01,SPEI12_genlogistic_global_era5_moda_ref1991to2020_202309.nc,100,50.6286084651947,-1.9869277477264404
010006,"Ancasti, El Alto, La Paz",2023,GENERALES,2023-10-22,2023-09-01,SPEI12_genlogistic_global_era5_moda_ref1991to2020_202309.nc,100,58.36006999015808,-2.063839912414551
034005,"Matacos, Ramón Lista",2023,GENERALES,2023-10-22,2023-09-01,SPEI12_genlogistic_global_era5_moda_ref1991to2020_202309.nc,100,94.41035389900208,-2.5376603603363037
006057,Exaltación de la Cruz,2023,GENERALES,2023-10-22,2023-09-01,SPEI12_genlogistic_global_era5_moda_ref1991to2020_202309.nc,100,97.08618521690369,-2.7200136184692383
006056,Arrecifes,2023,GENERALES,2023-10-22,2023-09-01,SPEI12_genlogistic_global_era5_moda_ref1991to2020_202309.nc,100,63.13120722770691,-2.1613781452178955
082018,9 de Julio,2023,GENERALES,2023-10-22,2023-09-01,SPEI12_genlogistic_global_era5_moda_ref1991to2020_202309.nc,100,100,-2.8350791931152344
062006,San Antonio,2023,GENERALES,2023-10-22,2023-09-01,SPEI12_genlogistic_global_era5_moda_ref1991to2020_202309.nc,0,0,-1.04584801197052
006055,Patagones,2023,GENERALES,2023-10-22,2023-09-01,SPEI12_genlogistic_global_era5_moda_ref1991to2020_202309.nc,27.61913537979126,0,-1.457524299621582
086010,Copo,2023,GENERALES,2023-10-22,2023-09-01,SPEI12_genlogistic_global_era5_moda_ref1991to2020_202309.nc,100,100,-2.2042691707611084
014021,"Río Seco, Sobremonte, Tulumba",2023,GENERALES,2023-10-22,2023-09-01,SPEI12_genlogistic_global_era5_moda_ref1991to2020_202309.nc,100,94.76343393325806,-2.787566661834717
054013,San Pedro,2023,GENERALES,2023-10-22,2023-09-01,SPEI12_genlogistic_global_era5_moda_ref1991to2020_202309.nc,0.8707105182111263,0,-1.2742595672607422
006054,"General Juan Madariaga, Pinamar, Villa Gesell",2023,GENERALES,2023-10-22,2023-09-01,SPEI12_genlogistic_global_era5_moda_ref1991to2020_202309.nc,51.086610555648804,1.5836359933018684,-1.5900930166244507
018012,Esquina,2023,GENERALES,2023-10-22,2023-09-01,SPEI12_genlogistic_global_era5_moda_ref1991to2020_202309.nc,100,100,-2.535871982574463
022013,Chacabuco,2023,GENERALES,2023-10-22,2023-09-01,SPEI12_genlogistic_global_era5_moda_ref1991to2020_202309.nc,100,100,-2.0859642028808594
006053,General Villegas,2023,GENERALES,2023-10-22,2023-09-01,SPEI12_genlogistic_global_era5_moda_ref1991to2020_202309.nc,100,85.68127751350403,-2.3518989086151123
038006,"Humahuaca, Tilcara, Valle Grande",2023,GENERALES,2023-10-22,2023-09-01,SPEI12_genlogistic_global_era5_moda_ref1991to2020_202309.nc,95.96250653266907,62.7632737159729,-2.821420431137085
006052,"General Arenales, Leandro N. Alem",2023,GENERALES,2023-10-22,2023-09-01,SPEI12_genlogistic_global_era5_moda_ref1991to2020_202309.nc,100,100,-2.1826791763305664
086009,"Atamisqui, Salavina, San Martín",2023,GENERALES,2023-10-22,2023-09-01,SPEI12_genlogistic_global_era5_moda_ref1991to2020_202309.nc,100,99.64227080345154,-2.2636210918426514
046003,"Coronel Felipe Varela, Famatina, General Angel V. Peñaloza, General Juan F. Quiroga, General Lamadrid, Vinchina, Independencia, Sanagasta",2023,GENERALES,2023-10-22,2023-09-01,SPEI12_genlogistic_global_era5_moda_ref1991to2020_202309.nc,85.9049379825592,76.25853419303894,-2.6484529972076416
054012,"Concepción, San Javier",2023,GENERALES,2023-10-22,2023-09-01,SPEI12_genlogistic_global_era5_moda_ref1991to2020_202309.nc,100,44.34456527233124,-2.0243961811065674
082017,San Javier,2023,GENERALES,2023-10-22,2023-09-01,SPEI12_genlogistic_global_era5_moda_ref1991to2020_202309.nc,100,100,-2.521240472793579
006051,Baradero,2023,GENERALES,2023-10-22,2023-09-01,SPEI12_genlogistic_global_era5_moda_ref1991to2020_202309.nc,100,100,-2.8507466316223145
006050,Saladillo,2023,GENERALES,2023-10-22,2023-09-01,SPEI12_genlogistic_global_era5_moda_ref1991to2020_202309.nc,100,100,-2.392632246017456
050015,Tupungato,2023,GENERALES,2023-10-22,2023-09-01,SPEI12_genlogistic_global_era5_moda_ref1991to2020_202309.nc,0.9809029288589954,0,-0.1056259274482727
050014,San Carlos,2023,GENERALES,2023-10-22,2023-09-01,SPEI12_genlogistic_global_era5_moda_ref1991to2020_202309.nc,33.8590145111084,19.902965426445007,-0.7594515681266785
006049,Salto,2023,GENERALES,2023-10-22,2023-09-01,SPEI12_genlogistic_global_era5_moda_ref1991to2020_202309.nc,100,31.47503137588501,-3.3694541454315186
006048,Ramallo,2023,GENERALES,2023-10-22,2023-09-01,SPEI12_genlogistic_global_era5_moda_ref1991to2020_202309.nc,100,0,-1.7579598426818848
022012,"12 de Octubre, 2 de Abril, Fray Justo Sta. María de Oro",2023,GENERALES,2023-10-22,2023-09-01,SPEI12_genlogistic_global_era5_moda_ref1991to2020_202309.nc,100,100,-2.217142343521118
022011,Quitilipi,2023,GENERALES,2023-10-22,2023-09-01,SPEI12_genlogistic_global_era5_moda_ref1991to2020_202309.nc,93.95115375518799,0,-1.5944840908050537
022010,Almirante Brown,2023,GENERALES,2023-10-22,2023-09-01,SPEI12_genlogistic_global_era5_moda_ref1991to2020_202309.nc,100,65.41757583618164,-2.2467737197875977
022009,"General Belgrano, Independencia",2023,GENERALES,2023-10-22,2023-09-01,SPEI12_genlogistic_global_era5_moda_ref1991to2020_202309.nc,100,14.705666899681091,-1.8235905170440674
042004,"Atreucó, Catriló, Guatrache, Quemú-Quemú",2023,GENERALES,2023-10-22,2023-09-01,SPEI12_genlogistic_global_era5_moda_ref1991to2020_202309.nc,89.69984650611877,27.631747722625732,-1.9162355661392212
062005,Avellaneda,2023,GENERALES,2023-10-22,2023-09-01,SPEI12_genlogistic_global_era5_moda_ref1991to2020_202309.nc,2.972007915377617,0,-1.3430216312408447
030010,Victoria,2023,GENERALES,2023-10-22,2023-09-01,SPEI12_genlogistic_global_era5_moda_ref1991to2020_202309.nc,99.58862066268921,26.40889883041382,-1.8541926145553589
066009,Cerrillos,2023,GENERALES,2023-10-22,2023-09-01,SPEI12_genlogistic_global_era5_moda_ref1991to2020_202309.nc,100,100,-3.2195990085601807
010005,"Ambato, Capayán, Paclín, Santa Rosa",2023,GENERALES,2023-10-22,2023-09-01,SPEI12_genlogistic_global_era5_moda_ref1991to2020_202309.nc,99.74431991577148,88.63964080810547,-2.3031508922576904
086008,"Jiménez, Pellegrini",2023,GENERALES,2023-10-22,2023-09-01,SPEI12_genlogistic_global_era5_moda_ref1991to2020_202309.nc,100,92.15257167816162,-2.153275489807129
014020,General Roca,2023,GENERALES,2023-10-22,2023-09-01,SPEI12_genlogistic_global_era5_moda_ref1991to2020_202309.nc,100,100,-2.589399814605713
014019,San Alberto,2023,GENERALES,2023-10-22,2023-09-01,SPEI12_genlogistic_global_era5_moda_ref1991to2020_202309.nc,100,97.80264496803284,-2.801360845565796
054011,Montecarlo,2023,GENERALES,2023-10-22,2023-09-01,SPEI12_genlogistic_global_era5_moda_ref1991to2020_202309.nc,2.605096437036991,0,-1.241520881652832
014018,Presidente Roque Saénz Peña,2023,GENERALES,2023-10-22,2023-09-01,SPEI12_genlogistic_global_era5_moda_ref1991to2020_202309.nc,100,100,-2.7757270336151123
050013,Lavalle,2023,GENERALES,2023-10-22,2023-09-01,SPEI12_genlogistic_global_era5_moda_ref1991to2020_202309.nc,100,100,-2.9318995475769043
006047,"Capitán Sarmiento, San Antonio de Areco",2023,GENERALES,2023-10-22,2023-09-01,SPEI12_genlogistic_global_era5_moda_ref1991to2020_202309.nc,100,98.05561900138855,-2.5919435024261475
018011,Monte Caseros,2023,GENERALES,2023-10-22,2023-09-01,SPEI12_genlogistic_global_era5_moda_ref1991to2020_202309.nc,100,75.04699230194092,-2.0761775970458984
010004,"Belén, Pomán",2023,GENERALES,2023-10-22,2023-09-01,SPEI12_genlogistic_global_era5_moda_ref1991to2020_202309.nc,55.221158266067505,35.47737896442413,-1.4778333902359009
058005,Zapala,2023,GENERALES,2023-10-22,2023-09-01,SPEI12_genlogistic_global_era5_moda_ref1991to2020_202309.nc,0,0,-1.0614752769470215
006046,"Guaminí, Pellegrini, Rivadavia, Tres Lomas",2023,GENERALES,2023-10-22,2023-09-01,SPEI12_genlogistic_global_era5_moda_ref1991to2020_202309.nc,94.74086165428162,53.98279428482056,-2.018385648727417
018010,Bella Vista,2023,GENERALES,2023-10-22,2023-09-01,SPEI12_genlogistic_global_era5_moda_ref1991to2020_202309.nc,100,100,-2.1440696716308594
006045,Coronel Suárez,2023,GENERALES,2023-10-22,2023-09-01,SPEI12_genlogistic_global_era5_moda_ref1991to2020_202309.nc,15.59167206287384,0,-1.1939867734909058
058004,"Chos Malal, Pehuenches",2023,GENERALES,2023-10-22,2023-09-01,SPEI12_genlogistic_global_era5_moda_ref1991to2020_202309.nc,0,0,-0.05835789069533348
090005,Burruyacú,2023,GENERALES,2023-10-22,2023-09-01,SPEI12_genlogistic_global_era5_moda_ref1991to2020_202309.nc,100,89.5759105682373,-2.6809866428375244
050012,Junín,2023,GENERALES,2023-10-22,2023-09-01,SPEI12_genlogistic_global_era5_moda_ref1991to2020_202309.nc,100,89.77344632148743,-2.6271469593048096
066008,"Guachipas, La Candelaria, Rosario de la Frontera",2023,GENERALES,2023-10-22,2023-09-01,SPEI12_genlogistic_global_era5_moda_ref1991to2020_202309.nc,100,100,-3.23903751373291
006044,Pehuajó,2023,GENERALES,2023-10-22,2023-09-01,SPEI12_genlogistic_global_era5_moda_ref1991to2020_202309.nc,100,100,-2.7128825187683105
086007,General Taboada,2023,GENERALES,2023-10-22,2023-09-01,SPEI12_genlogistic_global_era5_moda_ref1991to2020_202309.nc,100,100,-2.819767475128174
030009,Nogoyá,2023,GENERALES,2023-10-22,2023-09-01,SPEI12_genlogistic_global_era5_moda_ref1991to2020_202309.nc,100,97.12463617324829,-2.4893667697906494
026005,"Florentino Ameghino, Gaimán, Gastre, Mártires, Paso de los Indios, Río Senguer, Sarmiento, Tehuelches, Telsen",2023,GENERALES,2023-10-22,2023-09-01,SPEI12_genlogistic_global_era5_moda_ref1991to2020_202309.nc,0,0,-0.5553299188613892
010003,"Fray Mamerto Esquiú, Valle Viejo",2023,GENERALES,2023-10-22,2023-09-01,SPEI12_genlogistic_global_era5_moda_ref1991to2020_202309.nc,100,95.89674472808838,-2.3561131954193115
066007,Metán,2023,GENERALES,2023-10-22,2023-09-01,SPEI12_genlogistic_global_era5_moda_ref1991to2020_202309.nc,100,100,-2.624898910522461
006043,"Adolfo González Chaves, Benito Juárez, San Cayetano",2023,GENERALES,2023-10-22,2023-09-01,SPEI12_genlogistic_global_era5_moda_ref1991to2020_202309.nc,2.7713755145668983,0,-0.852628231048584
018009,Mercedes,2023,GENERALES,2023-10-22,2023-09-01,SPEI12_genlogistic_global_era5_moda_ref1991to2020_202309.nc,100,100,-2.361875534057617
010002,"Andalgalá, Santa María",2023,GENERALES,2023-10-22,2023-09-01,SPEI12_genlogistic_global_era5_moda_ref1991to2020_202309.nc,74.0914523601532,61.28544211387634,-2.0723047256469727
018008,"Empedrado, Mburucuyá, San Luis del Palmar",2023,GENERALES,2023-10-22,2023-09-01,SPEI12_genlogistic_global_era5_moda_ref1991to2020_202309.nc,100,79.64407801628113,-2.177639961242676
006042,Bragado,2023,GENERALES,2023-10-22,2023-09-01,SPEI12_genlogistic_global_era5_moda_ref1991to2020_202309.nc,100,96.0023820400238,-2.3594727516174316
006041,General Alvarado,2023,GENERALES,2023-10-22,2023-09-01,SPEI12_genlogistic_global_era5_moda_ref1991to2020_202309.nc,0,0,-0.21017515659332275
062004,"El Cuy, 9 de Julio, Ñorquincó, Pilcaniyeu, Valcheta, 25 de Mayo",2023,GENERALES,2023-10-22,2023-09-01,SPEI12_genlogistic_global_era5_moda_ref1991to2020_202309.nc,0,0,-0.6952752470970154
074003,"Ayacucho, Belgrano, Coronel Pringles, Libertador General San Martín",2023,GENERALES,2023-10-22,2023-09-01,SPEI12_genlogistic_global_era5_moda_ref1991to2020_202309.nc,100,100,-3.284567356109619
018007,"Ituzaingó, San Miguel",2023,GENERALES,2023-10-22,2023-09-01,SPEI12_genlogistic_global_era5_moda_ref1991to2020_202309.nc,100,77.91770100593567,-2.0880753993988037
082016,San Justo,2023,GENERALES,2023-10-22,2023-09-01,SPEI12_genlogistic_global_era5_moda_ref1991to2020_202309.nc,100,76.7408013343811,-2.272183656692505
006040,"Carmen de Areco, Navarro, Suipacha",2023,GENERALES,2023-10-22,2023-09-01,SPEI12_genlogistic_global_era5_moda_ref1991to2020_202309.nc,100,29.071959853172302,-2.4098381996154785
006039,"Ayacucho, General Guido, Pila, Rauch",2023,GENERALES,2023-10-22,2023-09-01,SPEI12_genlogistic_global_era5_moda_ref1991to2020_202309.nc,43.98193657398224,10.227720439434052,-1.9549157619476318
042003,"Conhello, Rancul, Toay, Trenel",2023,GENERALES,2023-10-22,2023-09-01,SPEI12_genlogistic_global_era5_moda_ref1991to2020_202309.nc,100,73.25093746185303,-2.1826415061950684
086006,"Choya, Guasayan",2023,GENERALES,2023-10-22,2023-09-01,SPEI12_genlogistic_global_era5_moda_ref1991to2020_202309.nc,100,18.442335724830627,-1.926659345626831
054010,General Manuel Belgrano,2023,GENERALES,2023-10-22,2023-09-01,SPEI12_genlogistic_global_era5_moda_ref1991to2020_202309.nc,3.508619964122772,0,-1.2937875986099243
006038,Trenque Lauquen,2023,GENERALES,2023-10-22,2023-09-01,SPEI12_genlogistic_global_era5_moda_ref1991to2020_202309.nc,100,56.25548958778381,-2.018364429473877
026004,Futaleufú,2023,GENERALES,2023-10-22,2023-09-01,SPEI12_genlogistic_global_era5_moda_ref1991to2020_202309.nc,0,0,-0.1557864248752594
054009,Apóstoles,2023,GENERALES,2023-10-22,2023-09-01,SPEI12_genlogistic_global_era5_moda_ref1991to2020_202309.nc,100,88.05983066558838,-2.0536606311798096
022008,"General Donovan, Libertad, Presidencia de La Plaza, Tapenaga",2023,GENERALES,2023-10-22,2023-09-01,SPEI12_genlogistic_global_era5_moda_ref1991to2020_202309.nc,100,21.063193678855896,-1.9196445941925049
006037,"Puan, Villarino",2023,GENERALES,2023-10-22,2023-09-01,SPEI12_genlogistic_global_era5_moda_ref1991to2020_202309.nc,3.448299691081047,0,-1.2974457740783691
038005,"Cochinoca, Rinconada, Santa Catalina, Susques, Tumbaya, Yaví",2023,GENERALES,2023-10-22,2023-09-01,SPEI12_genlogistic_global_era5_moda_ref1991to2020_202309.nc,11.97265014052391,3.788325935602188,-1.173986554145813
086005,Robles,2023,GENERALES,2023-10-22,2023-09-01,SPEI12_genlogistic_global_era5_moda_ref1991to2020_202309.nc,100,93.9750075340271,-2.12990403175354
030008,Diamante,2023,GENERALES,2023-10-22,2023-09-01,SPEI12_genlogistic_global_era5_moda_ref1991to2020_202309.nc,100,10.162167251110077,-1.924835205078125
082015,Belgrano,2023,GENERALES,2023-10-22,2023-09-01,SPEI12_genlogistic_global_era5_moda_ref1991to2020_202309.nc,100,42.240044474601746,-2.146090507507324
050011,General Alvear,2023,GENERALES,2023-10-22,2023-09-01,SPEI12_genlogistic_global_era5_moda_ref1991to2020_202309.nc,91.45899415016174,40.8351331949234,-1.9473850727081299
014017,Río Primero,2023,GENERALES,2023-10-22,2023-09-01,SPEI12_genlogistic_global_era5_moda_ref1991to2020_202309.nc,100,100,-2.419734001159668
006036,9 de Julio,2023,GENERALES,2023-10-22,2023-09-01,SPEI12_genlogistic_global_era5_moda_ref1991to2020_202309.nc,100,100,-2.7971456050872803
066006,General Güemes,2023,GENERALES,2023-10-22,2023-09-01,SPEI12_genlogistic_global_era5_moda_ref1991to2020_202309.nc,100,100,-3.4691367149353027
066005,"La Caldera, Rosario de Lerma",2023,GENERALES,2023-10-22,2023-09-01,SPEI12_genlogistic_global_era5_moda_ref1991to2020_202309.nc,61.305516958236694,61.305516958236694,-2.264204263687134
054008,Libertador General San Martín,2023,GENERALES,2023-10-22,2023-09-01,SPEI12_genlogistic_global_era5_moda_ref1991to2020_202309.nc,22.416050732135773,0,-1.4165555238723755
070007,Santa Lucía,2023,GENERALES,2023-10-22,2023-09-01,SPEI12_genlogistic_global_era5_moda_ref1991to2020_202309.nc,100,100,-3.1159398555755615
018006,Paso de los Libres,2023,GENERALES,2023-10-22,2023-09-01,SPEI12_genlogistic_global_era5_moda_ref1991to2020_202309.nc,100,100,-2.6332316398620605
022007,"9 de Julio, O'Higgins",2023,GENERALES,2023-10-22,2023-09-01,SPEI12_genlogistic_global_era5_moda_ref1991to2020_202309.nc,100,76.84571743011475,-2.0547752380371094
006035,Chacabuco,2023,GENERALES,2023-10-22,2023-09-01,SPEI12_genlogistic_global_era5_moda_ref1991to2020_202309.nc,100,23.74942898750305,-1.8737733364105225
046002,Chilecito,2023,GENERALES,2023-10-22,2023-09-01,SPEI12_genlogistic_global_era5_moda_ref1991to2020_202309.nc,100,100,-3.0099897384643555
014016,"Ischilín, Totoral",2023,GENERALES,2023-10-22,2023-09-01,SPEI12_genlogistic_global_era5_moda_ref1991to2020_202309.nc,100,100,-2.2813003063201904
050010,Tunuyán,2023,GENERALES,2023-10-22,2023-09-01,SPEI12_genlogistic_global_era5_moda_ref1991to2020_202309.nc,0,0,0.5689562559127808
006034,"Coronel Dorrego, Coronel Pringles, Monte Hermoso, Tornquist",2023,GENERALES,2023-10-22,2023-09-01,SPEI12_genlogistic_global_era5_moda_ref1991to2020_202309.nc,0,0,-0.7773613929748535
006033,"General Las Heras, Lobos",2023,GENERALES,2023-10-22,2023-09-01,SPEI12_genlogistic_global_era5_moda_ref1991to2020_202309.nc,100,86.52052283287048,-2.2863974571228027
030007,Gualeguay,2023,GENERALES,2023-10-22,2023-09-01,SPEI12_genlogistic_global_era5_moda_ref1991to2020_202309.nc,100,71.54095768928528,-2.2667860984802246
014015,Calamuchita,2023,GENERALES,2023-10-22,2023-09-01,SPEI12_genlogistic_global_era5_moda_ref1991to2020_202309.nc,100,100,-2.697075605392456
082014,Vera,2023,GENERALES,2023-10-22,2023-09-01,SPEI12_genlogistic_global_era5_moda_ref1991to2020_202309.nc,100,100,-2.6194238662719727
006032,Marcos Paz,2023,GENERALES,2023-10-22,2023-09-01,SPEI12_genlogistic_global_era5_moda_ref1991to2020_202309.nc,100,65.26762843132019,-2.1403567790985107
070006,Pocito,2023,GENERALES,2023-10-22,2023-09-01,SPEI12_genlogistic_global_era5_moda_ref1991to2020_202309.nc,100,100,-3.2213892936706543
018005,"Curuzú Cuatiá, Sauce",2023,GENERALES,2023-10-22,2023-09-01,SPEI12_genlogistic_global_era5_moda_ref1991to2020_202309.nc,100,99.79606866836548,-2.224228620529175
014014,San Javier,2023,GENERALES,2023-10-22,2023-09-01,SPEI12_genlogistic_global_era5_moda_ref1991to2020_202309.nc,100,91.04698896408081,-2.6508796215057373
006031,Cañuelas,2023,GENERALES,2023-10-22,2023-09-01,SPEI12_genlogistic_global_era5_moda_ref1991to2020_202309.nc,100,100,-2.3234877586364746
006030,"Bolívar, General Alvear, Tapalqué",2023,GENERALES,2023-10-22,2023-09-01,SPEI12_genlogistic_global_era5_moda_ref1991to2020_202309.nc,100,99.05041456222534,-2.448784351348877
054007,Cainguas,2023,GENERALES,2023-10-22,2023-09-01,SPEI12_genlogistic_global_era5_moda_ref1991to2020_202309.nc,81.63191676139832,0,-1.665711760520935
058003,"Huiliches, Lácar, Los Lagos",2023,GENERALES,2023-10-22,2023-09-01,SPEI12_genlogistic_global_era5_moda_ref1991to2020_202309.nc,0,0,-0.10458690673112869
086004,Río Hondo,2023,GENERALES,2023-10-22,2023-09-01,SPEI12_genlogistic_global_era5_moda_ref1991to2020_202309.nc,100,89.59228992462158,-2.0474612712860107
022006,Mayor Luis J. Fontana,2023,GENERALES,2023-10-22,2023-09-01,SPEI12_genlogistic_global_era5_moda_ref1991to2020_202309.nc,100,100,-2.3612546920776367
090004,Leales,2023,GENERALES,2023-10-22,2023-09-01,SPEI12_genlogistic_global_era5_moda_ref1991to2020_202309.nc,100,99.65544939041138,-2.3609776496887207
058002,"Aluminé, Añelo, Catán-Lil, Collón-Cura, Loncopué, Minas, Ñorquin, Picún-Leufú, Picunches",2023,GENERALES,2023-10-22,2023-09-01,SPEI12_genlogistic_global_era5_moda_ref1991to2020_202309.nc,0,0,-0.29279541969299316
018004,"Berón de Astrada, Concepción, General Paz, San Roque",2023,GENERALES,2023-10-22,2023-09-01,SPEI12_genlogistic_global_era5_moda_ref1991to2020_202309.nc,100,75.04152655601501,-2.075594902038574
050009,Rivadavia,2023,GENERALES,2023-10-22,2023-09-01,SPEI12_genlogistic_global_era5_moda_ref1991to2020_202309.nc,93.4661328792572,51.521140336990356,-2.2529640197753906
006029,Ensenada,2023,GENERALES,2023-10-22,2023-09-01,SPEI12_genlogistic_global_era5_moda_ref1991to2020_202309.nc,100,100,-2.6643059253692627
006028,Tres Arroyos,2023,GENERALES,2023-10-22,2023-09-01,SPEI12_genlogistic_global_era5_moda_ref1991to2020_202309.nc,0,0,-0.5537552833557129
066004,Anta,2023,GENERALES,2023-10-22,2023-09-01,SPEI12_genlogistic_global_era5_moda_ref1991to2020_202309.nc,100,100,-2.640691041946411
054006,San Ignacio,2023,GENERALES,2023-10-22,2023-09-01,SPEI12_genlogistic_global_era5_moda_ref1991to2020_202309.nc,98.86114597320557,64.76492285728455,-1.9990031719207764
042002,Maracó,2023,GENERALES,2023-10-22,2023-09-01,SPEI12_genlogistic_global_era5_moda_ref1991to2020_202309.nc,100,100,-2.9306559562683105
062003,Adolfo Alsina,2023,GENERALES,2023-10-22,2023-09-01,SPEI12_genlogistic_global_era5_moda_ref1991to2020_202309.nc,6.344939023256302,0,-1.3811633586883545
006027,San Pedro,2023,GENERALES,2023-10-22,2023-09-01,SPEI12_genlogistic_global_era5_moda_ref1991to2020_202309.nc,100,75.25716423988342,-2.413947820663452
018003,Santo Tomé,2023,GENERALES,2023-10-22,2023-09-01,SPEI12_genlogistic_global_era5_moda_ref1991to2020_202309.nc,100,99.99634623527527,-2.2472968101501465
006026,"Alberti, Roque Pérez, 25 de Mayo",2023,GENERALES,2023-10-22,2023-09-01,SPEI12_genlogistic_global_era5_moda_ref1991to2020_202309.nc,100,99.45247769355774,-2.3916308879852295
006025,"Chascomus, Magdalena, Punta Indio",2023,GENERALES,2023-10-22,2023-09-01,SPEI12_genlogistic_global_era5_moda_ref1991to2020_202309.nc,100,94.14489269256592,-2.310215711593628
006024,"General Viamonte, Lincoln",2023,GENERALES,2023-10-22,2023-09-01,SPEI12_genlogistic_global_era5_moda_ref1991to2020_202309.nc,100,100,-2.629399299621582
022005,"San Lorenzo, Sargento Cabral, 25 de Mayo",2023,GENERALES,2023-10-22,2023-09-01,SPEI12_genlogistic_global_era5_moda_ref1991to2020_202309.nc,97.69281148910522,11.117313802242279,-1.7829220294952393
006023,Coronel de Marine L. Rosales,2023,GENERALES,2023-10-22,2023-09-01,SPEI12_genlogistic_global_era5_moda_ref1991to2020_202309.nc,0,0,-1.2678087949752808
006022,"Balcarce, Lobería",2023,GENERALES,2023-10-22,2023-09-01,SPEI12_genlogistic_global_era5_moda_ref1991to2020_202309.nc,0,0,-0.5481243133544922
006021,Mercedes,2023,GENERALES,2023-10-22,2023-09-01,SPEI12_genlogistic_global_era5_moda_ref1991to2020_202309.nc,100,73.36280345916748,-6.53395414352417
014013,Juárez Celman,2023,GENERALES,2023-10-22,2023-09-01,SPEI12_genlogistic_global_era5_moda_ref1991to2020_202309.nc,100,100,-2.8076794147491455
070005,"Angaco, Caucete, 25 de Mayo",2023,GENERALES,2023-10-22,2023-09-01,SPEI12_genlogistic_global_era5_moda_ref1991to2020_202309.nc,100,100,-3.0001070499420166
082013,San Martín,2023,GENERALES,2023-10-22,2023-09-01,SPEI12_genlogistic_global_era5_moda_ref1991to2020_202309.nc,86.71642541885376,30.116960406303406,-3.3702962398529053
006020,Chivilcoy,2023,GENERALES,2023-10-22,2023-09-01,SPEI12_genlogistic_global_era5_moda_ref1991to2020_202309.nc,100,70.05688548088074,-2.0345747470855713
006019,Azul,2023,GENERALES,2023-10-22,2023-09-01,SPEI12_genlogistic_global_era5_moda_ref1991to2020_202309.nc,79.86429333686829,33.06311070919037,-1.8481559753417969
082012,Iriondo,2023,GENERALES,2023-10-22,2023-09-01,SPEI12_genlogistic_global_era5_moda_ref1991to2020_202309.nc,100,3.4382831305265427,-1.7855545282363892
086003,"Alberdi, Juan F. Ibarra, Moreno",2023,GENERALES,2023-10-22,2023-09-01,SPEI12_genlogistic_global_era5_moda_ref1991to2020_202309.nc,100,94.63163018226624,-2.1894872188568115
082011,San Cristóbal,2023,GENERALES,2023-10-22,2023-09-01,SPEI12_genlogistic_global_era5_moda_ref1991to2020_202309.nc,100,89.09167647361755,-2.192770481109619
022004,General Güemes,2023,GENERALES,2023-10-22,2023-09-01,SPEI12_genlogistic_global_era5_moda_ref1991to2020_202309.nc,99.7223973274231,63.911622762680054,-2.3001482486724854
030006,La Paz,2023,GENERALES,2023-10-22,2023-09-01,SPEI12_genlogistic_global_era5_moda_ref1991to2020_202309.nc,100,68.37981939315796,-2.213169813156128
030005,Federación,2023,GENERALES,2023-10-22,2023-09-01,SPEI12_genlogistic_global_era5_moda_ref1991to2020_202309.nc,100,74.9812126159668,-2.0840017795562744
054005,Guaraní,2023,GENERALES,2023-10-22,2023-09-01,SPEI12_genlogistic_global_era5_moda_ref1991to2020_202309.nc,29.777425527572632,0,-1.3861310482025146
014012,"Cruz del Eje, Minas, Pocho",2023,GENERALES,2023-10-22,2023-09-01,SPEI12_genlogistic_global_era5_moda_ref1991to2020_202309.nc,100,100,-2.3694376945495605
022003,"Libertador General San Martín, 1 de Mayo",2023,GENERALES,2023-10-22,2023-09-01,SPEI12_genlogistic_global_era5_moda_ref1991to2020_202309.nc,80.07748126983643,24.41107928752899,-1.7825947999954224
094001,"Río Grande, Antarctic Argentina",2023,GENERALES,2023-10-22,2023-09-01,SPEI12_genlogistic_global_era5_moda_ref1991to2020_202309.nc,10.947290807962418,0,-1.0885909795761108
006018,"General Lavalle, La Costa",2023,GENERALES,2023-10-22,2023-09-01,SPEI12_genlogistic_global_era5_moda_ref1991to2020_202309.nc,100,0,-1.856754183769226
038004,San Pedro,2023,GENERALES,2023-10-22,2023-09-01,SPEI12_genlogistic_global_era5_moda_ref1991to2020_202309.nc,100,100,-3.489511013031006
054004,El Dorado,2023,GENERALES,2023-10-22,2023-09-01,SPEI12_genlogistic_global_era5_moda_ref1991to2020_202309.nc,0,0,-1.2106037139892578
082010,Caseros,2023,GENERALES,2023-10-22,2023-09-01,SPEI12_genlogistic_global_era5_moda_ref1991to2020_202309.nc,100,40.23616313934326,-2.429266929626465
026003,Biedma,2023,GENERALES,2023-10-22,2023-09-01,SPEI12_genlogistic_global_era5_moda_ref1991to2020_202309.nc,0,0,-0.5238637328147888
082009,San Jerónimo,2023,GENERALES,2023-10-22,2023-09-01,SPEI12_genlogistic_global_era5_moda_ref1991to2020_202309.nc,100,0,-1.8312605619430542
054003,Iguazú,2023,GENERALES,2023-10-22,2023-09-01,SPEI12_genlogistic_global_era5_moda_ref1991to2020_202309.nc,45.27444839477539,0,-1.5409960746765137
034004,"Bermejo, Patiño",2023,GENERALES,2023-10-22,2023-09-01,SPEI12_genlogistic_global_era5_moda_ref1991to2020_202309.nc,100,92.86549091339111,-2.5065369606018066
006017,"Presidente Perón, San Vicente",2023,GENERALES,2023-10-22,2023-09-01,SPEI12_genlogistic_global_era5_moda_ref1991to2020_202309.nc,100,100,-2.408836603164673
070004,Rivadavia,2023,GENERALES,2023-10-22,2023-09-01,SPEI12_genlogistic_global_era5_moda_ref1991to2020_202309.nc,100,100,-3.5061194896698
034003,Pilcomayo,2023,GENERALES,2023-10-22,2023-09-01,SPEI12_genlogistic_global_era5_moda_ref1991to2020_202309.nc,100,58.53285789489746,-2.130338430404663
006016,General Rodríguez,2023,GENERALES,2023-10-22,2023-09-01,SPEI12_genlogistic_global_era5_moda_ref1991to2020_202309.nc,100,32.29685425758362,-2.048769235610962
070003,Chimbas,2023,GENERALES,2023-10-22,2023-09-01,SPEI12_genlogistic_global_era5_moda_ref1991to2020_202309.nc,100,100,-3.1210222244262695
006015,Berisso,2023,GENERALES,2023-10-22,2023-09-01,SPEI12_genlogistic_global_era5_moda_ref1991to2020_202309.nc,100,100,-2.97189998626709
082008,Constitución,2023,GENERALES,2023-10-22,2023-09-01,SPEI12_genlogistic_global_era5_moda_ref1991to2020_202309.nc,100,15.483835339546204,-1.8486485481262207
006014,Junín,2023,GENERALES,2023-10-22,2023-09-01,SPEI12_genlogistic_global_era5_moda_ref1991to2020_202309.nc,100,83.31135511398315,-2.048670768737793
018002,Goya,2023,GENERALES,2023-10-22,2023-09-01,SPEI12_genlogistic_global_era5_moda_ref1991to2020_202309.nc,100,100,-2.285252332687378
006013,Necochea,2023,GENERALES,2023-10-22,2023-09-01,SPEI12_genlogistic_global_era5_moda_ref1991to2020_202309.nc,0,0,-0.44368764758110046
006012,Campana,2023,GENERALES,2023-10-22,2023-09-01,SPEI12_genlogistic_global_era5_moda_ref1991to2020_202309.nc,100,100,-2.956737756729126
014011,Santa María,2023,GENERALES,2023-10-22,2023-09-01,SPEI12_genlogistic_global_era5_moda_ref1991to2020_202309.nc,100,100,-2.463874578475952
022002,Comandante Fernandez,2023,GENERALES,2023-10-22,2023-09-01,SPEI12_genlogistic_global_era5_moda_ref1991to2020_202309.nc,100,0,-1.6666080951690674
090003,"Chicligasta, Granero, Juan Bautista Alberdi, La Cocha, Monteros, Río Chico, Simoca",2023,GENERALES,2023-10-22,2023-09-01,SPEI12_genlogistic_global_era5_moda_ref1991to2020_202309.nc,98.30381870269775,76.18559002876282,-2.3085269927978516
034002,"Laishi, Pilagás, Pirané",2023,GENERALES,2023-10-22,2023-09-01,SPEI12_genlogistic_global_era5_moda_ref1991to2020_202309.nc,99.97673034667969,56.47513270378113,-2.201720952987671
038003,"Ledesma, Santa Bárbara",2023,GENERALES,2023-10-22,2023-09-01,SPEI12_genlogistic_global_era5_moda_ref1991to2020_202309.nc,100,100,-3.0762078762054443
030004,Uruguay,2023,GENERALES,2023-10-22,2023-09-01,SPEI12_genlogistic_global_era5_moda_ref1991to2020_202309.nc,100,100,-3.0064029693603516
038002,"El Carmen, San Antonio",2023,GENERALES,2023-10-22,2023-09-01,SPEI12_genlogistic_global_era5_moda_ref1991to2020_202309.nc,96.43239974975586,96.43239974975586,-3.67309832572937
014010,Marcos Juárez,2023,GENERALES,2023-10-22,2023-09-01,SPEI12_genlogistic_global_era5_moda_ref1991to2020_202309.nc,100,97.55677580833435,-2.8794009685516357
014009,Unión,2023,GENERALES,2023-10-22,2023-09-01,SPEI12_genlogistic_global_era5_moda_ref1991to2020_202309.nc,100,99.1101861000061,-2.701205253601074
042001,Capital,2023,GENERALES,2023-10-22,2023-09-01,SPEI12_genlogistic_global_era5_moda_ref1991to2020_202309.nc,100,18.629050254821777,-1.9164891242980957
014008,Río Segundo,2023,GENERALES,2023-10-22,2023-09-01,SPEI12_genlogistic_global_era5_moda_ref1991to2020_202309.nc,100,100,-2.3814499378204346
082007,Las Colonias,2023,GENERALES,2023-10-22,2023-09-01,SPEI12_genlogistic_global_era5_moda_ref1991to2020_202309.nc,100,31.220239400863647,-1.9828373193740845
006011,Luján,2023,GENERALES,2023-10-22,2023-09-01,SPEI12_genlogistic_global_era5_moda_ref1991to2020_202309.nc,100,51.345294713974,-3.4422030448913574
078002,Deseado,2023,GENERALES,2023-10-22,2023-09-01,SPEI12_genlogistic_global_era5_moda_ref1991to2020_202309.nc,0,0,-0.975175142288208
006010,Pergamino,2023,GENERALES,2023-10-22,2023-09-01,SPEI12_genlogistic_global_era5_moda_ref1991to2020_202309.nc,100,33.41597318649292,-3.2300479412078857
054002,Oberá,2023,GENERALES,2023-10-22,2023-09-01,SPEI12_genlogistic_global_era5_moda_ref1991to2020_202309.nc,100,71.73155546188354,-2.040673017501831
006009,Olavarría,2023,GENERALES,2023-10-22,2023-09-01,SPEI12_genlogistic_global_era5_moda_ref1991to2020_202309.nc,92.18981266021729,51.13368630409241,-1.9288320541381836
070002,Capital,2023,GENERALES,2023-10-22,2023-09-01,SPEI12_genlogistic_global_era5_moda_ref1991to2020_202309.nc,100,100,-3.1159398555755615
014007,Tercero Arriba,2023,GENERALES,2023-10-22,2023-09-01,SPEI12_genlogistic_global_era5_moda_ref1991to2020_202309.nc,100,100,-2.2632148265838623
030003,"Gualeguaychú, Islas del Ibicuy",2023,GENERALES,2023-10-22,2023-09-01,SPEI12_genlogistic_global_era5_moda_ref1991to2020_202309.nc,100,99.95002746582031,-2.730895757675171
050008,Capital,2023,GENERALES,2023-10-22,2023-09-01,SPEI12_genlogistic_global_era5_moda_ref1991to2020_202309.nc,100,41.3847416639328,-2.0475642681121826
006008,Zárate,2023,GENERALES,2023-10-22,2023-09-01,SPEI12_genlogistic_global_era5_moda_ref1991to2020_202309.nc,100,100,-2.8621349334716797
078001,Guer Aike,2023,GENERALES,2023-10-22,2023-09-01,SPEI12_genlogistic_global_era5_moda_ref1991to2020_202309.nc,82.03012943267822,68.58051419258118,-2.1136419773101807
070001,Rawson,2023,GENERALES,2023-10-22,2023-09-01,SPEI12_genlogistic_global_era5_moda_ref1991to2020_202309.nc,100,100,-3.030085802078247
050007,Luján de Cuyo,2023,GENERALES,2023-10-22,2023-09-01,SPEI12_genlogistic_global_era5_moda_ref1991to2020_202309.nc,17.014141380786896,0,-0.0012361654080450535
050006,San Martín,2023,GENERALES,2023-10-22,2023-09-01,SPEI12_genlogistic_global_era5_moda_ref1991to2020_202309.nc,100,100,-2.736830949783325
006007,Tandil,2023,GENERALES,2023-10-22,2023-09-01,SPEI12_genlogistic_global_era5_moda_ref1991to2020_202309.nc,0.13471886049956083,0,-1.0839555263519287
014006,General San Martín,2023,GENERALES,2023-10-22,2023-09-01,SPEI12_genlogistic_global_era5_moda_ref1991to2020_202309.nc,100,100,-2.455946683883667
062002,Bariloche,2023,GENERALES,2023-10-22,2023-09-01,SPEI12_genlogistic_global_era5_moda_ref1991to2020_202309.nc,13.064639270305634,13.064639270305634,-1.373582124710083
026002,Rawson,2023,GENERALES,2023-10-22,2023-09-01,SPEI12_genlogistic_global_era5_moda_ref1991to2020_202309.nc,0,0,-0.00998089462518692
074002,"General Pedernera, Gobernador Dupuy",2023,GENERALES,2023-10-22,2023-09-01,SPEI12_genlogistic_global_era5_moda_ref1991to2020_202309.nc,99.06255602836609,91.61701798439026,-2.5406417846679688
086002,Banda,2023,GENERALES,2023-10-22,2023-09-01,SPEI12_genlogistic_global_era5_moda_ref1991to2020_202309.nc,100,90.72632193565369,-2.071564197540283
006006,San Nicolás,2023,GENERALES,2023-10-22,2023-09-01,SPEI12_genlogistic_global_era5_moda_ref1991to2020_202309.nc,100,0,-1.6932382583618164
066003,"Iruya, Orán, Santa Victoria",2023,GENERALES,2023-10-22,2023-09-01,SPEI12_genlogistic_global_era5_moda_ref1991to2020_202309.nc,98.33050966262817,98.33050966262817,-2.9564125537872314
082006,San Lorenzo,2023,GENERALES,2023-10-22,2023-09-01,SPEI12_genlogistic_global_era5_moda_ref1991to2020_202309.nc,99.66005682945251,0,-1.7315013408660889
066002,General Jose de San Martín,2023,GENERALES,2023-10-22,2023-09-01,SPEI12_genlogistic_global_era5_moda_ref1991to2020_202309.nc,100,100,-2.7542288303375244
010001,Capital,2023,GENERALES,2023-10-22,2023-09-01,SPEI12_genlogistic_global_era5_moda_ref1991to2020_202309.nc,100,100,-2.5017125606536865
006092,San Fernando,2023,GENERALES,2023-10-22,2023-09-01,SPEI12_genlogistic_global_era5_moda_ref1991to2020_202309.nc,100,100,-3.009577751159668
014005,Punilla,2023,GENERALES,2023-10-22,2023-09-01,SPEI12_genlogistic_global_era5_moda_ref1991to2020_202309.nc,100,100,-2.8633315563201904
050005,Maipú,2023,GENERALES,2023-10-22,2023-09-01,SPEI12_genlogistic_global_era5_moda_ref1991to2020_202309.nc,100,36.74132823944092,-2.0557973384857178
082005,General Obligado,2023,GENERALES,2023-10-22,2023-09-01,SPEI12_genlogistic_global_era5_moda_ref1991to2020_202309.nc,100,100,-2.3646740913391113
082004,Castellanos,2023,GENERALES,2023-10-22,2023-09-01,SPEI12_genlogistic_global_era5_moda_ref1991to2020_202309.nc,100,89.89271521568298,-2.1343886852264404
046001,Capital,2023,GENERALES,2023-10-22,2023-09-01,SPEI12_genlogistic_global_era5_moda_ref1991to2020_202309.nc,100,84.59999561309814,-2.162220001220703
090002,Cruz Alta,2023,GENERALES,2023-10-22,2023-09-01,SPEI12_genlogistic_global_era5_moda_ref1991to2020_202309.nc,100,100,-2.4451420307159424
030002,"Colón, Concordia, Federal, Feliciano, San Salvador, Villaguay",2023,GENERALES,2023-10-22,2023-09-01,SPEI12_genlogistic_global_era5_moda_ref1991to2020_202309.nc,100,72.49340415000916,-2.2464311122894287
050004,San Rafael,2023,GENERALES,2023-10-22,2023-09-01,SPEI12_genlogistic_global_era5_moda_ref1991to2020_202309.nc,63.16503882408142,23.560498654842377,-1.3599629402160645
026001,Escalante,2023,GENERALES,2023-10-22,2023-09-01,SPEI12_genlogistic_global_era5_moda_ref1991to2020_202309.nc,0,0,-1.0156128406524658
082003,General López,2023,GENERALES,2023-10-22,2023-09-01,SPEI12_genlogistic_global_era5_moda_ref1991to2020_202309.nc,100,99.51671361923218,-2.4994935989379883
050003,Godoy Cruz,2023,GENERALES,2023-10-22,2023-09-01,SPEI12_genlogistic_global_era5_moda_ref1991to2020_202309.nc,100,0,-1.8903920650482178
074001,La Capital,2023,GENERALES,2023-10-22,2023-09-01,SPEI12_genlogistic_global_era5_moda_ref1991to2020_202309.nc,100,100,-3.5443828105926514
014004,San Justo,2023,GENERALES,2023-10-22,2023-09-01,SPEI12_genlogistic_global_era5_moda_ref1991to2020_202309.nc,100,82.93423056602478,-2.3217904567718506
050002,Las Heras,2023,GENERALES,2023-10-22,2023-09-01,SPEI12_genlogistic_global_era5_moda_ref1991to2020_202309.nc,46.6948002576828,35.74812412261963,-1.2629579305648804
006005,Escobar,2023,GENERALES,2023-10-22,2023-09-01,SPEI12_genlogistic_global_era5_moda_ref1991to2020_202309.nc,100,100,-2.8896584510803223
014003,Colón,2023,GENERALES,2023-10-22,2023-09-01,SPEI12_genlogistic_global_era5_moda_ref1991to2020_202309.nc,100,100,-2.3306493759155273
034001,Formosa,2023,GENERALES,2023-10-22,2023-09-01,SPEI12_genlogistic_global_era5_moda_ref1991to2020_202309.nc,100,54.18631434440613,-2.065617561340332
014002,Río Cuarto,2023,GENERALES,2023-10-22,2023-09-01,SPEI12_genlogistic_global_era5_moda_ref1991to2020_202309.nc,100,82.6490581035614,-2.2617273330688477
038001,"Dr. Manuel Belgrano, Palpalá",2023,GENERALES,2023-10-22,2023-09-01,SPEI12_genlogistic_global_era5_moda_ref1991to2020_202309.nc,86.70311570167542,86.70311570167542,-3.6905813217163086
086001,Capital,2023,GENERALES,2023-10-22,2023-09-01,SPEI12_genlogistic_global_era5_moda_ref1991to2020_202309.nc,100,29.278555512428284,-1.980737328529358
006091,Vicente López,2023,GENERALES,2023-10-22,2023-09-01,SPEI12_genlogistic_global_era5_moda_ref1991to2020_202309.nc,100,100,-2.7780370712280273
050001,Guaymallén,2023,GENERALES,2023-10-22,2023-09-01,SPEI12_genlogistic_global_era5_moda_ref1991to2020_202309.nc,100,35.01725792884827,-2.04634690284729
006090,San Isidro,2023,GENERALES,2023-10-22,2023-09-01,SPEI12_genlogistic_global_era5_moda_ref1991to2020_202309.nc,100,100,-2.7780370712280273
006004,Bahía Blanca,2023,GENERALES,2023-10-22,2023-09-01,SPEI12_genlogistic_global_era5_moda_ref1991to2020_202309.nc,0,0,-1.1488416194915771
006003,Pilar,2023,GENERALES,2023-10-22,2023-09-01,SPEI12_genlogistic_global_era5_moda_ref1991to2020_202309.nc,100,100,-2.3879926204681396
006089,"Esteban Echeverría, Ezeiza",2023,GENERALES,2023-10-22,2023-09-01,SPEI12_genlogistic_global_era5_moda_ref1991to2020_202309.nc,100,100,-2.4026877880096436
062001,General Roca,2023,GENERALES,2023-10-22,2023-09-01,SPEI12_genlogistic_global_era5_moda_ref1991to2020_202309.nc,0,0,-0.9415793418884277
006088,"Hurlingham, Ituzaingo, Morón",2023,GENERALES,2023-10-22,2023-09-01,SPEI12_genlogistic_global_era5_moda_ref1991to2020_202309.nc,100,100,-2.4439077377319336
054001,"Capital, Leandro N. Alem",2023,GENERALES,2023-10-22,2023-09-01,SPEI12_genlogistic_global_era5_moda_ref1991to2020_202309.nc,100,96.14003300666809,-2.097867965698242
006087,Berazategui,2023,GENERALES,2023-10-22,2023-09-01,SPEI12_genlogistic_global_era5_moda_ref1991to2020_202309.nc,100,100,-2.730170726776123
006086,"General Sarmiento, Jose C. Paz, Malvinas Argentinas, San Miguel",2023,GENERALES,2023-10-22,2023-09-01,SPEI12_genlogistic_global_era5_moda_ref1991to2020_202309.nc,100,100,-2.6139063835144043
030001,Parana,2023,GENERALES,2023-10-22,2023-09-01,SPEI12_genlogistic_global_era5_moda_ref1991to2020_202309.nc,100,9.17295515537262,-1.8670538663864136
006085,Tres de Febrero,2023,GENERALES,2023-10-22,2023-09-01,SPEI12_genlogistic_global_era5_moda_ref1991to2020_202309.nc,100,100,-2.7213170528411865
006084,Avellaneda,2023,GENERALES,2023-10-22,2023-09-01,SPEI12_genlogistic_global_era5_moda_ref1991to2020_202309.nc,100,100,-2.809509754180908
018001,Capital,2023,GENERALES,2023-10-22,2023-09-01,SPEI12_genlogistic_global_era5_moda_ref1991to2020_202309.nc,100,100,-2.2987067699432373
058001,Confluencia,2023,GENERALES,2023-10-22,2023-09-01,SPEI12_genlogistic_global_era5_moda_ref1991to2020_202309.nc,0,0,-1.0017465353012085
006083,Tigre,2023,GENERALES,2023-10-22,2023-09-01,SPEI12_genlogistic_global_era5_moda_ref1991to2020_202309.nc,100,100,-2.818997383117676
022001,San Fernando,2023,GENERALES,2023-10-22,2023-09-01,SPEI12_genlogistic_global_era5_moda_ref1991to2020_202309.nc,100,84.77043509483337,-2.118866205215454
006082,General San Martín,2023,GENERALES,2023-10-22,2023-09-01,SPEI12_genlogistic_global_era5_moda_ref1991to2020_202309.nc,100,100,-2.7780370712280273
006081,Florencio Varela,2023,GENERALES,2023-10-22,2023-09-01,SPEI12_genlogistic_global_era5_moda_ref1991to2020_202309.nc,100,100,-2.6791045665740967
006080,Moreno,2023,GENERALES,2023-10-22,2023-09-01,SPEI12_genlogistic_global_era5_moda_ref1991to2020_202309.nc,100,98.16643595695496,-2.4523234367370605
006079,Lanus,2023,GENERALES,2023-10-22,2023-09-01,SPEI12_genlogistic_global_era5_moda_ref1991to2020_202309.nc,100,100,-2.5401577949523926
082002,La Capital,2023,GENERALES,2023-10-22,2023-09-01,SPEI12_genlogistic_global_era5_moda_ref1991to2020_202309.nc,100,0,-1.7932372093200684
066001,Capital,2023,GENERALES,2023-10-22,2023-09-01,SPEI12_genlogistic_global_era5_moda_ref1991to2020_202309.nc,100,100,-3.4028706550598145
006078,Merlo,2023,GENERALES,2023-10-22,2023-09-01,SPEI12_genlogistic_global_era5_moda_ref1991to2020_202309.nc,100,100,-2.226128101348877
006077,Almirante Brown,2023,GENERALES,2023-10-22,2023-09-01,SPEI12_genlogistic_global_era5_moda_ref1991to2020_202309.nc,100,100,-2.6528263092041016
006076,Quilmes,2023,GENERALES,2023-10-22,2023-09-01,SPEI12_genlogistic_global_era5_moda_ref1991to2020_202309.nc,100,100,-2.8550069332122803
006002,General Pueyrredón,2023,GENERALES,2023-10-22,2023-09-01,SPEI12_genlogistic_global_era5_moda_ref1991to2020_202309.nc,0,0,-0.5122580528259277
006075,Lomas de Zamora,2023,GENERALES,2023-10-22,2023-09-01,SPEI12_genlogistic_global_era5_moda_ref1991to2020_202309.nc,100,100,-2.4744722843170166
006001,La Plata,2023,GENERALES,2023-10-22,2023-09-01,SPEI12_genlogistic_global_era5_moda_ref1991to2020_202309.nc,100,100,-2.7944159507751465
002001,City of Buenos Aires,2023,GENERALES,2023-10-22,2023-09-01,SPEI12_genlogistic_global_era5_moda_ref1991to2020_202309.nc,100,100,-2.6393790245056152
090001,"Famaillá, Lules, Capital, Tafí del Valle, Tafí Viajo, Trancas, Yerba Buena",2023,GENERALES,2023-10-22,2023-09-01,SPEI12_genlogistic_global_era5_moda_ref1991to2020_202309.nc,82.44781494140625,80.53488731384277,-2.5975489616394043
082001,Rosario,2023,GENERALES,2023-10-22,2023-09-01,SPEI12_genlogistic_global_era5_moda_ref1991to2020_202309.nc,66.97433590888977,0,-1.6058491468429565
014001,Capital,2023,GENERALES,2023-10-22,2023-09-01,SPEI12_genlogistic_global_era5_moda_ref1991to2020_202309.nc,100,100,-2.2817656993865967
006074,La Matanza,2023,GENERALES,2023-10-22,2023-09-01,SPEI12_genlogistic_global_era5_moda_ref1991to2020_202309.nc,100,100,-2.3270576000213623
094002,Ushuaia,2023,GENERALES,2023-10-22,2023-09-01,SPEI12_genlogistic_global_era5_moda_ref1991to2020_202309.nc,68.94116401672363,4.601151496171951,-1.5740708112716675
006072,Saavedra,2025,GENERALES,2025-10-26,2025-09-01,SPEI12_genlogistic_global_era5_moda_ref1991to2020_202509.nc,0,0,-0.650036096572876
006073,"Castelli, Maipú, Tordillo",2025,GENERALES,2025-10-26,2025-09-01,SPEI12_genlogistic_global_era5_moda_ref1991to2020_202509.nc,8.637803792953491,8.637803792953491,-1.2183986902236938
066013,Chicoana,2025,GENERALES,2025-10-26,2025-09-01,SPEI12_genlogistic_global_era5_moda_ref1991to2020_202509.nc,74.69212412834167,0,-1.5974875688552856
018016,"General Alvear, San Martín",2025,GENERALES,2025-10-26,2025-09-01,SPEI12_genlogistic_global_era5_moda_ref1991to2020_202509.nc,0,0,-0.5838582515716553
006071,"General La Madrid, Laprida",2025,GENERALES,2025-10-26,2025-09-01,SPEI12_genlogistic_global_era5_moda_ref1991to2020_202509.nc,0,0,-0.7926400303840637
070012,"9 de Julio, San Martín",2025,GENERALES,2025-10-26,2025-09-01,SPEI12_genlogistic_global_era5_moda_ref1991to2020_202509.nc,95.56589126586914,0,-1.8399081230163574
006070,Monte,2025,GENERALES,2025-10-26,2025-09-01,SPEI12_genlogistic_global_era5_moda_ref1991to2020_202509.nc,0,0,-0.11645299196243286
006069,Mar Chiquita,2025,GENERALES,2025-10-26,2025-09-01,SPEI12_genlogistic_global_era5_moda_ref1991to2020_202509.nc,0,0,-0.8608502149581909
062007,"Conesa, Pichi Mahuida",2025,GENERALES,2025-10-26,2025-09-01,SPEI12_genlogistic_global_era5_moda_ref1991to2020_202509.nc,0,0,-0.70421600341796875
046006,"Chamical, General Belgrano",2025,GENERALES,2025-10-26,2025-09-01,SPEI12_genlogistic_global_era5_moda_ref1991to2020_202509.nc,19.1912442445755,0,-1.4499911069869995
078004,"Lago Buenos Aires, Magallanes, Río Chico",2025,GENERALES,2025-10-26,2025-09-01,SPEI12_genlogistic_global_era5_moda_ref1991to2020_202509.nc,0,0,0.9310998916625977
082019,Garay,2025,GENERALES,2025-10-26,2025-09-01,SPEI12_genlogistic_global_era5_moda_ref1991to2020_202509.nc,0,0,-1.0371512174606323
086015,Avellaneda,2025,GENERALES,2025-10-26,2025-09-01,SPEI12_genlogistic_global_era5_moda_ref1991to2020_202509.nc,0.5562223959714174,0,-1.4003925323486328
066012,"Cafayate, La Vina",2025,GENERALES,2025-10-26,2025-09-01,SPEI12_genlogistic_global_era5_moda_ref1991to2020_202509.nc,89.42952752113342,17.407457530498505,-1.7256134748458862
074005,Chacabuco,2025,GENERALES,2025-10-26,2025-09-01,SPEI12_genlogistic_global_era5_moda_ref1991to2020_202509.nc,0,0,-0.7564323544502258
042007,"Hucal, Utracán",2025,GENERALES,2025-10-26,2025-09-01,SPEI12_genlogistic_global_era5_moda_ref1991to2020_202509.nc,0,0,-0.8106018304824829
070011,Sarmiento,2025,GENERALES,2025-10-26,2025-09-01,SPEI12_genlogistic_global_era5_moda_ref1991to2020_202509.nc,44.04696524143219,0,-1.466838002204895
006068,Carlos Casares,2025,GENERALES,2025-10-26,2025-09-01,SPEI12_genlogistic_global_era5_moda_ref1991to2020_202509.nc,0,0,-0.08686689287424088
026006,"Cushamen, Languiñeo",2025,GENERALES,2025-10-26,2025-09-01,SPEI12_genlogistic_global_era5_moda_ref1991to2020_202509.nc,47.18426167964935,7.045073062181473,-1.5290113687515259
018015,"Itatí, San Cosme",2025,GENERALES,2025-10-26,2025-09-01,SPEI12_genlogistic_global_era5_moda_ref1991to2020_202509.nc,0,0,-0.6930890083312988
086014,"Figueroa, Sarmiento",2025,GENERALES,2025-10-26,2025-09-01,SPEI12_genlogistic_global_era5_moda_ref1991to2020_202509.nc,1.9725939258933067,0,-1.3978142738342285
006067,San Andrés de Giles,2025,GENERALES,2025-10-26,2025-09-01,SPEI12_genlogistic_global_era5_moda_ref1991to2020_202509.nc,0,0,-0.41262322664260864
010007,"Antofagasta de la Sierra, Tinogasta",2025,GENERALES,2025-10-26,2025-09-01,SPEI12_genlogistic_global_era5_moda_ref1991to2020_202509.nc,24.006357789039612,10.609151422977448,-0.9750084280967712
018014,Saladas,2025,GENERALES,2025-10-26,2025-09-01,SPEI12_genlogistic_global_era5_moda_ref1991to2020_202509.nc,0,0,-1.0706981420516968
046005,"Arauco, Castro Barros, San Blas de los Sauces",2025,GENERALES,2025-10-26,2025-09-01,SPEI12_genlogistic_global_era5_moda_ref1991to2020_202509.nc,84.9687397480011,83.87321829795837,-2.076035976409912
006066,Rojas,2025,GENERALES,2025-10-26,2025-09-01,SPEI12_genlogistic_global_era5_moda_ref1991to2020_202509.nc,13.247363269329071,13.247363269329071,-1.5361813306808472
006065,"Carlos Tejedor, Florentino Ameghino, General Pinto",2025,GENERALES,2025-10-26,2025-09-01,SPEI12_genlogistic_global_era5_moda_ref1991to2020_202509.nc,0,0,-0.36007067561149597
086013,"Aguirre, Belgrano, Mitre, Rivadavia",2025,GENERALES,2025-10-26,2025-09-01,SPEI12_genlogistic_global_era5_moda_ref1991to2020_202509.nc,91.52364730834961,2.1689267829060555,-1.8252819776535034
070010,"Calingasta, Iglesia, Ullúm, Zonda",2025,GENERALES,2025-10-26,2025-09-01,SPEI12_genlogistic_global_era5_moda_ref1991to2020_202509.nc,68.31282377243042,43.295007944107056,-2.042743682861328
086012,"Ojo de Agua, Quebrachos",2025,GENERALES,2025-10-26,2025-09-01,SPEI12_genlogistic_global_era5_moda_ref1991to2020_202509.nc,68.5003936290741,0,-1.600911021232605
070009,Albardón,2025,GENERALES,2025-10-26,2025-09-01,SPEI12_genlogistic_global_era5_moda_ref1991to2020_202509.nc,100,8.39838907122612,-1.8093702793121338
022015,Maipú,2025,GENERALES,2025-10-26,2025-09-01,SPEI12_genlogistic_global_era5_moda_ref1991to2020_202509.nc,0,0,-0.8786295056343079
006064,Las Flores,2025,GENERALES,2025-10-26,2025-09-01,SPEI12_genlogistic_global_era5_moda_ref1991to2020_202509.nc,0,0,-0.3355398178100586
006063,Colón,2025,GENERALES,2025-10-26,2025-09-01,SPEI12_genlogistic_global_era5_moda_ref1991to2020_202509.nc,0,0,-0.6190535426139832
022014,Bermejo,2025,GENERALES,2025-10-26,2025-09-01,SPEI12_genlogistic_global_era5_moda_ref1991to2020_202509.nc,0,0,-0.8401471972465515
006062,"Adolfo Alsina, Salliqueló",2025,GENERALES,2025-10-26,2025-09-01,SPEI12_genlogistic_global_era5_moda_ref1991to2020_202509.nc,0,0,-0.21800671517848969
030011,Tala,2025,GENERALES,2025-10-26,2025-09-01,SPEI12_genlogistic_global_era5_moda_ref1991to2020_202509.nc,0,0,-0.5375424027442932
042006,"Caleu-Caleu, Cura-Co, Chalileo, Chical-Có, Lihuel Calel, Limay Mahuida, Leventué, Puelén",2025,GENERALES,2025-10-26,2025-09-01,SPEI12_genlogistic_global_era5_moda_ref1991to2020_202509.nc,0,0,-0.6404269933700562
050017,"La Paz, Santa Rosa",2025,GENERALES,2025-10-26,2025-09-01,SPEI12_genlogistic_global_era5_moda_ref1991to2020_202509.nc,0,0,-1.093275785446167
066011,"Cachí, La Poma, Los Andes, Molinos, San Carlos",2025,GENERALES,2025-10-26,2025-09-01,SPEI12_genlogistic_global_era5_moda_ref1991to2020_202509.nc,9.249846637248993,1.0734567418694496,-0.5773220062255859
006061,Brandsen,2025,GENERALES,2025-10-26,2025-09-01,SPEI12_genlogistic_global_era5_moda_ref1991to2020_202509.nc,0,0,-0.1948140263557434
046004,"General Ocampo, General San Martín, Rosario Vera Peñaloza",2025,GENERALES,2025-10-26,2025-09-01,SPEI12_genlogistic_global_era5_moda_ref1991to2020_202509.nc,25.54226815700531,0,-1.265718698501587
006060,"Daireaux, Hipólito Yrigoyen",2025,GENERALES,2025-10-26,2025-09-01,SPEI12_genlogistic_global_era5_moda_ref1991to2020_202509.nc,0,0,-0.3880809247493744
006059,Dolores,2025,GENERALES,2025-10-26,2025-09-01,SPEI12_genlogistic_global_era5_moda_ref1991to2020_202509.nc,30.434781312942505,30.434781312942505,-2.891244649887085
070008,"Jachal, Valle Fértil",2025,GENERALES,2025-10-26,2025-09-01,SPEI12_genlogistic_global_era5_moda_ref1991to2020_202509.nc,89.78949785232544,62.69726753234863,-2.1336581707000732
078003,"Corpen Aike, Lago Argentino",2025,GENERALES,2025-10-26,2025-09-01,SPEI12_genlogistic_global_era5_moda_ref1991to2020_202509.nc,14.575809240341187,4.858390614390373,-0.7251909971237183
054015,Candelaria,2025,GENERALES,2025-10-26,2025-09-01,SPEI12_genlogistic_global_era5_moda_ref1991to2020_202509.nc,0,0,-1.090650200843811
054014,25 de Mayo,2025,GENERALES,2025-10-26,2025-09-01,SPEI12_genlogistic_global_era5_moda_ref1991to2020_202509.nc,0,0,-0.8614568114280701
042005,"Chapaleufú, Realicó",2025,GENERALES,2025-10-26,2025-09-01,SPEI12_genlogistic_global_era5_moda_ref1991to2020_202509.nc,0,0,-0.45877090096473694
074004,Junín,2025,GENERALES,2025-10-26,2025-09-01,SPEI12_genlogistic_global_era5_moda_ref1991to2020_202509.nc,0,0,-0.8707229495048523
050016,Malargue,2025,GENERALES,2025-10-26,2025-09-01,SPEI12_genlogistic_global_era5_moda_ref1991to2020_202509.nc,27.35324501991272,5.7334184646606445,-1.1867884397506714
066010,Rivadavia,2025,GENERALES,2025-10-26,2025-09-01,SPEI12_genlogistic_global_era5_moda_ref1991to2020_202509.nc,98.19543361663818,20.86830735206604,-1.8891335725784302
018013,Lavalle,2025,GENERALES,2025-10-26,2025-09-01,SPEI12_genlogistic_global_era5_moda_ref1991to2020_202509.nc,0,0,-0.8180065751075745
006058,"General Belgrano, General Paz",2025,GENERALES,2025-10-26,2025-09-01,SPEI12_genlogistic_global_era5_moda_ref1991to2020_202509.nc,0,0,-0.16363531351089478
086011,"Loreto, Silipica",2025,GENERALES,2025-10-26,2025-09-01,SPEI12_genlogistic_global_era5_moda_ref1991to2020_202509.nc,0,0,-1.2227550745010376
010006,"Ancasti, El Alto, La Paz",2025,GENERALES,2025-10-26,2025-09-01,SPEI12_genlogistic_global_era5_moda_ref1991to2020_202509.nc,11.381126940250397,0,-1.3540812730789185
034005,"Matacos, Ramón Lista",2025,GENERALES,2025-10-26,2025-09-01,SPEI12_genlogistic_global_era5_moda_ref1991to2020_202509.nc,86.375492811203,0,-1.6978003978729248
006057,Exaltación de la Cruz,2025,GENERALES,2025-10-26,2025-09-01,SPEI12_genlogistic_global_era5_moda_ref1991to2020_202509.nc,0,0,-0.39860549569129944
006056,Arrecifes,2025,GENERALES,2025-10-26,2025-09-01,SPEI12_genlogistic_global_era5_moda_ref1991to2020_202509.nc,0,0,-0.5570264458656311
082018,9 de Julio,2025,GENERALES,2025-10-26,2025-09-01,SPEI12_genlogistic_global_era5_moda_ref1991to2020_202509.nc,45.47688663005829,3.883529081940651,-1.5449784994125366
062006,San Antonio,2025,GENERALES,2025-10-26,2025-09-01,SPEI12_genlogistic_global_era5_moda_ref1991to2020_202509.nc,0,0,-0.14242911338806152
006055,Patagones,2025,GENERALES,2025-10-26,2025-09-01,SPEI12_genlogistic_global_era5_moda_ref1991to2020_202509.nc,0,0,0.2208663374185562
086010,Copo,2025,GENERALES,2025-10-26,2025-09-01,SPEI12_genlogistic_global_era5_moda_ref1991to2020_202509.nc,26.183733344078064,0,-1.330875277519226
014021,"Río Seco, Sobremonte, Tulumba",2025,GENERALES,2025-10-26,2025-09-01,SPEI12_genlogistic_global_era5_moda_ref1991to2020_202509.nc,43.59513223171234,9.02273803949356,-2.056408643722534
054013,San Pedro,2025,GENERALES,2025-10-26,2025-09-01,SPEI12_genlogistic_global_era5_moda_ref1991to2020_202509.nc,0,0,-0.7462747693061829
006054,"General Juan Madariaga, Pinamar, Villa Gesell",2025,GENERALES,2025-10-26,2025-09-01,SPEI12_genlogistic_global_era5_moda_ref1991to2020_202509.nc,1.5836359933018684,1.5836359933018684,-0.6610437631607056
018012,Esquina,2025,GENERALES,2025-10-26,2025-09-01,SPEI12_genlogistic_global_era5_moda_ref1991to2020_202509.nc,60.28303503990173,0,-1.4409818649291992
022013,Chacabuco,2025,GENERALES,2025-10-26,2025-09-01,SPEI12_genlogistic_global_era5_moda_ref1991to2020_202509.nc,5.412774905562401,0,-1.3527543544769287
006053,General Villegas,2025,GENERALES,2025-10-26,2025-09-01,SPEI12_genlogistic_global_era5_moda_ref1991to2020_202509.nc,0,0,-0.30249276757240295
038006,"Humahuaca, Tilcara, Valle Grande",2025,GENERALES,2025-10-26,2025-09-01,SPEI12_genlogistic_global_era5_moda_ref1991to2020_202509.nc,7.174878567457199,0,-0.3843610882759094
006052,"General Arenales, Leandro N. Alem",2025,GENERALES,2025-10-26,2025-09-01,SPEI12_genlogistic_global_era5_moda_ref1991to2020_202509.nc,0,0,-0.401326447725296
086009,"Atamisqui, Salavina, San Martín",2025,GENERALES,2025-10-26,2025-09-01,SPEI12_genlogistic_global_era5_moda_ref1991to2020_202509.nc,24.6302992105484,0,-1.4376059770584106
046003,"Coronel Felipe Varela, Famatina, General Angel V. Peñaloza, General Juan F. Quiroga, General Lamadrid, Vinchina, Independencia, Sanagasta",2025,GENERALES,2025-10-26,2025-09-01,SPEI12_genlogistic_global_era5_moda_ref1991to2020_202509.nc,64.94978070259094,41.66349768638611,-1.8476450443267822
054012,"Concepción, San Javier",2025,GENERALES,2025-10-26,2025-09-01,SPEI12_genlogistic_global_era5_moda_ref1991to2020_202509.nc,0,0,-0.8903768658638
082017,San Javier,2025,GENERALES,2025-10-26,2025-09-01,SPEI12_genlogistic_global_era5_moda_ref1991to2020_202509.nc,27.870991826057434,0,-1.4117634296417236
006051,Baradero,2025,GENERALES,2025-10-26,2025-09-01,SPEI12_genlogistic_global_era5_moda_ref1991to2020_202509.nc,0,0,-0.4410271942615509
006050,Saladillo,2025,GENERALES,2025-10-26,2025-09-01,SPEI12_genlogistic_global_era5_moda_ref1991to2020_202509.nc,0,0,-0.04153463616967201
050015,Tupungato,2025,GENERALES,2025-10-26,2025-09-01,SPEI12_genlogistic_global_era5_moda_ref1991to2020_202509.nc,15.719306468963623,1.1165077798068523,-1.1897445917129517
050014,San Carlos,2025,GENERALES,2025-10-26,2025-09-01,SPEI12_genlogistic_global_era5_moda_ref1991to2020_202509.nc,35.0958913564682,0,-1.4448325634002686
006049,Salto,2025,GENERALES,2025-10-26,2025-09-01,SPEI12_genlogistic_global_era5_moda_ref1991to2020_202509.nc,22.90032058954239,22.90032058954239,-2.3217520713806152
006048,Ramallo,2025,GENERALES,2025-10-26,2025-09-01,SPEI12_genlogistic_global_era5_moda_ref1991to2020_202509.nc,0,0,-0.7072308659553528
022012,"12 de Octubre, 2 de Abril, Fray Justo Sta. María de Oro",2025,GENERALES,2025-10-26,2025-09-01,SPEI12_genlogistic_global_era5_moda_ref1991to2020_202509.nc,0,0,-1.3036750555038452
022011,Quitilipi,2025,GENERALES,2025-10-26,2025-09-01,SPEI12_genlogistic_global_era5_moda_ref1991to2020_202509.nc,0,0,-1.0094608068466187
022010,Almirante Brown,2025,GENERALES,2025-10-26,2025-09-01,SPEI12_genlogistic_global_era5_moda_ref1991to2020_202509.nc,9.90794524550438,0,-1.1990513801574707
022009,"General Belgrano, Independencia",2025,GENERALES,2025-10-26,2025-09-01,SPEI12_genlogistic_global_era5_moda_ref1991to2020_202509.nc,0,0,-1.2969386577606201
042004,"Atreucó, Catriló, Guatrache, Quemú-Quemú",2025,GENERALES,2025-10-26,2025-09-01,SPEI12_genlogistic_global_era5_moda_ref1991to2020_202509.nc,0,0,-0.16907517611980438
062005,Avellaneda,2025,GENERALES,2025-10-26,2025-09-01,SPEI12_genlogistic_global_era5_moda_ref1991to2020_202509.nc,1.3859217055141926,0,-1.198839783668518
030010,Victoria,2025,GENERALES,2025-10-26,2025-09-01,SPEI12_genlogistic_global_era5_moda_ref1991to2020_202509.nc,0,0,-0.6841771602630615
066009,Cerrillos,2025,GENERALES,2025-10-26,2025-09-01,SPEI12_genlogistic_global_era5_moda_ref1991to2020_202509.nc,93.74551177024841,4.59192618727684,-1.757881999015808
010005,"Ambato, Capayán, Paclín, Santa Rosa",2025,GENERALES,2025-10-26,2025-09-01,SPEI12_genlogistic_global_era5_moda_ref1991to2020_202509.nc,68.36130023002625,5.399473011493683,-1.6113249063491821
086008,"Jiménez, Pellegrini",2025,GENERALES,2025-10-26,2025-09-01,SPEI12_genlogistic_global_era5_moda_ref1991to2020_202509.nc,25.241726636886597,0,-1.4152106046676636
014020,General Roca,2025,GENERALES,2025-10-26,2025-09-01,SPEI12_genlogistic_global_era5_moda_ref1991to2020_202509.nc,0,0,-0.4414602220058441
014019,San Alberto,2025,GENERALES,2025-10-26,2025-09-01,SPEI12_genlogistic_global_era5_moda_ref1991to2020_202509.nc,0,0,-0.8731850981712341
054011,Montecarlo,2025,GENERALES,2025-10-26,2025-09-01,SPEI12_genlogistic_global_era5_moda_ref1991to2020_202509.nc,0,0,-0.9760288596153259
014018,Presidente Roque Saénz Peña,2025,GENERALES,2025-10-26,2025-09-01,SPEI12_genlogistic_global_era5_moda_ref1991to2020_202509.nc,0,0,-0.043150894343853
050013,Lavalle,2025,GENERALES,2025-10-26,2025-09-01,SPEI12_genlogistic_global_era5_moda_ref1991to2020_202509.nc,12.348850071430206,0,-1.2669788599014282
006047,"Capitán Sarmiento, San Antonio de Areco",2025,GENERALES,2025-10-26,2025-09-01,SPEI12_genlogistic_global_era5_moda_ref1991to2020_202509.nc,0,0,-0.32797375321388245
018011,Monte Caseros,2025,GENERALES,2025-10-26,2025-09-01,SPEI12_genlogistic_global_era5_moda_ref1991to2020_202509.nc,0,0,-0.5693399310112
010004,"Belén, Pomán",2025,GENERALES,2025-10-26,2025-09-01,SPEI12_genlogistic_global_era5_moda_ref1991to2020_202509.nc,63.81388306617737,26.505210995674133,-1.6300852298736572
058005,Zapala,2025,GENERALES,2025-10-26,2025-09-01,SPEI12_genlogistic_global_era5_moda_ref1991to2020_202509.nc,100,4.108072444796562,-1.8756179809570313
006046,"Guaminí, Pellegrini, Rivadavia, Tres Lomas",2025,GENERALES,2025-10-26,2025-09-01,SPEI12_genlogistic_global_era5_moda_ref1991to2020_202509.nc,0,0,-0.34627822041511536
018010,Bella Vista,2025,GENERALES,2025-10-26,2025-09-01,SPEI12_genlogistic_global_era5_moda_ref1991to2020_202509.nc,0,0,-1.039251685142517
006045,Coronel Suárez,2025,GENERALES,2025-10-26,2025-09-01,SPEI12_genlogistic_global_era5_moda_ref1991to2020_202509.nc,0,0,-0.5395669341087341
058004,"Chos Malal, Pehuenches",2025,GENERALES,2025-10-26,2025-09-01,SPEI12_genlogistic_global_era5_moda_ref1991to2020_202509.nc,79.18016910552979,20.57742327451706,-1.6936157941818237
090005,Burruyacú,2025,GENERALES,2025-10-26,2025-09-01,SPEI12_genlogistic_global_era5_moda_ref1991to2020_202509.nc,38.07389438152313,0,-1.4040268659591675
050012,Junín,2025,GENERALES,2025-10-26,2025-09-01,SPEI12_genlogistic_global_era5_moda_ref1991to2020_202509.nc,0,0,-0.9101083278656006
066008,"Guachipas, La Candelaria, Rosario de la Frontera",2025,GENERALES,2025-10-26,2025-09-01,SPEI12_genlogistic_global_era5_moda_ref1991to2020_202509.nc,37.83158361911774,0,-1.3520156145095825
006044,Pehuajó,2025,GENERALES,2025-10-26,2025-09-01,SPEI12_genlogistic_global_era5_moda_ref1991to2020_202509.nc,0,0,-0.055454254150390625
086007,General Taboada,2025,GENERALES,2025-10-26,2025-09-01,SPEI12_genlogistic_global_era5_moda_ref1991to2020_202509.nc,21.796326339244843,0,-1.404862880706787
030009,Nogoyá,2025,GENERALES,2025-10-26,2025-09-01,SPEI12_genlogistic_global_era5_moda_ref1991to2020_202509.nc,0,0,-0.555461585521698
026005,"Florentino Ameghino, Gaimán, Gastre, Mártires, Paso de los Indios, Río Senguer, Sarmiento, Tehuelches, Telsen",2025,GENERALES,2025-10-26,2025-09-01,SPEI12_genlogistic_global_era5_moda_ref1991to2020_202509.nc,0.37485668435692787,0,-0.20646782219409943
010003,"Fray Mamerto Esquiú, Valle Viejo",2025,GENERALES,2025-10-26,2025-09-01,SPEI12_genlogistic_global_era5_moda_ref1991to2020_202509.nc,79.62987422943115,0,-1.51223623752594
066007,Metán,2025,GENERALES,2025-10-26,2025-09-01,SPEI12_genlogistic_global_era5_moda_ref1991to2020_202509.nc,0.04079598584212363,0,-1.1438101530075073
006043,"Adolfo González Chaves, Benito Juárez, San Cayetano",2025,GENERALES,2025-10-26,2025-09-01,SPEI12_genlogistic_global_era5_moda_ref1991to2020_202509.nc,0,0,-0.4775214195251465
018009,Mercedes,2025,GENERALES,2025-10-26,2025-09-01,SPEI12_genlogistic_global_era5_moda_ref1991to2020_202509.nc,0,0,-0.5040125846862793
010002,"Andalgalá, Santa María",2025,GENERALES,2025-10-26,2025-09-01,SPEI12_genlogistic_global_era5_moda_ref1991to2020_202509.nc,70.9427535533905,30.05140721797943,-1.7425150871276855
018008,"Empedrado, Mburucuyá, San Luis del Palmar",2025,GENERALES,2025-10-26,2025-09-01,SPEI12_genlogistic_global_era5_moda_ref1991to2020_202509.nc,0,0,-0.8307482600212097
006042,Bragado,2025,GENERALES,2025-10-26,2025-09-01,SPEI12_genlogistic_global_era5_moda_ref1991to2020_202509.nc,0,0,-0.1477498710155487
006041,General Alvarado,2025,GENERALES,2025-10-26,2025-09-01,SPEI12_genlogistic_global_era5_moda_ref1991to2020_202509.nc,0,0,-0.1921873390674591
062004,"El Cuy, 9 de Julio, Ñorquincó, Pilcaniyeu, Valcheta, 25 de Mayo",2025,GENERALES,2025-10-26,2025-09-01,SPEI12_genlogistic_global_era5_moda_ref1991to2020_202509.nc,50.05609393119812,26.083582639694214,-1.4692561626434326
074003,"Ayacucho, Belgrano, Coronel Pringles, Libertador General San Martín",2025,GENERALES,2025-10-26,2025-09-01,SPEI12_genlogistic_global_era5_moda_ref1991to2020_202509.nc,18.592482805252075,0,-1.2044802904129028
018007,"Ituzaingó, San Miguel",2025,GENERALES,2025-10-26,2025-09-01,SPEI12_genlogistic_global_era5_moda_ref1991to2020_202509.nc,0,0,-0.5394735932350159
082016,San Justo,2025,GENERALES,2025-10-26,2025-09-01,SPEI12_genlogistic_global_era5_moda_ref1991to2020_202509.nc,40.591248869895935,0,-1.3912019729614258
006040,"Carmen de Areco, Navarro, Suipacha",2025,GENERALES,2025-10-26,2025-09-01,SPEI12_genlogistic_global_era5_moda_ref1991to2020_202509.nc,7.233256101608276,7.233256101608276,-1.0513954162597656
006039,"Ayacucho, General Guido, Pila, Rauch",2025,GENERALES,2025-10-26,2025-09-01,SPEI12_genlogistic_global_era5_moda_ref1991to2020_202509.nc,8.123894035816193,8.123894035816193,-1.2527189254760742
042003,"Conhello, Rancul, Toay, Trenel",2025,GENERALES,2025-10-26,2025-09-01,SPEI12_genlogistic_global_era5_moda_ref1991to2020_202509.nc,0,0,-0.32882240414619446
086006,"Choya, Guasayan",2025,GENERALES,2025-10-26,2025-09-01,SPEI12_genlogistic_global_era5_moda_ref1991to2020_202509.nc,0,0,-1.208928108215332
054010,General Manuel Belgrano,2025,GENERALES,2025-10-26,2025-09-01,SPEI12_genlogistic_global_era5_moda_ref1991to2020_202509.nc,0,0,-0.9107873439788818
006038,Trenque Lauquen,2025,GENERALES,2025-10-26,2025-09-01,SPEI12_genlogistic_global_era5_moda_ref1991to2020_202509.nc,0,0,-0.3859686255455017
026004,Futaleufú,2025,GENERALES,2025-10-26,2025-09-01,SPEI12_genlogistic_global_era5_moda_ref1991to2020_202509.nc,10.075012594461441,0,-1.2015588283538818
054009,Apóstoles,2025,GENERALES,2025-10-26,2025-09-01,SPEI12_genlogistic_global_era5_moda_ref1991to2020_202509.nc,0,0,-0.877391517162323
022008,"General Donovan, Libertad, Presidencia de La Plaza, Tapenaga",2025,GENERALES,2025-10-26,2025-09-01,SPEI12_genlogistic_global_era5_moda_ref1991to2020_202509.nc,0,0,-1.0589828491210938
006037,"Puan, Villarino",2025,GENERALES,2025-10-26,2025-09-01,SPEI12_genlogistic_global_era5_moda_ref1991to2020_202509.nc,0,0,-0.27520090341567993
038005,"Cochinoca, Rinconada, Santa Catalina, Susques, Tumbaya, Yaví",2025,GENERALES,2025-10-26,2025-09-01,SPEI12_genlogistic_global_era5_moda_ref1991to2020_202509.nc,1.4524600468575954,0.9742908179759979,-0.19560270011425018
086005,Robles,2025,GENERALES,2025-10-26,2025-09-01,SPEI12_genlogistic_global_era5_moda_ref1991to2020_202509.nc,0,0,-1.3851275444030762
030008,Diamante,2025,GENERALES,2025-10-26,2025-09-01,SPEI12_genlogistic_global_era5_moda_ref1991to2020_202509.nc,0,0,-0.7375621199607849
082015,Belgrano,2025,GENERALES,2025-10-26,2025-09-01,SPEI12_genlogistic_global_era5_moda_ref1991to2020_202509.nc,3.883623704314232,3.883623704314232,-0.8112346529960632
050011,General Alvear,2025,GENERALES,2025-10-26,2025-09-01,SPEI12_genlogistic_global_era5_moda_ref1991to2020_202509.nc,0,0,-0.5177119374275208
014017,Río Primero,2025,GENERALES,2025-10-26,2025-09-01,SPEI12_genlogistic_global_era5_moda_ref1991to2020_202509.nc,0,0,-1.007163643836975
006036,9 de Julio,2025,GENERALES,2025-10-26,2025-09-01,SPEI12_genlogistic_global_era5_moda_ref1991to2020_202509.nc,0,0,-0.12627044320106506
066006,General Güemes,2025,GENERALES,2025-10-26,2025-09-01,SPEI12_genlogistic_global_era5_moda_ref1991to2020_202509.nc,71.48042321205139,20.054970681667328,-1.832191824913025
066005,"La Caldera, Rosario de Lerma",2025,GENERALES,2025-10-26,2025-09-01,SPEI12_genlogistic_global_era5_moda_ref1991to2020_202509.nc,21.663248538970947,19.028601050376892,-0.9501553773880005
054008,Libertador General San Martín,2025,GENERALES,2025-10-26,2025-09-01,SPEI12_genlogistic_global_era5_moda_ref1991to2020_202509.nc,0,0,-1.0091809034347534
070007,Santa Lucía,2025,GENERALES,2025-10-26,2025-09-01,SPEI12_genlogistic_global_era5_moda_ref1991to2020_202509.nc,100,0,-1.9347336292266846
018006,Paso de los Libres,2025,GENERALES,2025-10-26,2025-09-01,SPEI12_genlogistic_global_era5_moda_ref1991to2020_202509.nc,0,0,-0.5221332311630249
022007,"9 de Julio, O'Higgins",2025,GENERALES,2025-10-26,2025-09-01,SPEI12_genlogistic_global_era5_moda_ref1991to2020_202509.nc,3.4695830196142197,0,-1.3292535543441772
006035,Chacabuco,2025,GENERALES,2025-10-26,2025-09-01,SPEI12_genlogistic_global_era5_moda_ref1991to2020_202509.nc,0,0,-0.5342729091644287
046002,Chilecito,2025,GENERALES,2025-10-26,2025-09-01,SPEI12_genlogistic_global_era5_moda_ref1991to2020_202509.nc,100,66.68772101402283,-2.1670408248901367
014016,"Ischilín, Totoral",2025,GENERALES,2025-10-26,2025-09-01,SPEI12_genlogistic_global_era5_moda_ref1991to2020_202509.nc,0,0,-1.288279414176941
050010,Tunuyán,2025,GENERALES,2025-10-26,2025-09-01,SPEI12_genlogistic_global_era5_moda_ref1991to2020_202509.nc,95.61882615089417,18.31252872943878,-1.7888786792755127
006034,"Coronel Dorrego, Coronel Pringles, Monte Hermoso, Tornquist",2025,GENERALES,2025-10-26,2025-09-01,SPEI12_genlogistic_global_era5_moda_ref1991to2020_202509.nc,0,0,-0.25102704763412476
006033,"General Las Heras, Lobos",2025,GENERALES,2025-10-26,2025-09-01,SPEI12_genlogistic_global_era5_moda_ref1991to2020_202509.nc,2.41213645786047,2.41213645786047,-0.5888298749923706
030007,Gualeguay,2025,GENERALES,2025-10-26,2025-09-01,SPEI12_genlogistic_global_era5_moda_ref1991to2020_202509.nc,0,0,-0.6917365193367004
014015,Calamuchita,2025,GENERALES,2025-10-26,2025-09-01,SPEI12_genlogistic_global_era5_moda_ref1991to2020_202509.nc,0,0,-0.368990957736969
082014,Vera,2025,GENERALES,2025-10-26,2025-09-01,SPEI12_genlogistic_global_era5_moda_ref1991to2020_202509.nc,14.991366863250732,0,-1.2246429920196533
006032,Marcos Paz,2025,GENERALES,2025-10-26,2025-09-01,SPEI12_genlogistic_global_era5_moda_ref1991to2020_202509.nc,0,0,-0.593438982963562
070006,Pocito,2025,GENERALES,2025-10-26,2025-09-01,SPEI12_genlogistic_global_era5_moda_ref1991to2020_202509.nc,100,0.9800917468965054,-1.7907596826553345
018005,"Curuzú Cuatiá, Sauce",2025,GENERALES,2025-10-26,2025-09-01,SPEI12_genlogistic_global_era5_moda_ref1991to2020_202509.nc,2.401452697813511,0,-0.8583107590675354
014014,San Javier,2025,GENERALES,2025-10-26,2025-09-01,SPEI12_genlogistic_global_era5_moda_ref1991to2020_202509.nc,0,0,-1.1099871397018433
006031,Cañuelas,2025,GENERALES,2025-10-26,2025-09-01,SPEI12_genlogistic_global_era5_moda_ref1991to2020_202509.nc,0,0,-0.3389189839363098
006030,"Bolívar, General Alvear, Tapalqué",2025,GENERALES,2025-10-26,2025-09-01,SPEI12_genlogistic_global_era5_moda_ref1991to2020_202509.nc,0,0,-0.23010583221912384
054007,Cainguas,2025,GENERALES,2025-10-26,2025-09-01,SPEI12_genlogistic_global_era5_moda_ref1991to2020_202509.nc,0,0,-0.7890259623527527
058003,"Huiliches, Lácar, Los Lagos",2025,GENERALES,2025-10-26,2025-09-01,SPEI12_genlogistic_global_era5_moda_ref1991to2020_202509.nc,85.98474860191345,18.143098056316376,-1.7524757385253906
086004,Río Hondo,2025,GENERALES,2025-10-26,2025-09-01,SPEI12_genlogistic_global_era5_moda_ref1991to2020_202509.nc,0,0,-1.322199821472168
022006,Mayor Luis J. Fontana,2025,GENERALES,2025-10-26,2025-09-01,SPEI12_genlogistic_global_era5_moda_ref1991to2020_202509.nc,0,0,-1.2131922245025635
090004,Leales,2025,GENERALES,2025-10-26,2025-09-01,SPEI12_genlogistic_global_era5_moda_ref1991to2020_202509.nc,16.89477562904358,0.5291692912578583,-1.4207433462142944
058002,"Aluminé, Añelo, Catán-Lil, Collón-Cura, Loncopué, Minas, Ñorquin, Picún-Leufú, Picunches",2025,GENERALES,2025-10-26,2025-09-01,SPEI12_genlogistic_global_era5_moda_ref1991to2020_202509.nc,93.65527033805847,39.26128447055817,-1.8808987140655518
018004,"Berón de Astrada, Concepción, General Paz, San Roque",2025,GENERALES,2025-10-26,2025-09-01,SPEI12_genlogistic_global_era5_moda_ref1991to2020_202509.nc,0,0,-0.7058074474334717
050009,Rivadavia,2025,GENERALES,2025-10-26,2025-09-01,SPEI12_genlogistic_global_era5_moda_ref1991to2020_202509.nc,0,0,-1.018994927406311
006029,Ensenada,2025,GENERALES,2025-10-26,2025-09-01,SPEI12_genlogistic_global_era5_moda_ref1991to2020_202509.nc,0,0,-0.3454338014125824
006028,Tres Arroyos,2025,GENERALES,2025-10-26,2025-09-01,SPEI12_genlogistic_global_era5_moda_ref1991to2020_202509.nc,0,0,-0.14521493017673492
066004,Anta,2025,GENERALES,2025-10-26,2025-09-01,SPEI12_genlogistic_global_era5_moda_ref1991to2020_202509.nc,47.494614124298096,12.989100813865662,-1.574643611907959
054006,San Ignacio,2025,GENERALES,2025-10-26,2025-09-01,SPEI12_genlogistic_global_era5_moda_ref1991to2020_202509.nc,8.419743180274963,0,-1.2880401611328125
042002,Maracó,2025,GENERALES,2025-10-26,2025-09-01,SPEI12_genlogistic_global_era5_moda_ref1991to2020_202509.nc,0,0,-0.05085856467485428
062003,Adolfo Alsina,2025,GENERALES,2025-10-26,2025-09-01,SPEI12_genlogistic_global_era5_moda_ref1991to2020_202509.nc,0,0,0.21064214408397675
006027,San Pedro,2025,GENERALES,2025-10-26,2025-09-01,SPEI12_genlogistic_global_era5_moda_ref1991to2020_202509.nc,0,0,-0.569151759147644
018003,Santo Tomé,2025,GENERALES,2025-10-26,2025-09-01,SPEI12_genlogistic_global_era5_moda_ref1991to2020_202509.nc,0,0,-0.6324013471603394
006026,"Alberti, Roque Pérez, 25 de Mayo",2025,GENERALES,2025-10-26,2025-09-01,SPEI12_genlogistic_global_era5_moda_ref1991to2020_202509.nc,0,0,-0.08699144423007965
006025,"Chascomus, Magdalena, Punta Indio",2025,GENERALES,2025-10-26,2025-09-01,SPEI12_genlogistic_global_era5_moda_ref1991to2020_202509.nc,0,0,-0.2006930708885193
006024,"General Viamonte, Lincoln",2025,GENERALES,2025-10-26,2025-09-01,SPEI12_genlogistic_global_era5_moda_ref1991to2020_202509.nc,0,0,-0.2063848078250885
022005,"San Lorenzo, Sargento Cabral, 25 de Mayo",2025,GENERALES,2025-10-26,2025-09-01,SPEI12_genlogistic_global_era5_moda_ref1991to2020_202509.nc,0,0,-1.0809437036514282
006023,Coronel de Marine L. Rosales,2025,GENERALES,2025-10-26,2025-09-01,SPEI12_genlogistic_global_era5_moda_ref1991to2020_202509.nc,0,0,0.3649294078350067
006022,"Balcarce, Lobería",2025,GENERALES,2025-10-26,2025-09-01,SPEI12_genlogistic_global_era5_moda_ref1991to2020_202509.nc,0,0,-0.2583031952381134
006021,Mercedes,2025,GENERALES,2025-10-26,2025-09-01,SPEI12_genlogistic_global_era5_moda_ref1991to2020_202509.nc,73.36280345916748,73.36280345916748,-6.1613450050354
014013,Juárez Celman,2025,GENERALES,2025-10-26,2025-09-01,SPEI12_genlogistic_global_era5_moda_ref1991to2020_202509.nc,0,0,0.12558823823928833
070005,"Angaco, Caucete, 25 de Mayo",2025,GENERALES,2025-10-26,2025-09-01,SPEI12_genlogistic_global_era5_moda_ref1991to2020_202509.nc,87.07106113433838,14.653117954730988,-1.7863638401031494
082013,San Martín,2025,GENERALES,2025-10-26,2025-09-01,SPEI12_genlogistic_global_era5_moda_ref1991to2020_202509.nc,24.609093368053436,24.609093368053436,-2.7100002765655518
006020,Chivilcoy,2025,GENERALES,2025-10-26,2025-09-01,SPEI12_genlogistic_global_era5_moda_ref1991to2020_202509.nc,0,0,-0.3916725516319275
006019,Azul,2025,GENERALES,2025-10-26,2025-09-01,SPEI12_genlogistic_global_era5_moda_ref1991to2020_202509.nc,0,0,-0.6827542781829834
082012,Iriondo,2025,GENERALES,2025-10-26,2025-09-01,SPEI12_genlogistic_global_era5_moda_ref1991to2020_202509.nc,0,0,-0.585110604763031
086003,"Alberdi, Juan F. Ibarra, Moreno",2025,GENERALES,2025-10-26,2025-09-01,SPEI12_genlogistic_global_era5_moda_ref1991to2020_202509.nc,14.11556601524353,0,-1.3976887464523315
082011,San Cristóbal,2025,GENERALES,2025-10-26,2025-09-01,SPEI12_genlogistic_global_era5_moda_ref1991to2020_202509.nc,60.12721657752991,0,-1.5510950088500977
022004,General Güemes,2025,GENERALES,2025-10-26,2025-09-01,SPEI12_genlogistic_global_era5_moda_ref1991to2020_202509.nc,0.9931370615959167,0,-0.82574862241745
030006,La Paz,2025,GENERALES,2025-10-26,2025-09-01,SPEI12_genlogistic_global_era5_moda_ref1991to2020_202509.nc,2.3083020001649857,0,-1.0212733745574951
030005,Federación,2025,GENERALES,2025-10-26,2025-09-01,SPEI12_genlogistic_global_era5_moda_ref1991to2020_202509.nc,0,0,-0.7827685475349426
054005,Guaraní,2025,GENERALES,2025-10-26,2025-09-01,SPEI12_genlogistic_global_era5_moda_ref1991to2020_202509.nc,0,0,-0.7250421643257141
014012,"Cruz del Eje, Minas, Pocho",2025,GENERALES,2025-10-26,2025-09-01,SPEI12_genlogistic_global_era5_moda_ref1991to2020_202509.nc,1.3356893323361874,0,-1.101136565208435
022003,"Libertador General San Martín, 1 de Mayo",2025,GENERALES,2025-10-26,2025-09-01,SPEI12_genlogistic_global_era5_moda_ref1991to2020_202509.nc,0,0,-0.8955382704734802
094001,"Río Grande, Antarctic Argentina",2025,GENERALES,2025-10-26,2025-09-01,SPEI12_genlogistic_global_era5_moda_ref1991to2020_202509.nc,4.846677929162979,0,-1.0021523237228394
006018,"General Lavalle, La Costa",2025,GENERALES,2025-10-26,2025-09-01,SPEI12_genlogistic_global_era5_moda_ref1991to2020_202509.nc,0,0,-0.5283021330833435
038004,San Pedro,2025,GENERALES,2025-10-26,2025-09-01,SPEI12_genlogistic_global_era5_moda_ref1991to2020_202509.nc,87.86269426345825,26.2195885181427,-1.7384560108184814
054004,El Dorado,2025,GENERALES,2025-10-26,2025-09-01,SPEI12_genlogistic_global_era5_moda_ref1991to2020_202509.nc,0,0,-1.0237842798233032
082010,Caseros,2025,GENERALES,2025-10-26,2025-09-01,SPEI12_genlogistic_global_era5_moda_ref1991to2020_202509.nc,0,0,-0.3968871831893921
026003,Biedma,2025,GENERALES,2025-10-26,2025-09-01,SPEI12_genlogistic_global_era5_moda_ref1991to2020_202509.nc,0,0,0.30538731813430786
082009,San Jerónimo,2025,GENERALES,2025-10-26,2025-09-01,SPEI12_genlogistic_global_era5_moda_ref1991to2020_202509.nc,0,0,-0.8212704062461853
054003,Iguazú,2025,GENERALES,2025-10-26,2025-09-01,SPEI12_genlogistic_global_era5_moda_ref1991to2020_202509.nc,0,0,-1.20712149143219
034004,"Bermejo, Patiño",2025,GENERALES,2025-10-26,2025-09-01,SPEI12_genlogistic_global_era5_moda_ref1991to2020_202509.nc,9.568243473768234,0,-0.9752010703086853
006017,"Presidente Perón, San Vicente",2025,GENERALES,2025-10-26,2025-09-01,SPEI12_genlogistic_global_era5_moda_ref1991to2020_202509.nc,0,0,-0.364574670791626
070004,Rivadavia,2025,GENERALES,2025-10-26,2025-09-01,SPEI12_genlogistic_global_era5_moda_ref1991to2020_202509.nc,100,71.7708945274353,-2.362600088119507
034003,Pilcomayo,2025,GENERALES,2025-10-26,2025-09-01,SPEI12_genlogistic_global_era5_moda_ref1991to2020_202509.nc,20.01587450504303,3.832322359085083,-1.2155154943466187
006016,General Rodríguez,2025,GENERALES,2025-10-26,2025-09-01,SPEI12_genlogistic_global_era5_moda_ref1991to2020_202509.nc,0.23894780315458775,0.23894780315458775,-0.6435894966125488
070003,Chimbas,2025,GENERALES,2025-10-26,2025-09-01,SPEI12_genlogistic_global_era5_moda_ref1991to2020_202509.nc,100,0.9348202496767044,-1.9403066635131836
006015,Berisso,2025,GENERALES,2025-10-26,2025-09-01,SPEI12_genlogistic_global_era5_moda_ref1991to2020_202509.nc,0,0,-0.43668684363365173
082008,Constitución,2025,GENERALES,2025-10-26,2025-09-01,SPEI12_genlogistic_global_era5_moda_ref1991to2020_202509.nc,0,0,-0.7283046245574951
006014,Junín,2025,GENERALES,2025-10-26,2025-09-01,SPEI12_genlogistic_global_era5_moda_ref1991to2020_202509.nc,0,0,-0.3382238745689392
018002,Goya,2025,GENERALES,2025-10-26,2025-09-01,SPEI12_genlogistic_global_era5_moda_ref1991to2020_202509.nc,2.9123643413186073,0,-1.18155038356781
006013,Necochea,2025,GENERALES,2025-10-26,2025-09-01,SPEI12_genlogistic_global_era5_moda_ref1991to2020_202509.nc,0,0,-0.06408824771642685
006012,Campana,2025,GENERALES,2025-10-26,2025-09-01,SPEI12_genlogistic_global_era5_moda_ref1991to2020_202509.nc,0,0,-0.6079306602478027
014011,Santa María,2025,GENERALES,2025-10-26,2025-09-01,SPEI12_genlogistic_global_era5_moda_ref1991to2020_202509.nc,0,0,-0.23799115419387817
022002,Comandante Fernandez,2025,GENERALES,2025-10-26,2025-09-01,SPEI12_genlogistic_global_era5_moda_ref1991to2020_202509.nc,0,0,-1.0890215635299683
090003,"Chicligasta, Granero, Juan Bautista Alberdi, La Cocha, Monteros, Río Chico, Simoca",2025,GENERALES,2025-10-26,2025-09-01,SPEI12_genlogistic_global_era5_moda_ref1991to2020_202509.nc,29.330071806907654,7.750063389539719,-1.4591665267944336
034002,"Laishi, Pilagás, Pirané",2025,GENERALES,2025-10-26,2025-09-01,SPEI12_genlogistic_global_era5_moda_ref1991to2020_202509.nc,4.612567275762558,0,-0.8979447484016418
038003,"Ledesma, Santa Bárbara",2025,GENERALES,2025-10-26,2025-09-01,SPEI12_genlogistic_global_era5_moda_ref1991to2020_202509.nc,45.60658633708954,0.14352325815707445,-1.3353357315063477
030004,Uruguay,2025,GENERALES,2025-10-26,2025-09-01,SPEI12_genlogistic_global_era5_moda_ref1991to2020_202509.nc,0,0,-0.4584810733795166
038002,"El Carmen, San Antonio",2025,GENERALES,2025-10-26,2025-09-01,SPEI12_genlogistic_global_era5_moda_ref1991to2020_202509.nc,96.4288055896759,96.1561918258667,-2.3878016471862793
014010,Marcos Juárez,2025,GENERALES,2025-10-26,2025-09-01,SPEI12_genlogistic_global_era5_moda_ref1991to2020_202509.nc,0,0,-0.19969137012958527
014009,Unión,2025,GENERALES,2025-10-26,2025-09-01,SPEI12_genlogistic_global_era5_moda_ref1991to2020_202509.nc,0,0,-0.16733266413211823
042001,Capital,2025,GENERALES,2025-10-26,2025-09-01,SPEI12_genlogistic_global_era5_moda_ref1991to2020_202509.nc,0,0,-0.02280125580728054
014008,Río Segundo,2025,GENERALES,2025-10-26,2025-09-01,SPEI12_genlogistic_global_era5_moda_ref1991to2020_202509.nc,0,0,-0.36637887358665466
082007,Las Colonias,2025,GENERALES,2025-10-26,2025-09-01,SPEI12_genlogistic_global_era5_moda_ref1991to2020_202509.nc,0,0,-1.2115089893341064
006011,Luján,2025,GENERALES,2025-10-26,2025-09-01,SPEI12_genlogistic_global_era5_moda_ref1991to2020_202509.nc,22.640064358711243,22.640064358711243,-2.2769463062286377
078002,Deseado,2025,GENERALES,2025-10-26,2025-09-01,SPEI12_genlogistic_global_era5_moda_ref1991to2020_202509.nc,0.1371745835058391,0,0.5009773373603821
006010,Pergamino,2025,GENERALES,2025-10-26,2025-09-01,SPEI12_genlogistic_global_era5_moda_ref1991to2020_202509.nc,21.25394493341446,21.25394493341446,-2.305940866470337
054002,Oberá,2025,GENERALES,2025-10-26,2025-09-01,SPEI12_genlogistic_global_era5_moda_ref1991to2020_202509.nc,0,0,-0.9091382622718811
006009,Olavarría,2025,GENERALES,2025-10-26,2025-09-01,SPEI12_genlogistic_global_era5_moda_ref1991to2020_202509.nc,0,0,-0.5446823835372925
070002,Capital,2025,GENERALES,2025-10-26,2025-09-01,SPEI12_genlogistic_global_era5_moda_ref1991to2020_202509.nc,100,0,-1.9347337484359741
014007,Tercero Arriba,2025,GENERALES,2025-10-26,2025-09-01,SPEI12_genlogistic_global_era5_moda_ref1991to2020_202509.nc,0,0,0.16365741193294525
030003,"Gualeguaychú, Islas del Ibicuy",2025,GENERALES,2025-10-26,2025-09-01,SPEI12_genlogistic_global_era5_moda_ref1991to2020_202509.nc,0,0,-0.7135214805603027
050008,Capital,2025,GENERALES,2025-10-26,2025-09-01,SPEI12_genlogistic_global_era5_moda_ref1991to2020_202509.nc,0,0,-1.115582823753357
006008,Zárate,2025,GENERALES,2025-10-26,2025-09-01,SPEI12_genlogistic_global_era5_moda_ref1991to2020_202509.nc,0,0,-0.5391451120376587
078001,Guer Aike,2025,GENERALES,2025-10-26,2025-09-01,SPEI12_genlogistic_global_era5_moda_ref1991to2020_202509.nc,91.80468320846558,67.4697756767273,-2.1225149631500244
070001,Rawson,2025,GENERALES,2025-10-26,2025-09-01,SPEI12_genlogistic_global_era5_moda_ref1991to2020_202509.nc,99.993234872818,0,-1.7717714309692383
050007,Luján de Cuyo,2025,GENERALES,2025-10-26,2025-09-01,SPEI12_genlogistic_global_era5_moda_ref1991to2020_202509.nc,25.74211061000824,6.223323568701744,-1.2665318250656128
050006,San Martín,2025,GENERALES,2025-10-26,2025-09-01,SPEI12_genlogistic_global_era5_moda_ref1991to2020_202509.nc,0,0,-0.8420947790145874
006007,Tandil,2025,GENERALES,2025-10-26,2025-09-01,SPEI12_genlogistic_global_era5_moda_ref1991to2020_202509.nc,0,0,-0.4891567826271057
014006,General San Martín,2025,GENERALES,2025-10-26,2025-09-01,SPEI12_genlogistic_global_era5_moda_ref1991to2020_202509.nc,0,0,-0.13387435674667358
062002,Bariloche,2025,GENERALES,2025-10-26,2025-09-01,SPEI12_genlogistic_global_era5_moda_ref1991to2020_202509.nc,32.74301588535309,13.064639270305634,-2.2570579051971436
026002,Rawson,2025,GENERALES,2025-10-26,2025-09-01,SPEI12_genlogistic_global_era5_moda_ref1991to2020_202509.nc,0,0,0.07286449521780014
074002,"General Pedernera, Gobernador Dupuy",2025,GENERALES,2025-10-26,2025-09-01,SPEI12_genlogistic_global_era5_moda_ref1991to2020_202509.nc,0,0,-0.4986910820007324
086002,Banda,2025,GENERALES,2025-10-26,2025-09-01,SPEI12_genlogistic_global_era5_moda_ref1991to2020_202509.nc,0,0,-1.4360140562057495
006006,San Nicolás,2025,GENERALES,2025-10-26,2025-09-01,SPEI12_genlogistic_global_era5_moda_ref1991to2020_202509.nc,0,0,-0.7409167885780334
066003,"Iruya, Orán, Santa Victoria",2025,GENERALES,2025-10-26,2025-09-01,SPEI12_genlogistic_global_era5_moda_ref1991to2020_202509.nc,61.17124557495117,15.671496093273163,-1.4501923322677612
082006,San Lorenzo,2025,GENERALES,2025-10-26,2025-09-01,SPEI12_genlogistic_global_era5_moda_ref1991to2020_202509.nc,0,0,-0.7062841653823853
066002,General Jose de San Martín,2025,GENERALES,2025-10-26,2025-09-01,SPEI12_genlogistic_global_era5_moda_ref1991to2020_202509.nc,99.19250011444092,34.67571139335632,-1.9441744089126587
010001,Capital,2025,GENERALES,2025-10-26,2025-09-01,SPEI12_genlogistic_global_era5_moda_ref1991to2020_202509.nc,83.46649408340454,0,-1.5874141454696655
006092,San Fernando,2025,GENERALES,2025-10-26,2025-09-01,SPEI12_genlogistic_global_era5_moda_ref1991to2020_202509.nc,0,0,-0.6177200078964233
014005,Punilla,2025,GENERALES,2025-10-26,2025-09-01,SPEI12_genlogistic_global_era5_moda_ref1991to2020_202509.nc,0,0,-0.8489055633544922
050005,Maipú,2025,GENERALES,2025-10-26,2025-09-01,SPEI12_genlogistic_global_era5_moda_ref1991to2020_202509.nc,0,0,-0.8217648267745972
082005,General Obligado,2025,GENERALES,2025-10-26,2025-09-01,SPEI12_genlogistic_global_era5_moda_ref1991to2020_202509.nc,0,0,-1.0660815238952637
082004,Castellanos,2025,GENERALES,2025-10-26,2025-09-01,SPEI12_genlogistic_global_era5_moda_ref1991to2020_202509.nc,0,0,-1.2299352884292603
046001,Capital,2025,GENERALES,2025-10-26,2025-09-01,SPEI12_genlogistic_global_era5_moda_ref1991to2020_202509.nc,95.17830014228821,6.801324337720871,-1.7371292114257813
090002,Cruz Alta,2025,GENERALES,2025-10-26,2025-09-01,SPEI12_genlogistic_global_era5_moda_ref1991to2020_202509.nc,17.076165974140167,0,-1.4058544635772705
030002,"Colón, Concordia, Federal, Feliciano, San Salvador, Villaguay",2025,GENERALES,2025-10-26,2025-09-01,SPEI12_genlogistic_global_era5_moda_ref1991to2020_202509.nc,1.8284222111105919,0,-0.8674930334091187
050004,San Rafael,2025,GENERALES,2025-10-26,2025-09-01,SPEI12_genlogistic_global_era5_moda_ref1991to2020_202509.nc,7.137617468833923,0.5777518730610609,-0.877419114112854
026001,Escalante,2025,GENERALES,2025-10-26,2025-09-01,SPEI12_genlogistic_global_era5_moda_ref1991to2020_202509.nc,0,0,0.5228654146194458
082003,General López,2025,GENERALES,2025-10-26,2025-09-01,SPEI12_genlogistic_global_era5_moda_ref1991to2020_202509.nc,0,0,-0.37578198313713074
050003,Godoy Cruz,2025,GENERALES,2025-10-26,2025-09-01,SPEI12_genlogistic_global_era5_moda_ref1991to2020_202509.nc,0,0,-1.1302225589752197
074001,La Capital,2025,GENERALES,2025-10-26,2025-09-01,SPEI12_genlogistic_global_era5_moda_ref1991to2020_202509.nc,0.07944651879370213,0,-1.0070650577545166
014004,San Justo,2025,GENERALES,2025-10-26,2025-09-01,SPEI12_genlogistic_global_era5_moda_ref1991to2020_202509.nc,0,0,-0.9683162569999695
050002,Las Heras,2025,GENERALES,2025-10-26,2025-09-01,SPEI12_genlogistic_global_era5_moda_ref1991to2020_202509.nc,27.973413467407227,1.7525287345051765,-1.3929654359817505
006005,Escobar,2025,GENERALES,2025-10-26,2025-09-01,SPEI12_genlogistic_global_era5_moda_ref1991to2020_202509.nc,0,0,-0.5808055996894836
014003,Colón,2025,GENERALES,2025-10-26,2025-09-01,SPEI12_genlogistic_global_era5_moda_ref1991to2020_202509.nc,0,0,-0.8015212416648865
034001,Formosa,2025,GENERALES,2025-10-26,2025-09-01,SPEI12_genlogistic_global_era5_moda_ref1991to2020_202509.nc,0,0,-1.026528000831604
014002,Río Cuarto,2025,GENERALES,2025-10-26,2025-09-01,SPEI12_genlogistic_global_era5_moda_ref1991to2020_202509.nc,0,0,-0.10653766244649887
038001,"Dr. Manuel Belgrano, Palpalá",2025,GENERALES,2025-10-26,2025-09-01,SPEI12_genlogistic_global_era5_moda_ref1991to2020_202509.nc,86.70311570167542,81.98493719100952,-2.2271358966827393
086001,Capital,2025,GENERALES,2025-10-26,2025-09-01,SPEI12_genlogistic_global_era5_moda_ref1991to2020_202509.nc,0,0,-1.3561590909957886
006091,Vicente López,2025,GENERALES,2025-10-26,2025-09-01,SPEI12_genlogistic_global_era5_moda_ref1991to2020_202509.nc,0,0,-0.2867324948310852
050001,Guaymallén,2025,GENERALES,2025-10-26,2025-09-01,SPEI12_genlogistic_global_era5_moda_ref1991to2020_202509.nc,0,0,-0.8762329816818237
006090,San Isidro,2025,GENERALES,2025-10-26,2025-09-01,SPEI12_genlogistic_global_era5_moda_ref1991to2020_202509.nc,0,0,-0.2867324948310852
006004,Bahía Blanca,2025,GENERALES,2025-10-26,2025-09-01,SPEI12_genlogistic_global_era5_moda_ref1991to2020_202509.nc,0,0,-0.020983844995498657
006003,Pilar,2025,GENERALES,2025-10-26,2025-09-01,SPEI12_genlogistic_global_era5_moda_ref1991to2020_202509.nc,0,0,-0.5214427709579468
006089,"Esteban Echeverría, Ezeiza",2025,GENERALES,2025-10-26,2025-09-01,SPEI12_genlogistic_global_era5_moda_ref1991to2020_202509.nc,0,0,-0.48961758613586426
062001,General Roca,2025,GENERALES,2025-10-26,2025-09-01,SPEI12_genlogistic_global_era5_moda_ref1991to2020_202509.nc,0,0,-1.300528645515442
006088,"Hurlingham, Ituzaingo, Morón",2025,GENERALES,2025-10-26,2025-09-01,SPEI12_genlogistic_global_era5_moda_ref1991to2020_202509.nc,0,0,-0.5172510743141174
054001,"Capital, Leandro N. Alem",2025,GENERALES,2025-10-26,2025-09-01,SPEI12_genlogistic_global_era5_moda_ref1991to2020_202509.nc,0,0,-0.9570392370223999
006087,Berazategui,2025,GENERALES,2025-10-26,2025-09-01,SPEI12_genlogistic_global_era5_moda_ref1991to2020_202509.nc,0,0,-0.4010748565196991
006086,"General Sarmiento, Jose C. Paz, Malvinas Argentinas, San Miguel",2025,GENERALES,2025-10-26,2025-09-01,SPEI12_genlogistic_global_era5_moda_ref1991to2020_202509.nc,0,0,-0.4792722463607788
030001,Parana,2025,GENERALES,2025-10-26,2025-09-01,SPEI12_genlogistic_global_era5_moda_ref1991to2020_202509.nc,0,0,-0.9095025658607483
006085,Tres de Febrero,2025,GENERALES,2025-10-26,2025-09-01,SPEI12_genlogistic_global_era5_moda_ref1991to2020_202509.nc,0,0,-0.3344299793243408
006084,Avellaneda,2025,GENERALES,2025-10-26,2025-09-01,SPEI12_genlogistic_global_era5_moda_ref1991to2020_202509.nc,0,0,-0.4500259757041931
018001,Capital,2025,GENERALES,2025-10-26,2025-09-01,SPEI12_genlogistic_global_era5_moda_ref1991to2020_202509.nc,0,0,-0.9153128266334534
058001,Confluencia,2025,GENERALES,2025-10-26,2025-09-01,SPEI12_genlogistic_global_era5_moda_ref1991to2020_202509.nc,80.55887818336487,0,-1.6158602237701416
006083,Tigre,2025,GENERALES,2025-10-26,2025-09-01,SPEI12_genlogistic_global_era5_moda_ref1991to2020_202509.nc,0,0,-0.46372395753860474
022001,San Fernando,2025,GENERALES,2025-10-26,2025-09-01,SPEI12_genlogistic_global_era5_moda_ref1991to2020_202509.nc,0,0,-1.1397894620895386
006082,General San Martín,2025,GENERALES,2025-10-26,2025-09-01,SPEI12_genlogistic_global_era5_moda_ref1991to2020_202509.nc,0,0,-0.2867325246334076
006081,Florencio Varela,2025,GENERALES,2025-10-26,2025-09-01,SPEI12_genlogistic_global_era5_moda_ref1991to2020_202509.nc,0,0,-0.40501704812049866
006080,Moreno,2025,GENERALES,2025-10-26,2025-09-01,SPEI12_genlogistic_global_era5_moda_ref1991to2020_202509.nc,0,0,-0.527758777141571
006079,Lanus,2025,GENERALES,2025-10-26,2025-09-01,SPEI12_genlogistic_global_era5_moda_ref1991to2020_202509.nc,0,0,-0.513679027557373
082002,La Capital,2025,GENERALES,2025-10-26,2025-09-01,SPEI12_genlogistic_global_era5_moda_ref1991to2020_202509.nc,0,0,-1.1010301113128662
066001,Capital,2025,GENERALES,2025-10-26,2025-09-01,SPEI12_genlogistic_global_era5_moda_ref1991to2020_202509.nc,85.5450451374054,48.24991822242737,-2.000016212463379
006078,Merlo,2025,GENERALES,2025-10-26,2025-09-01,SPEI12_genlogistic_global_era5_moda_ref1991to2020_202509.nc,0,0,-0.5944007039070129
006077,Almirante Brown,2025,GENERALES,2025-10-26,2025-09-01,SPEI12_genlogistic_global_era5_moda_ref1991to2020_202509.nc,0,0,-0.4670083522796631
006076,Quilmes,2025,GENERALES,2025-10-26,2025-09-01,SPEI12_genlogistic_global_era5_moda_ref1991to2020_202509.nc,0,0,-0.4392741918563843
006002,General Pueyrredón,2025,GENERALES,2025-10-26,2025-09-01,SPEI12_genlogistic_global_era5_moda_ref1991to2020_202509.nc,0,0,-0.5729610323905945
006075,Lomas de Zamora,2025,GENERALES,2025-10-26,2025-09-01,SPEI12_genlogistic_global_era5_moda_ref1991to2020_202509.nc,0,0,-0.5292016863822937
006001,La Plata,2025,GENERALES,2025-10-26,2025-09-01,SPEI12_genlogistic_global_era5_moda_ref1991to2020_202509.nc,0,0,-0.3220316171646118
002001,City of Buenos Aires,2025,GENERALES,2025-10-26,2025-09-01,SPEI12_genlogistic_global_era5_moda_ref1991to2020_202509.nc,0,0,-0.39326828718185425
090001,"Famaillá, Lules, Capital, Tafí del Valle, Tafí Viajo, Trancas, Yerba Buena",2025,GENERALES,2025-10-26,2025-09-01,SPEI12_genlogistic_global_era5_moda_ref1991to2020_202509.nc,81.1084508895874,37.83069849014282,-1.7954541444778442
082001,Rosario,2025,GENERALES,2025-10-26,2025-09-01,SPEI12_genlogistic_global_era5_moda_ref1991to2020_202509.nc,0,0,-0.7425870895385742
014001,Capital,2025,GENERALES,2025-10-26,2025-09-01,SPEI12_genlogistic_global_era5_moda_ref1991to2020_202509.nc,0,0,-0.3815975487232208
006074,La Matanza,2025,GENERALES,2025-10-26,2025-09-01,SPEI12_genlogistic_global_era5_moda_ref1991to2020_202509.nc,0,0,-0.560124933719635
094002,Ushuaia,2025,GENERALES,2025-10-26,2025-09-01,SPEI12_genlogistic_global_era5_moda_ref1991to2020_202509.nc,0,0,-0.3996262550354004
