archivo,nombre,es_spei12,es_reanalysis_moda,yyyymm,anio_clima,mes_clima
Data Raw/Clima/Drought/SPEI12_genlogistic_global_era5_moda_ref1991to2020_194012.nc,SPEI12_genlogistic_global_era5_moda_ref1991to2020_194012.nc,TRUE,TRUE,194012,1940,12
Data Raw/Clima/Drought/SPEI12_genlogistic_global_era5_moda_ref1991to2020_194101.nc,SPEI12_genlogistic_global_era5_moda_ref1991to2020_194101.nc,TRUE,TRUE,194101,1941,1
Data Raw/Clima/Drought/SPEI12_genlogistic_global_era5_moda_ref1991to2020_194102.nc,SPEI12_genlogistic_global_era5_moda_ref1991to2020_194102.nc,TRUE,TRUE,194102,1941,2
Data Raw/Clima/Drought/SPEI12_genlogistic_global_era5_moda_ref1991to2020_194103.nc,SPEI12_genlogistic_global_era5_moda_ref1991to2020_194103.nc,TRUE,TRUE,194103,1941,3
Data Raw/Clima/Drought/SPEI12_genlogistic_global_era5_moda_ref1991to2020_194104.nc,SPEI12_genlogistic_global_era5_moda_ref1991to2020_194104.nc,TRUE,TRUE,194104,1941,4
Data Raw/Clima/Drought/SPEI12_genlogistic_global_era5_moda_ref1991to2020_194105.nc,SPEI12_genlogistic_global_era5_moda_ref1991to2020_194105.nc,TRUE,TRUE,194105,1941,5
Data Raw/Clima/Drought/SPEI12_genlogistic_global_era5_moda_ref1991to2020_194106.nc,SPEI12_genlogistic_global_era5_moda_ref1991to2020_194106.nc,TRUE,TRUE,194106,1941,6
Data Raw/Clima/Drought/SPEI12_genlogistic_global_era5_moda_ref1991to2020_194107.nc,SPEI12_genlogistic_global_era5_moda_ref1991to2020_194107.nc,TRUE,TRUE,194107,1941,7
Data Raw/Clima/Drought/SPEI12_genlogistic_global_era5_moda_ref1991to2020_194108.nc,SPEI12_genlogistic_global_era5_moda_ref1991to2020_194108.nc,TRUE,TRUE,194108,1941,8
Data Raw/Clima/Drought/SPEI12_genlogistic_global_era5_moda_ref1991to2020_194109.nc,SPEI12_genlogistic_global_era5_moda_ref1991to2020_194109.nc,TRUE,TRUE,194109,1941,9
Data Raw/Clima/Drought/SPEI12_genlogistic_global_era5_moda_ref1991to2020_194110.nc,SPEI12_genlogistic_global_era5_moda_ref1991to2020_194110.nc,TRUE,TRUE,194110,1941,10
Data Raw/Clima/Drought/SPEI12_genlogistic_global_era5_moda_ref1991to2020_194111.nc,SPEI12_genlogistic_global_era5_moda_ref1991to2020_194111.nc,TRUE,TRUE,194111,1941,11
Data Raw/Clima/Drought/SPEI12_genlogistic_global_era5_moda_ref1991to2020_194112.nc,SPEI12_genlogistic_global_era5_moda_ref1991to2020_194112.nc,TRUE,TRUE,194112,1941,12
Data Raw/Clima/Drought/SPEI12_genlogistic_global_era5_moda_ref1991to2020_194201.nc,SPEI12_genlogistic_global_era5_moda_ref1991to2020_194201.nc,TRUE,TRUE,194201,1942,1
Data Raw/Clima/Drought/SPEI12_genlogistic_global_era5_moda_ref1991to2020_194202.nc,SPEI12_genlogistic_global_era5_moda_ref1991to2020_194202.nc,TRUE,TRUE,194202,1942,2
Data Raw/Clima/Drought/SPEI12_genlogistic_global_era5_moda_ref1991to2020_194203.nc,SPEI12_genlogistic_global_era5_moda_ref1991to2020_194203.nc,TRUE,TRUE,194203,1942,3
Data Raw/Clima/Drought/SPEI12_genlogistic_global_era5_moda_ref1991to2020_194204.nc,SPEI12_genlogistic_global_era5_moda_ref1991to2020_194204.nc,TRUE,TRUE,194204,1942,4
Data Raw/Clima/Drought/SPEI12_genlogistic_global_era5_moda_ref1991to2020_194205.nc,SPEI12_genlogistic_global_era5_moda_ref1991to2020_194205.nc,TRUE,TRUE,194205,1942,5
Data Raw/Clima/Drought/SPEI12_genlogistic_global_era5_moda_ref1991to2020_194206.nc,SPEI12_genlogistic_global_era5_moda_ref1991to2020_194206.nc,TRUE,TRUE,194206,1942,6
Data Raw/Clima/Drought/SPEI12_genlogistic_global_era5_moda_ref1991to2020_194207.nc,SPEI12_genlogistic_global_era5_moda_ref1991to2020_194207.nc,TRUE,TRUE,194207,1942,7
Data Raw/Clima/Drought/SPEI12_genlogistic_global_era5_moda_ref1991to2020_194208.nc,SPEI12_genlogistic_global_era5_moda_ref1991to2020_194208.nc,TRUE,TRUE,194208,1942,8
Data Raw/Clima/Drought/SPEI12_genlogistic_global_era5_moda_ref1991to2020_194209.nc,SPEI12_genlogistic_global_era5_moda_ref1991to2020_194209.nc,TRUE,TRUE,194209,1942,9
Data Raw/Clima/Drought/SPEI12_genlogistic_global_era5_moda_ref1991to2020_194210.nc,SPEI12_genlogistic_global_era5_moda_ref1991to2020_194210.nc,TRUE,TRUE,194210,1942,10
Data Raw/Clima/Drought/SPEI12_genlogistic_global_era5_moda_ref1991to2020_194211.nc,SPEI12_genlogistic_global_era5_moda_ref1991to2020_194211.nc,TRUE,TRUE,194211,1942,11
Data Raw/Clima/Drought/SPEI12_genlogistic_global_era5_moda_ref1991to2020_194212.nc,SPEI12_genlogistic_global_era5_moda_ref1991to2020_194212.nc,TRUE,TRUE,194212,1942,12
Data Raw/Clima/Drought/SPEI12_genlogistic_global_era5_moda_ref1991to2020_194301.nc,SPEI12_genlogistic_global_era5_moda_ref1991to2020_194301.nc,TRUE,TRUE,194301,1943,1
Data Raw/Clima/Drought/SPEI12_genlogistic_global_era5_moda_ref1991to2020_194302.nc,SPEI12_genlogistic_global_era5_moda_ref1991to2020_194302.nc,TRUE,TRUE,194302,1943,2
Data Raw/Clima/Drought/SPEI12_genlogistic_global_era5_moda_ref1991to2020_194303.nc,SPEI12_genlogistic_global_era5_moda_ref1991to2020_194303.nc,TRUE,TRUE,194303,1943,3
Data Raw/Clima/Drought/SPEI12_genlogistic_global_era5_moda_ref1991to2020_194304.nc,SPEI12_genlogistic_global_era5_moda_ref1991to2020_194304.nc,TRUE,TRUE,194304,1943,4
Data Raw/Clima/Drought/SPEI12_genlogistic_global_era5_moda_ref1991to2020_194305.nc,SPEI12_genlogistic_global_era5_moda_ref1991to2020_194305.nc,TRUE,TRUE,194305,1943,5
Data Raw/Clima/Drought/SPEI12_genlogistic_global_era5_moda_ref1991to2020_194306.nc,SPEI12_genlogistic_global_era5_moda_ref1991to2020_194306.nc,TRUE,TRUE,194306,1943,6
Data Raw/Clima/Drought/SPEI12_genlogistic_global_era5_moda_ref1991to2020_194307.nc,SPEI12_genlogistic_global_era5_moda_ref1991to2020_194307.nc,TRUE,TRUE,194307,1943,7
Data Raw/Clima/Drought/SPEI12_genlogistic_global_era5_moda_ref1991to2020_194308.nc,SPEI12_genlogistic_global_era5_moda_ref1991to2020_194308.nc,TRUE,TRUE,194308,1943,8
Data Raw/Clima/Drought/SPEI12_genlogistic_global_era5_moda_ref1991to2020_194309.nc,SPEI12_genlogistic_global_era5_moda_ref1991to2020_194309.nc,TRUE,TRUE,194309,1943,9
Data Raw/Clima/Drought/SPEI12_genlogistic_global_era5_moda_ref1991to2020_194310.nc,SPEI12_genlogistic_global_era5_moda_ref1991to2020_194310.nc,TRUE,TRUE,194310,1943,10
Data Raw/Clima/Drought/SPEI12_genlogistic_global_era5_moda_ref1991to2020_194311.nc,SPEI12_genlogistic_global_era5_moda_ref1991to2020_194311.nc,TRUE,TRUE,194311,1943,11
Data Raw/Clima/Drought/SPEI12_genlogistic_global_era5_moda_ref1991to2020_194312.nc,SPEI12_genlogistic_global_era5_moda_ref1991to2020_194312.nc,TRUE,TRUE,194312,1943,12
Data Raw/Clima/Drought/SPEI12_genlogistic_global_era5_moda_ref1991to2020_194401.nc,SPEI12_genlogistic_global_era5_moda_ref1991to2020_194401.nc,TRUE,TRUE,194401,1944,1
Data Raw/Clima/Drought/SPEI12_genlogistic_global_era5_moda_ref1991to2020_194402.nc,SPEI12_genlogistic_global_era5_moda_ref1991to2020_194402.nc,TRUE,TRUE,194402,1944,2
Data Raw/Clima/Drought/SPEI12_genlogistic_global_era5_moda_ref1991to2020_194403.nc,SPEI12_genlogistic_global_era5_moda_ref1991to2020_194403.nc,TRUE,TRUE,194403,1944,3
Data Raw/Clima/Drought/SPEI12_genlogistic_global_era5_moda_ref1991to2020_194404.nc,SPEI12_genlogistic_global_era5_moda_ref1991to2020_194404.nc,TRUE,TRUE,194404,1944,4
Data Raw/Clima/Drought/SPEI12_genlogistic_global_era5_moda_ref1991to2020_194405.nc,SPEI12_genlogistic_global_era5_moda_ref1991to2020_194405.nc,TRUE,TRUE,194405,1944,5
Data Raw/Clima/Drought/SPEI12_genlogistic_global_era5_moda_ref1991to2020_194406.nc,SPEI12_genlogistic_global_era5_moda_ref1991to2020_194406.nc,TRUE,TRUE,194406,1944,6
Data Raw/Clima/Drought/SPEI12_genlogistic_global_era5_moda_ref1991to2020_194407.nc,SPEI12_genlogistic_global_era5_moda_ref1991to2020_194407.nc,TRUE,TRUE,194407,1944,7
Data Raw/Clima/Drought/SPEI12_genlogistic_global_era5_moda_ref1991to2020_194408.nc,SPEI12_genlogistic_global_era5_moda_ref1991to2020_194408.nc,TRUE,TRUE,194408,1944,8
Data Raw/Clima/Drought/SPEI12_genlogistic_global_era5_moda_ref1991to2020_194409.nc,SPEI12_genlogistic_global_era5_moda_ref1991to2020_194409.nc,TRUE,TRUE,194409,1944,9
Data Raw/Clima/Drought/SPEI12_genlogistic_global_era5_moda_ref1991to2020_194410.nc,SPEI12_genlogistic_global_era5_moda_ref1991to2020_194410.nc,TRUE,TRUE,194410,1944,10
Data Raw/Clima/Drought/SPEI12_genlogistic_global_era5_moda_ref1991to2020_194411.nc,SPEI12_genlogistic_global_era5_moda_ref1991to2020_194411.nc,TRUE,TRUE,194411,1944,11
Data Raw/Clima/Drought/SPEI12_genlogistic_global_era5_moda_ref1991to2020_194412.nc,SPEI12_genlogistic_global_era5_moda_ref1991to2020_194412.nc,TRUE,TRUE,194412,1944,12
Data Raw/Clima/Drought/SPEI12_genlogistic_global_era5_moda_ref1991to2020_194501.nc,SPEI12_genlogistic_global_era5_moda_ref1991to2020_194501.nc,TRUE,TRUE,194501,1945,1
Data Raw/Clima/Drought/SPEI12_genlogistic_global_era5_moda_ref1991to2020_194502.nc,SPEI12_genlogistic_global_era5_moda_ref1991to2020_194502.nc,TRUE,TRUE,194502,1945,2
Data Raw/Clima/Drought/SPEI12_genlogistic_global_era5_moda_ref1991to2020_194503.nc,SPEI12_genlogistic_global_era5_moda_ref1991to2020_194503.nc,TRUE,TRUE,194503,1945,3
Data Raw/Clima/Drought/SPEI12_genlogistic_global_era5_moda_ref1991to2020_194504.nc,SPEI12_genlogistic_global_era5_moda_ref1991to2020_194504.nc,TRUE,TRUE,194504,1945,4
Data Raw/Clima/Drought/SPEI12_genlogistic_global_era5_moda_ref1991to2020_194505.nc,SPEI12_genlogistic_global_era5_moda_ref1991to2020_194505.nc,TRUE,TRUE,194505,1945,5
Data Raw/Clima/Drought/SPEI12_genlogistic_global_era5_moda_ref1991to2020_194506.nc,SPEI12_genlogistic_global_era5_moda_ref1991to2020_194506.nc,TRUE,TRUE,194506,1945,6
Data Raw/Clima/Drought/SPEI12_genlogistic_global_era5_moda_ref1991to2020_194507.nc,SPEI12_genlogistic_global_era5_moda_ref1991to2020_194507.nc,TRUE,TRUE,194507,1945,7
Data Raw/Clima/Drought/SPEI12_genlogistic_global_era5_moda_ref1991to2020_194508.nc,SPEI12_genlogistic_global_era5_moda_ref1991to2020_194508.nc,TRUE,TRUE,194508,1945,8
Data Raw/Clima/Drought/SPEI12_genlogistic_global_era5_moda_ref1991to2020_194509.nc,SPEI12_genlogistic_global_era5_moda_ref1991to2020_194509.nc,TRUE,TRUE,194509,1945,9
Data Raw/Clima/Drought/SPEI12_genlogistic_global_era5_moda_ref1991to2020_194510.nc,SPEI12_genlogistic_global_era5_moda_ref1991to2020_194510.nc,TRUE,TRUE,194510,1945,10
Data Raw/Clima/Drought/SPEI12_genlogistic_global_era5_moda_ref1991to2020_194511.nc,SPEI12_genlogistic_global_era5_moda_ref1991to2020_194511.nc,TRUE,TRUE,194511,1945,11
Data Raw/Clima/Drought/SPEI12_genlogistic_global_era5_moda_ref1991to2020_194512.nc,SPEI12_genlogistic_global_era5_moda_ref1991to2020_194512.nc,TRUE,TRUE,194512,1945,12
Data Raw/Clima/Drought/SPEI12_genlogistic_global_era5_moda_ref1991to2020_194601.nc,SPEI12_genlogistic_global_era5_moda_ref1991to2020_194601.nc,TRUE,TRUE,194601,1946,1
Data Raw/Clima/Drought/SPEI12_genlogistic_global_era5_moda_ref1991to2020_194602.nc,SPEI12_genlogistic_global_era5_moda_ref1991to2020_194602.nc,TRUE,TRUE,194602,1946,2
Data Raw/Clima/Drought/SPEI12_genlogistic_global_era5_moda_ref1991to2020_194603.nc,SPEI12_genlogistic_global_era5_moda_ref1991to2020_194603.nc,TRUE,TRUE,194603,1946,3
Data Raw/Clima/Drought/SPEI12_genlogistic_global_era5_moda_ref1991to2020_194604.nc,SPEI12_genlogistic_global_era5_moda_ref1991to2020_194604.nc,TRUE,TRUE,194604,1946,4
Data Raw/Clima/Drought/SPEI12_genlogistic_global_era5_moda_ref1991to2020_194605.nc,SPEI12_genlogistic_global_era5_moda_ref1991to2020_194605.nc,TRUE,TRUE,194605,1946,5
Data Raw/Clima/Drought/SPEI12_genlogistic_global_era5_moda_ref1991to2020_194606.nc,SPEI12_genlogistic_global_era5_moda_ref1991to2020_194606.nc,TRUE,TRUE,194606,1946,6
Data Raw/Clima/Drought/SPEI12_genlogistic_global_era5_moda_ref1991to2020_194607.nc,SPEI12_genlogistic_global_era5_moda_ref1991to2020_194607.nc,TRUE,TRUE,194607,1946,7
Data Raw/Clima/Drought/SPEI12_genlogistic_global_era5_moda_ref1991to2020_194608.nc,SPEI12_genlogistic_global_era5_moda_ref1991to2020_194608.nc,TRUE,TRUE,194608,1946,8
Data Raw/Clima/Drought/SPEI12_genlogistic_global_era5_moda_ref1991to2020_194609.nc,SPEI12_genlogistic_global_era5_moda_ref1991to2020_194609.nc,TRUE,TRUE,194609,1946,9
Data Raw/Clima/Drought/SPEI12_genlogistic_global_era5_moda_ref1991to2020_194610.nc,SPEI12_genlogistic_global_era5_moda_ref1991to2020_194610.nc,TRUE,TRUE,194610,1946,10
Data Raw/Clima/Drought/SPEI12_genlogistic_global_era5_moda_ref1991to2020_194611.nc,SPEI12_genlogistic_global_era5_moda_ref1991to2020_194611.nc,TRUE,TRUE,194611,1946,11
Data Raw/Clima/Drought/SPEI12_genlogistic_global_era5_moda_ref1991to2020_194612.nc,SPEI12_genlogistic_global_era5_moda_ref1991to2020_194612.nc,TRUE,TRUE,194612,1946,12
Data Raw/Clima/Drought/SPEI12_genlogistic_global_era5_moda_ref1991to2020_194701.nc,SPEI12_genlogistic_global_era5_moda_ref1991to2020_194701.nc,TRUE,TRUE,194701,1947,1
Data Raw/Clima/Drought/SPEI12_genlogistic_global_era5_moda_ref1991to2020_194702.nc,SPEI12_genlogistic_global_era5_moda_ref1991to2020_194702.nc,TRUE,TRUE,194702,1947,2
Data Raw/Clima/Drought/SPEI12_genlogistic_global_era5_moda_ref1991to2020_194703.nc,SPEI12_genlogistic_global_era5_moda_ref1991to2020_194703.nc,TRUE,TRUE,194703,1947,3
Data Raw/Clima/Drought/SPEI12_genlogistic_global_era5_moda_ref1991to2020_194704.nc,SPEI12_genlogistic_global_era5_moda_ref1991to2020_194704.nc,TRUE,TRUE,194704,1947,4
Data Raw/Clima/Drought/SPEI12_genlogistic_global_era5_moda_ref1991to2020_194705.nc,SPEI12_genlogistic_global_era5_moda_ref1991to2020_194705.nc,TRUE,TRUE,194705,1947,5
Data Raw/Clima/Drought/SPEI12_genlogistic_global_era5_moda_ref1991to2020_194706.nc,SPEI12_genlogistic_global_era5_moda_ref1991to2020_194706.nc,TRUE,TRUE,194706,1947,6
Data Raw/Clima/Drought/SPEI12_genlogistic_global_era5_moda_ref1991to2020_194707.nc,SPEI12_genlogistic_global_era5_moda_ref1991to2020_194707.nc,TRUE,TRUE,194707,1947,7
Data Raw/Clima/Drought/SPEI12_genlogistic_global_era5_moda_ref1991to2020_194708.nc,SPEI12_genlogistic_global_era5_moda_ref1991to2020_194708.nc,TRUE,TRUE,194708,1947,8
Data Raw/Clima/Drought/SPEI12_genlogistic_global_era5_moda_ref1991to2020_194709.nc,SPEI12_genlogistic_global_era5_moda_ref1991to2020_194709.nc,TRUE,TRUE,194709,1947,9
Data Raw/Clima/Drought/SPEI12_genlogistic_global_era5_moda_ref1991to2020_194710.nc,SPEI12_genlogistic_global_era5_moda_ref1991to2020_194710.nc,TRUE,TRUE,194710,1947,10
Data Raw/Clima/Drought/SPEI12_genlogistic_global_era5_moda_ref1991to2020_194711.nc,SPEI12_genlogistic_global_era5_moda_ref1991to2020_194711.nc,TRUE,TRUE,194711,1947,11
Data Raw/Clima/Drought/SPEI12_genlogistic_global_era5_moda_ref1991to2020_194712.nc,SPEI12_genlogistic_global_era5_moda_ref1991to2020_194712.nc,TRUE,TRUE,194712,1947,12
Data Raw/Clima/Drought/SPEI12_genlogistic_global_era5_moda_ref1991to2020_194801.nc,SPEI12_genlogistic_global_era5_moda_ref1991to2020_194801.nc,TRUE,TRUE,194801,1948,1
Data Raw/Clima/Drought/SPEI12_genlogistic_global_era5_moda_ref1991to2020_194802.nc,SPEI12_genlogistic_global_era5_moda_ref1991to2020_194802.nc,TRUE,TRUE,194802,1948,2
Data Raw/Clima/Drought/SPEI12_genlogistic_global_era5_moda_ref1991to2020_194803.nc,SPEI12_genlogistic_global_era5_moda_ref1991to2020_194803.nc,TRUE,TRUE,194803,1948,3
Data Raw/Clima/Drought/SPEI12_genlogistic_global_era5_moda_ref1991to2020_194804.nc,SPEI12_genlogistic_global_era5_moda_ref1991to2020_194804.nc,TRUE,TRUE,194804,1948,4
Data Raw/Clima/Drought/SPEI12_genlogistic_global_era5_moda_ref1991to2020_194805.nc,SPEI12_genlogistic_global_era5_moda_ref1991to2020_194805.nc,TRUE,TRUE,194805,1948,5
Data Raw/Clima/Drought/SPEI12_genlogistic_global_era5_moda_ref1991to2020_194806.nc,SPEI12_genlogistic_global_era5_moda_ref1991to2020_194806.nc,TRUE,TRUE,194806,1948,6
Data Raw/Clima/Drought/SPEI12_genlogistic_global_era5_moda_ref1991to2020_194807.nc,SPEI12_genlogistic_global_era5_moda_ref1991to2020_194807.nc,TRUE,TRUE,194807,1948,7
Data Raw/Clima/Drought/SPEI12_genlogistic_global_era5_moda_ref1991to2020_194808.nc,SPEI12_genlogistic_global_era5_moda_ref1991to2020_194808.nc,TRUE,TRUE,194808,1948,8
Data Raw/Clima/Drought/SPEI12_genlogistic_global_era5_moda_ref1991to2020_194809.nc,SPEI12_genlogistic_global_era5_moda_ref1991to2020_194809.nc,TRUE,TRUE,194809,1948,9
Data Raw/Clima/Drought/SPEI12_genlogistic_global_era5_moda_ref1991to2020_194810.nc,SPEI12_genlogistic_global_era5_moda_ref1991to2020_194810.nc,TRUE,TRUE,194810,1948,10
Data Raw/Clima/Drought/SPEI12_genlogistic_global_era5_moda_ref1991to2020_194811.nc,SPEI12_genlogistic_global_era5_moda_ref1991to2020_194811.nc,TRUE,TRUE,194811,1948,11
Data Raw/Clima/Drought/SPEI12_genlogistic_global_era5_moda_ref1991to2020_194812.nc,SPEI12_genlogistic_global_era5_moda_ref1991to2020_194812.nc,TRUE,TRUE,194812,1948,12
Data Raw/Clima/Drought/SPEI12_genlogistic_global_era5_moda_ref1991to2020_194901.nc,SPEI12_genlogistic_global_era5_moda_ref1991to2020_194901.nc,TRUE,TRUE,194901,1949,1
Data Raw/Clima/Drought/SPEI12_genlogistic_global_era5_moda_ref1991to2020_194902.nc,SPEI12_genlogistic_global_era5_moda_ref1991to2020_194902.nc,TRUE,TRUE,194902,1949,2
Data Raw/Clima/Drought/SPEI12_genlogistic_global_era5_moda_ref1991to2020_194903.nc,SPEI12_genlogistic_global_era5_moda_ref1991to2020_194903.nc,TRUE,TRUE,194903,1949,3
Data Raw/Clima/Drought/SPEI12_genlogistic_global_era5_moda_ref1991to2020_194904.nc,SPEI12_genlogistic_global_era5_moda_ref1991to2020_194904.nc,TRUE,TRUE,194904,1949,4
Data Raw/Clima/Drought/SPEI12_genlogistic_global_era5_moda_ref1991to2020_194905.nc,SPEI12_genlogistic_global_era5_moda_ref1991to2020_194905.nc,TRUE,TRUE,194905,1949,5
Data Raw/Clima/Drought/SPEI12_genlogistic_global_era5_moda_ref1991to2020_194906.nc,SPEI12_genlogistic_global_era5_moda_ref1991to2020_194906.nc,TRUE,TRUE,194906,1949,6
Data Raw/Clima/Drought/SPEI12_genlogistic_global_era5_moda_ref1991to2020_194907.nc,SPEI12_genlogistic_global_era5_moda_ref1991to2020_194907.nc,TRUE,TRUE,194907,1949,7
Data Raw/Clima/Drought/SPEI12_genlogistic_global_era5_moda_ref1991to2020_194908.nc,SPEI12_genlogistic_global_era5_moda_ref1991to2020_194908.nc,TRUE,TRUE,194908,1949,8
Data Raw/Clima/Drought/SPEI12_genlogistic_global_era5_moda_ref1991to2020_194909.nc,SPEI12_genlogistic_global_era5_moda_ref1991to2020_194909.nc,TRUE,TRUE,194909,1949,9
Data Raw/Clima/Drought/SPEI12_genlogistic_global_era5_moda_ref1991to2020_194910.nc,SPEI12_genlogistic_global_era5_moda_ref1991to2020_194910.nc,TRUE,TRUE,194910,1949,10
Data Raw/Clima/Drought/SPEI12_genlogistic_global_era5_moda_ref1991to2020_194911.nc,SPEI12_genlogistic_global_era5_moda_ref1991to2020_194911.nc,TRUE,TRUE,194911,1949,11
Data Raw/Clima/Drought/SPEI12_genlogistic_global_era5_moda_ref1991to2020_194912.nc,SPEI12_genlogistic_global_era5_moda_ref1991to2020_194912.nc,TRUE,TRUE,194912,1949,12
Data Raw/Clima/Drought/SPEI12_genlogistic_global_era5_moda_ref1991to2020_195001.nc,SPEI12_genlogistic_global_era5_moda_ref1991to2020_195001.nc,TRUE,TRUE,195001,1950,1
Data Raw/Clima/Drought/SPEI12_genlogistic_global_era5_moda_ref1991to2020_195002.nc,SPEI12_genlogistic_global_era5_moda_ref1991to2020_195002.nc,TRUE,TRUE,195002,1950,2
Data Raw/Clima/Drought/SPEI12_genlogistic_global_era5_moda_ref1991to2020_195003.nc,SPEI12_genlogistic_global_era5_moda_ref1991to2020_195003.nc,TRUE,TRUE,195003,1950,3
Data Raw/Clima/Drought/SPEI12_genlogistic_global_era5_moda_ref1991to2020_195004.nc,SPEI12_genlogistic_global_era5_moda_ref1991to2020_195004.nc,TRUE,TRUE,195004,1950,4
Data Raw/Clima/Drought/SPEI12_genlogistic_global_era5_moda_ref1991to2020_195005.nc,SPEI12_genlogistic_global_era5_moda_ref1991to2020_195005.nc,TRUE,TRUE,195005,1950,5
Data Raw/Clima/Drought/SPEI12_genlogistic_global_era5_moda_ref1991to2020_195006.nc,SPEI12_genlogistic_global_era5_moda_ref1991to2020_195006.nc,TRUE,TRUE,195006,1950,6
Data Raw/Clima/Drought/SPEI12_genlogistic_global_era5_moda_ref1991to2020_195007.nc,SPEI12_genlogistic_global_era5_moda_ref1991to2020_195007.nc,TRUE,TRUE,195007,1950,7
Data Raw/Clima/Drought/SPEI12_genlogistic_global_era5_moda_ref1991to2020_195008.nc,SPEI12_genlogistic_global_era5_moda_ref1991to2020_195008.nc,TRUE,TRUE,195008,1950,8
Data Raw/Clima/Drought/SPEI12_genlogistic_global_era5_moda_ref1991to2020_195009.nc,SPEI12_genlogistic_global_era5_moda_ref1991to2020_195009.nc,TRUE,TRUE,195009,1950,9
Data Raw/Clima/Drought/SPEI12_genlogistic_global_era5_moda_ref1991to2020_195010.nc,SPEI12_genlogistic_global_era5_moda_ref1991to2020_195010.nc,TRUE,TRUE,195010,1950,10
Data Raw/Clima/Drought/SPEI12_genlogistic_global_era5_moda_ref1991to2020_195011.nc,SPEI12_genlogistic_global_era5_moda_ref1991to2020_195011.nc,TRUE,TRUE,195011,1950,11
Data Raw/Clima/Drought/SPEI12_genlogistic_global_era5_moda_ref1991to2020_195012.nc,SPEI12_genlogistic_global_era5_moda_ref1991to2020_195012.nc,TRUE,TRUE,195012,1950,12
Data Raw/Clima/Drought/SPEI12_genlogistic_global_era5_moda_ref1991to2020_195101.nc,SPEI12_genlogistic_global_era5_moda_ref1991to2020_195101.nc,TRUE,TRUE,195101,1951,1
Data Raw/Clima/Drought/SPEI12_genlogistic_global_era5_moda_ref1991to2020_195102.nc,SPEI12_genlogistic_global_era5_moda_ref1991to2020_195102.nc,TRUE,TRUE,195102,1951,2
Data Raw/Clima/Drought/SPEI12_genlogistic_global_era5_moda_ref1991to2020_195103.nc,SPEI12_genlogistic_global_era5_moda_ref1991to2020_195103.nc,TRUE,TRUE,195103,1951,3
Data Raw/Clima/Drought/SPEI12_genlogistic_global_era5_moda_ref1991to2020_195104.nc,SPEI12_genlogistic_global_era5_moda_ref1991to2020_195104.nc,TRUE,TRUE,195104,1951,4
Data Raw/Clima/Drought/SPEI12_genlogistic_global_era5_moda_ref1991to2020_195105.nc,SPEI12_genlogistic_global_era5_moda_ref1991to2020_195105.nc,TRUE,TRUE,195105,1951,5
Data Raw/Clima/Drought/SPEI12_genlogistic_global_era5_moda_ref1991to2020_195106.nc,SPEI12_genlogistic_global_era5_moda_ref1991to2020_195106.nc,TRUE,TRUE,195106,1951,6
Data Raw/Clima/Drought/SPEI12_genlogistic_global_era5_moda_ref1991to2020_195107.nc,SPEI12_genlogistic_global_era5_moda_ref1991to2020_195107.nc,TRUE,TRUE,195107,1951,7
Data Raw/Clima/Drought/SPEI12_genlogistic_global_era5_moda_ref1991to2020_195108.nc,SPEI12_genlogistic_global_era5_moda_ref1991to2020_195108.nc,TRUE,TRUE,195108,1951,8
Data Raw/Clima/Drought/SPEI12_genlogistic_global_era5_moda_ref1991to2020_195109.nc,SPEI12_genlogistic_global_era5_moda_ref1991to2020_195109.nc,TRUE,TRUE,195109,1951,9
Data Raw/Clima/Drought/SPEI12_genlogistic_global_era5_moda_ref1991to2020_195110.nc,SPEI12_genlogistic_global_era5_moda_ref1991to2020_195110.nc,TRUE,TRUE,195110,1951,10
Data Raw/Clima/Drought/SPEI12_genlogistic_global_era5_moda_ref1991to2020_195111.nc,SPEI12_genlogistic_global_era5_moda_ref1991to2020_195111.nc,TRUE,TRUE,195111,1951,11
Data Raw/Clima/Drought/SPEI12_genlogistic_global_era5_moda_ref1991to2020_195112.nc,SPEI12_genlogistic_global_era5_moda_ref1991to2020_195112.nc,TRUE,TRUE,195112,1951,12
Data Raw/Clima/Drought/SPEI12_genlogistic_global_era5_moda_ref1991to2020_195201.nc,SPEI12_genlogistic_global_era5_moda_ref1991to2020_195201.nc,TRUE,TRUE,195201,1952,1
Data Raw/Clima/Drought/SPEI12_genlogistic_global_era5_moda_ref1991to2020_195202.nc,SPEI12_genlogistic_global_era5_moda_ref1991to2020_195202.nc,TRUE,TRUE,195202,1952,2
Data Raw/Clima/Drought/SPEI12_genlogistic_global_era5_moda_ref1991to2020_195203.nc,SPEI12_genlogistic_global_era5_moda_ref1991to2020_195203.nc,TRUE,TRUE,195203,1952,3
Data Raw/Clima/Drought/SPEI12_genlogistic_global_era5_moda_ref1991to2020_195204.nc,SPEI12_genlogistic_global_era5_moda_ref1991to2020_195204.nc,TRUE,TRUE,195204,1952,4
Data Raw/Clima/Drought/SPEI12_genlogistic_global_era5_moda_ref1991to2020_195205.nc,SPEI12_genlogistic_global_era5_moda_ref1991to2020_195205.nc,TRUE,TRUE,195205,1952,5
Data Raw/Clima/Drought/SPEI12_genlogistic_global_era5_moda_ref1991to2020_195206.nc,SPEI12_genlogistic_global_era5_moda_ref1991to2020_195206.nc,TRUE,TRUE,195206,1952,6
Data Raw/Clima/Drought/SPEI12_genlogistic_global_era5_moda_ref1991to2020_195207.nc,SPEI12_genlogistic_global_era5_moda_ref1991to2020_195207.nc,TRUE,TRUE,195207,1952,7
Data Raw/Clima/Drought/SPEI12_genlogistic_global_era5_moda_ref1991to2020_195208.nc,SPEI12_genlogistic_global_era5_moda_ref1991to2020_195208.nc,TRUE,TRUE,195208,1952,8
Data Raw/Clima/Drought/SPEI12_genlogistic_global_era5_moda_ref1991to2020_195209.nc,SPEI12_genlogistic_global_era5_moda_ref1991to2020_195209.nc,TRUE,TRUE,195209,1952,9
Data Raw/Clima/Drought/SPEI12_genlogistic_global_era5_moda_ref1991to2020_195210.nc,SPEI12_genlogistic_global_era5_moda_ref1991to2020_195210.nc,TRUE,TRUE,195210,1952,10
Data Raw/Clima/Drought/SPEI12_genlogistic_global_era5_moda_ref1991to2020_195211.nc,SPEI12_genlogistic_global_era5_moda_ref1991to2020_195211.nc,TRUE,TRUE,195211,1952,11
Data Raw/Clima/Drought/SPEI12_genlogistic_global_era5_moda_ref1991to2020_195212.nc,SPEI12_genlogistic_global_era5_moda_ref1991to2020_195212.nc,TRUE,TRUE,195212,1952,12
Data Raw/Clima/Drought/SPEI12_genlogistic_global_era5_moda_ref1991to2020_195301.nc,SPEI12_genlogistic_global_era5_moda_ref1991to2020_195301.nc,TRUE,TRUE,195301,1953,1
Data Raw/Clima/Drought/SPEI12_genlogistic_global_era5_moda_ref1991to2020_195302.nc,SPEI12_genlogistic_global_era5_moda_ref1991to2020_195302.nc,TRUE,TRUE,195302,1953,2
Data Raw/Clima/Drought/SPEI12_genlogistic_global_era5_moda_ref1991to2020_195303.nc,SPEI12_genlogistic_global_era5_moda_ref1991to2020_195303.nc,TRUE,TRUE,195303,1953,3
Data Raw/Clima/Drought/SPEI12_genlogistic_global_era5_moda_ref1991to2020_195304.nc,SPEI12_genlogistic_global_era5_moda_ref1991to2020_195304.nc,TRUE,TRUE,195304,1953,4
Data Raw/Clima/Drought/SPEI12_genlogistic_global_era5_moda_ref1991to2020_195305.nc,SPEI12_genlogistic_global_era5_moda_ref1991to2020_195305.nc,TRUE,TRUE,195305,1953,5
Data Raw/Clima/Drought/SPEI12_genlogistic_global_era5_moda_ref1991to2020_195306.nc,SPEI12_genlogistic_global_era5_moda_ref1991to2020_195306.nc,TRUE,TRUE,195306,1953,6
Data Raw/Clima/Drought/SPEI12_genlogistic_global_era5_moda_ref1991to2020_195307.nc,SPEI12_genlogistic_global_era5_moda_ref1991to2020_195307.nc,TRUE,TRUE,195307,1953,7
Data Raw/Clima/Drought/SPEI12_genlogistic_global_era5_moda_ref1991to2020_195308.nc,SPEI12_genlogistic_global_era5_moda_ref1991to2020_195308.nc,TRUE,TRUE,195308,1953,8
Data Raw/Clima/Drought/SPEI12_genlogistic_global_era5_moda_ref1991to2020_195309.nc,SPEI12_genlogistic_global_era5_moda_ref1991to2020_195309.nc,TRUE,TRUE,195309,1953,9
Data Raw/Clima/Drought/SPEI12_genlogistic_global_era5_moda_ref1991to2020_195310.nc,SPEI12_genlogistic_global_era5_moda_ref1991to2020_195310.nc,TRUE,TRUE,195310,1953,10
Data Raw/Clima/Drought/SPEI12_genlogistic_global_era5_moda_ref1991to2020_195311.nc,SPEI12_genlogistic_global_era5_moda_ref1991to2020_195311.nc,TRUE,TRUE,195311,1953,11
Data Raw/Clima/Drought/SPEI12_genlogistic_global_era5_moda_ref1991to2020_195312.nc,SPEI12_genlogistic_global_era5_moda_ref1991to2020_195312.nc,TRUE,TRUE,195312,1953,12
Data Raw/Clima/Drought/SPEI12_genlogistic_global_era5_moda_ref1991to2020_195401.nc,SPEI12_genlogistic_global_era5_moda_ref1991to2020_195401.nc,TRUE,TRUE,195401,1954,1
Data Raw/Clima/Drought/SPEI12_genlogistic_global_era5_moda_ref1991to2020_195402.nc,SPEI12_genlogistic_global_era5_moda_ref1991to2020_195402.nc,TRUE,TRUE,195402,1954,2
Data Raw/Clima/Drought/SPEI12_genlogistic_global_era5_moda_ref1991to2020_195403.nc,SPEI12_genlogistic_global_era5_moda_ref1991to2020_195403.nc,TRUE,TRUE,195403,1954,3
Data Raw/Clima/Drought/SPEI12_genlogistic_global_era5_moda_ref1991to2020_195404.nc,SPEI12_genlogistic_global_era5_moda_ref1991to2020_195404.nc,TRUE,TRUE,195404,1954,4
Data Raw/Clima/Drought/SPEI12_genlogistic_global_era5_moda_ref1991to2020_195405.nc,SPEI12_genlogistic_global_era5_moda_ref1991to2020_195405.nc,TRUE,TRUE,195405,1954,5
Data Raw/Clima/Drought/SPEI12_genlogistic_global_era5_moda_ref1991to2020_195406.nc,SPEI12_genlogistic_global_era5_moda_ref1991to2020_195406.nc,TRUE,TRUE,195406,1954,6
Data Raw/Clima/Drought/SPEI12_genlogistic_global_era5_moda_ref1991to2020_195407.nc,SPEI12_genlogistic_global_era5_moda_ref1991to2020_195407.nc,TRUE,TRUE,195407,1954,7
Data Raw/Clima/Drought/SPEI12_genlogistic_global_era5_moda_ref1991to2020_195408.nc,SPEI12_genlogistic_global_era5_moda_ref1991to2020_195408.nc,TRUE,TRUE,195408,1954,8
Data Raw/Clima/Drought/SPEI12_genlogistic_global_era5_moda_ref1991to2020_195409.nc,SPEI12_genlogistic_global_era5_moda_ref1991to2020_195409.nc,TRUE,TRUE,195409,1954,9
Data Raw/Clima/Drought/SPEI12_genlogistic_global_era5_moda_ref1991to2020_195410.nc,SPEI12_genlogistic_global_era5_moda_ref1991to2020_195410.nc,TRUE,TRUE,195410,1954,10
Data Raw/Clima/Drought/SPEI12_genlogistic_global_era5_moda_ref1991to2020_195411.nc,SPEI12_genlogistic_global_era5_moda_ref1991to2020_195411.nc,TRUE,TRUE,195411,1954,11
Data Raw/Clima/Drought/SPEI12_genlogistic_global_era5_moda_ref1991to2020_195412.nc,SPEI12_genlogistic_global_era5_moda_ref1991to2020_195412.nc,TRUE,TRUE,195412,1954,12
Data Raw/Clima/Drought/SPEI12_genlogistic_global_era5_moda_ref1991to2020_195501.nc,SPEI12_genlogistic_global_era5_moda_ref1991to2020_195501.nc,TRUE,TRUE,195501,1955,1
Data Raw/Clima/Drought/SPEI12_genlogistic_global_era5_moda_ref1991to2020_195502.nc,SPEI12_genlogistic_global_era5_moda_ref1991to2020_195502.nc,TRUE,TRUE,195502,1955,2
Data Raw/Clima/Drought/SPEI12_genlogistic_global_era5_moda_ref1991to2020_195503.nc,SPEI12_genlogistic_global_era5_moda_ref1991to2020_195503.nc,TRUE,TRUE,195503,1955,3
Data Raw/Clima/Drought/SPEI12_genlogistic_global_era5_moda_ref1991to2020_195504.nc,SPEI12_genlogistic_global_era5_moda_ref1991to2020_195504.nc,TRUE,TRUE,195504,1955,4
Data Raw/Clima/Drought/SPEI12_genlogistic_global_era5_moda_ref1991to2020_195505.nc,SPEI12_genlogistic_global_era5_moda_ref1991to2020_195505.nc,TRUE,TRUE,195505,1955,5
Data Raw/Clima/Drought/SPEI12_genlogistic_global_era5_moda_ref1991to2020_195506.nc,SPEI12_genlogistic_global_era5_moda_ref1991to2020_195506.nc,TRUE,TRUE,195506,1955,6
Data Raw/Clima/Drought/SPEI12_genlogistic_global_era5_moda_ref1991to2020_195507.nc,SPEI12_genlogistic_global_era5_moda_ref1991to2020_195507.nc,TRUE,TRUE,195507,1955,7
Data Raw/Clima/Drought/SPEI12_genlogistic_global_era5_moda_ref1991to2020_195508.nc,SPEI12_genlogistic_global_era5_moda_ref1991to2020_195508.nc,TRUE,TRUE,195508,1955,8
Data Raw/Clima/Drought/SPEI12_genlogistic_global_era5_moda_ref1991to2020_195509.nc,SPEI12_genlogistic_global_era5_moda_ref1991to2020_195509.nc,TRUE,TRUE,195509,1955,9
Data Raw/Clima/Drought/SPEI12_genlogistic_global_era5_moda_ref1991to2020_195510.nc,SPEI12_genlogistic_global_era5_moda_ref1991to2020_195510.nc,TRUE,TRUE,195510,1955,10
Data Raw/Clima/Drought/SPEI12_genlogistic_global_era5_moda_ref1991to2020_195511.nc,SPEI12_genlogistic_global_era5_moda_ref1991to2020_195511.nc,TRUE,TRUE,195511,1955,11
Data Raw/Clima/Drought/SPEI12_genlogistic_global_era5_moda_ref1991to2020_195512.nc,SPEI12_genlogistic_global_era5_moda_ref1991to2020_195512.nc,TRUE,TRUE,195512,1955,12
Data Raw/Clima/Drought/SPEI12_genlogistic_global_era5_moda_ref1991to2020_195601.nc,SPEI12_genlogistic_global_era5_moda_ref1991to2020_195601.nc,TRUE,TRUE,195601,1956,1
Data Raw/Clima/Drought/SPEI12_genlogistic_global_era5_moda_ref1991to2020_195602.nc,SPEI12_genlogistic_global_era5_moda_ref1991to2020_195602.nc,TRUE,TRUE,195602,1956,2
Data Raw/Clima/Drought/SPEI12_genlogistic_global_era5_moda_ref1991to2020_195603.nc,SPEI12_genlogistic_global_era5_moda_ref1991to2020_195603.nc,TRUE,TRUE,195603,1956,3
Data Raw/Clima/Drought/SPEI12_genlogistic_global_era5_moda_ref1991to2020_195604.nc,SPEI12_genlogistic_global_era5_moda_ref1991to2020_195604.nc,TRUE,TRUE,195604,1956,4
Data Raw/Clima/Drought/SPEI12_genlogistic_global_era5_moda_ref1991to2020_195605.nc,SPEI12_genlogistic_global_era5_moda_ref1991to2020_195605.nc,TRUE,TRUE,195605,1956,5
Data Raw/Clima/Drought/SPEI12_genlogistic_global_era5_moda_ref1991to2020_195606.nc,SPEI12_genlogistic_global_era5_moda_ref1991to2020_195606.nc,TRUE,TRUE,195606,1956,6
Data Raw/Clima/Drought/SPEI12_genlogistic_global_era5_moda_ref1991to2020_195607.nc,SPEI12_genlogistic_global_era5_moda_ref1991to2020_195607.nc,TRUE,TRUE,195607,1956,7
Data Raw/Clima/Drought/SPEI12_genlogistic_global_era5_moda_ref1991to2020_195608.nc,SPEI12_genlogistic_global_era5_moda_ref1991to2020_195608.nc,TRUE,TRUE,195608,1956,8
Data Raw/Clima/Drought/SPEI12_genlogistic_global_era5_moda_ref1991to2020_195609.nc,SPEI12_genlogistic_global_era5_moda_ref1991to2020_195609.nc,TRUE,TRUE,195609,1956,9
Data Raw/Clima/Drought/SPEI12_genlogistic_global_era5_moda_ref1991to2020_195610.nc,SPEI12_genlogistic_global_era5_moda_ref1991to2020_195610.nc,TRUE,TRUE,195610,1956,10
Data Raw/Clima/Drought/SPEI12_genlogistic_global_era5_moda_ref1991to2020_195611.nc,SPEI12_genlogistic_global_era5_moda_ref1991to2020_195611.nc,TRUE,TRUE,195611,1956,11
Data Raw/Clima/Drought/SPEI12_genlogistic_global_era5_moda_ref1991to2020_195612.nc,SPEI12_genlogistic_global_era5_moda_ref1991to2020_195612.nc,TRUE,TRUE,195612,1956,12
Data Raw/Clima/Drought/SPEI12_genlogistic_global_era5_moda_ref1991to2020_195701.nc,SPEI12_genlogistic_global_era5_moda_ref1991to2020_195701.nc,TRUE,TRUE,195701,1957,1
Data Raw/Clima/Drought/SPEI12_genlogistic_global_era5_moda_ref1991to2020_195702.nc,SPEI12_genlogistic_global_era5_moda_ref1991to2020_195702.nc,TRUE,TRUE,195702,1957,2
Data Raw/Clima/Drought/SPEI12_genlogistic_global_era5_moda_ref1991to2020_195703.nc,SPEI12_genlogistic_global_era5_moda_ref1991to2020_195703.nc,TRUE,TRUE,195703,1957,3
Data Raw/Clima/Drought/SPEI12_genlogistic_global_era5_moda_ref1991to2020_195704.nc,SPEI12_genlogistic_global_era5_moda_ref1991to2020_195704.nc,TRUE,TRUE,195704,1957,4
Data Raw/Clima/Drought/SPEI12_genlogistic_global_era5_moda_ref1991to2020_195705.nc,SPEI12_genlogistic_global_era5_moda_ref1991to2020_195705.nc,TRUE,TRUE,195705,1957,5
Data Raw/Clima/Drought/SPEI12_genlogistic_global_era5_moda_ref1991to2020_195706.nc,SPEI12_genlogistic_global_era5_moda_ref1991to2020_195706.nc,TRUE,TRUE,195706,1957,6
Data Raw/Clima/Drought/SPEI12_genlogistic_global_era5_moda_ref1991to2020_195707.nc,SPEI12_genlogistic_global_era5_moda_ref1991to2020_195707.nc,TRUE,TRUE,195707,1957,7
Data Raw/Clima/Drought/SPEI12_genlogistic_global_era5_moda_ref1991to2020_195708.nc,SPEI12_genlogistic_global_era5_moda_ref1991to2020_195708.nc,TRUE,TRUE,195708,1957,8
Data Raw/Clima/Drought/SPEI12_genlogistic_global_era5_moda_ref1991to2020_195709.nc,SPEI12_genlogistic_global_era5_moda_ref1991to2020_195709.nc,TRUE,TRUE,195709,1957,9
Data Raw/Clima/Drought/SPEI12_genlogistic_global_era5_moda_ref1991to2020_195710.nc,SPEI12_genlogistic_global_era5_moda_ref1991to2020_195710.nc,TRUE,TRUE,195710,1957,10
Data Raw/Clima/Drought/SPEI12_genlogistic_global_era5_moda_ref1991to2020_195711.nc,SPEI12_genlogistic_global_era5_moda_ref1991to2020_195711.nc,TRUE,TRUE,195711,1957,11
Data Raw/Clima/Drought/SPEI12_genlogistic_global_era5_moda_ref1991to2020_195712.nc,SPEI12_genlogistic_global_era5_moda_ref1991to2020_195712.nc,TRUE,TRUE,195712,1957,12
Data Raw/Clima/Drought/SPEI12_genlogistic_global_era5_moda_ref1991to2020_195801.nc,SPEI12_genlogistic_global_era5_moda_ref1991to2020_195801.nc,TRUE,TRUE,195801,1958,1
Data Raw/Clima/Drought/SPEI12_genlogistic_global_era5_moda_ref1991to2020_195802.nc,SPEI12_genlogistic_global_era5_moda_ref1991to2020_195802.nc,TRUE,TRUE,195802,1958,2
Data Raw/Clima/Drought/SPEI12_genlogistic_global_era5_moda_ref1991to2020_195803.nc,SPEI12_genlogistic_global_era5_moda_ref1991to2020_195803.nc,TRUE,TRUE,195803,1958,3
Data Raw/Clima/Drought/SPEI12_genlogistic_global_era5_moda_ref1991to2020_195804.nc,SPEI12_genlogistic_global_era5_moda_ref1991to2020_195804.nc,TRUE,TRUE,195804,1958,4
Data Raw/Clima/Drought/SPEI12_genlogistic_global_era5_moda_ref1991to2020_195805.nc,SPEI12_genlogistic_global_era5_moda_ref1991to2020_195805.nc,TRUE,TRUE,195805,1958,5
Data Raw/Clima/Drought/SPEI12_genlogistic_global_era5_moda_ref1991to2020_195806.nc,SPEI12_genlogistic_global_era5_moda_ref1991to2020_195806.nc,TRUE,TRUE,195806,1958,6
Data Raw/Clima/Drought/SPEI12_genlogistic_global_era5_moda_ref1991to2020_195807.nc,SPEI12_genlogistic_global_era5_moda_ref1991to2020_195807.nc,TRUE,TRUE,195807,1958,7
Data Raw/Clima/Drought/SPEI12_genlogistic_global_era5_moda_ref1991to2020_195808.nc,SPEI12_genlogistic_global_era5_moda_ref1991to2020_195808.nc,TRUE,TRUE,195808,1958,8
Data Raw/Clima/Drought/SPEI12_genlogistic_global_era5_moda_ref1991to2020_195809.nc,SPEI12_genlogistic_global_era5_moda_ref1991to2020_195809.nc,TRUE,TRUE,195809,1958,9
Data Raw/Clima/Drought/SPEI12_genlogistic_global_era5_moda_ref1991to2020_195810.nc,SPEI12_genlogistic_global_era5_moda_ref1991to2020_195810.nc,TRUE,TRUE,195810,1958,10
Data Raw/Clima/Drought/SPEI12_genlogistic_global_era5_moda_ref1991to2020_195811.nc,SPEI12_genlogistic_global_era5_moda_ref1991to2020_195811.nc,TRUE,TRUE,195811,1958,11
Data Raw/Clima/Drought/SPEI12_genlogistic_global_era5_moda_ref1991to2020_195812.nc,SPEI12_genlogistic_global_era5_moda_ref1991to2020_195812.nc,TRUE,TRUE,195812,1958,12
Data Raw/Clima/Drought/SPEI12_genlogistic_global_era5_moda_ref1991to2020_195901.nc,SPEI12_genlogistic_global_era5_moda_ref1991to2020_195901.nc,TRUE,TRUE,195901,1959,1
Data Raw/Clima/Drought/SPEI12_genlogistic_global_era5_moda_ref1991to2020_195902.nc,SPEI12_genlogistic_global_era5_moda_ref1991to2020_195902.nc,TRUE,TRUE,195902,1959,2
Data Raw/Clima/Drought/SPEI12_genlogistic_global_era5_moda_ref1991to2020_195903.nc,SPEI12_genlogistic_global_era5_moda_ref1991to2020_195903.nc,TRUE,TRUE,195903,1959,3
Data Raw/Clima/Drought/SPEI12_genlogistic_global_era5_moda_ref1991to2020_195904.nc,SPEI12_genlogistic_global_era5_moda_ref1991to2020_195904.nc,TRUE,TRUE,195904,1959,4
Data Raw/Clima/Drought/SPEI12_genlogistic_global_era5_moda_ref1991to2020_195905.nc,SPEI12_genlogistic_global_era5_moda_ref1991to2020_195905.nc,TRUE,TRUE,195905,1959,5
Data Raw/Clima/Drought/SPEI12_genlogistic_global_era5_moda_ref1991to2020_195906.nc,SPEI12_genlogistic_global_era5_moda_ref1991to2020_195906.nc,TRUE,TRUE,195906,1959,6
Data Raw/Clima/Drought/SPEI12_genlogistic_global_era5_moda_ref1991to2020_195907.nc,SPEI12_genlogistic_global_era5_moda_ref1991to2020_195907.nc,TRUE,TRUE,195907,1959,7
Data Raw/Clima/Drought/SPEI12_genlogistic_global_era5_moda_ref1991to2020_195908.nc,SPEI12_genlogistic_global_era5_moda_ref1991to2020_195908.nc,TRUE,TRUE,195908,1959,8
Data Raw/Clima/Drought/SPEI12_genlogistic_global_era5_moda_ref1991to2020_195909.nc,SPEI12_genlogistic_global_era5_moda_ref1991to2020_195909.nc,TRUE,TRUE,195909,1959,9
Data Raw/Clima/Drought/SPEI12_genlogistic_global_era5_moda_ref1991to2020_195910.nc,SPEI12_genlogistic_global_era5_moda_ref1991to2020_195910.nc,TRUE,TRUE,195910,1959,10
Data Raw/Clima/Drought/SPEI12_genlogistic_global_era5_moda_ref1991to2020_195911.nc,SPEI12_genlogistic_global_era5_moda_ref1991to2020_195911.nc,TRUE,TRUE,195911,1959,11
Data Raw/Clima/Drought/SPEI12_genlogistic_global_era5_moda_ref1991to2020_195912.nc,SPEI12_genlogistic_global_era5_moda_ref1991to2020_195912.nc,TRUE,TRUE,195912,1959,12
Data Raw/Clima/Drought/SPEI12_genlogistic_global_era5_moda_ref1991to2020_196001.nc,SPEI12_genlogistic_global_era5_moda_ref1991to2020_196001.nc,TRUE,TRUE,196001,1960,1
Data Raw/Clima/Drought/SPEI12_genlogistic_global_era5_moda_ref1991to2020_196002.nc,SPEI12_genlogistic_global_era5_moda_ref1991to2020_196002.nc,TRUE,TRUE,196002,1960,2
Data Raw/Clima/Drought/SPEI12_genlogistic_global_era5_moda_ref1991to2020_196003.nc,SPEI12_genlogistic_global_era5_moda_ref1991to2020_196003.nc,TRUE,TRUE,196003,1960,3
Data Raw/Clima/Drought/SPEI12_genlogistic_global_era5_moda_ref1991to2020_196004.nc,SPEI12_genlogistic_global_era5_moda_ref1991to2020_196004.nc,TRUE,TRUE,196004,1960,4
Data Raw/Clima/Drought/SPEI12_genlogistic_global_era5_moda_ref1991to2020_196005.nc,SPEI12_genlogistic_global_era5_moda_ref1991to2020_196005.nc,TRUE,TRUE,196005,1960,5
Data Raw/Clima/Drought/SPEI12_genlogistic_global_era5_moda_ref1991to2020_196006.nc,SPEI12_genlogistic_global_era5_moda_ref1991to2020_196006.nc,TRUE,TRUE,196006,1960,6
Data Raw/Clima/Drought/SPEI12_genlogistic_global_era5_moda_ref1991to2020_196007.nc,SPEI12_genlogistic_global_era5_moda_ref1991to2020_196007.nc,TRUE,TRUE,196007,1960,7
Data Raw/Clima/Drought/SPEI12_genlogistic_global_era5_moda_ref1991to2020_196008.nc,SPEI12_genlogistic_global_era5_moda_ref1991to2020_196008.nc,TRUE,TRUE,196008,1960,8
Data Raw/Clima/Drought/SPEI12_genlogistic_global_era5_moda_ref1991to2020_196009.nc,SPEI12_genlogistic_global_era5_moda_ref1991to2020_196009.nc,TRUE,TRUE,196009,1960,9
Data Raw/Clima/Drought/SPEI12_genlogistic_global_era5_moda_ref1991to2020_196010.nc,SPEI12_genlogistic_global_era5_moda_ref1991to2020_196010.nc,TRUE,TRUE,196010,1960,10
Data Raw/Clima/Drought/SPEI12_genlogistic_global_era5_moda_ref1991to2020_196011.nc,SPEI12_genlogistic_global_era5_moda_ref1991to2020_196011.nc,TRUE,TRUE,196011,1960,11
Data Raw/Clima/Drought/SPEI12_genlogistic_global_era5_moda_ref1991to2020_196012.nc,SPEI12_genlogistic_global_era5_moda_ref1991to2020_196012.nc,TRUE,TRUE,196012,1960,12
Data Raw/Clima/Drought/SPEI12_genlogistic_global_era5_moda_ref1991to2020_196101.nc,SPEI12_genlogistic_global_era5_moda_ref1991to2020_196101.nc,TRUE,TRUE,196101,1961,1
Data Raw/Clima/Drought/SPEI12_genlogistic_global_era5_moda_ref1991to2020_196102.nc,SPEI12_genlogistic_global_era5_moda_ref1991to2020_196102.nc,TRUE,TRUE,196102,1961,2
Data Raw/Clima/Drought/SPEI12_genlogistic_global_era5_moda_ref1991to2020_196103.nc,SPEI12_genlogistic_global_era5_moda_ref1991to2020_196103.nc,TRUE,TRUE,196103,1961,3
Data Raw/Clima/Drought/SPEI12_genlogistic_global_era5_moda_ref1991to2020_196104.nc,SPEI12_genlogistic_global_era5_moda_ref1991to2020_196104.nc,TRUE,TRUE,196104,1961,4
Data Raw/Clima/Drought/SPEI12_genlogistic_global_era5_moda_ref1991to2020_196105.nc,SPEI12_genlogistic_global_era5_moda_ref1991to2020_196105.nc,TRUE,TRUE,196105,1961,5
Data Raw/Clima/Drought/SPEI12_genlogistic_global_era5_moda_ref1991to2020_196106.nc,SPEI12_genlogistic_global_era5_moda_ref1991to2020_196106.nc,TRUE,TRUE,196106,1961,6
Data Raw/Clima/Drought/SPEI12_genlogistic_global_era5_moda_ref1991to2020_196107.nc,SPEI12_genlogistic_global_era5_moda_ref1991to2020_196107.nc,TRUE,TRUE,196107,1961,7
Data Raw/Clima/Drought/SPEI12_genlogistic_global_era5_moda_ref1991to2020_196108.nc,SPEI12_genlogistic_global_era5_moda_ref1991to2020_196108.nc,TRUE,TRUE,196108,1961,8
Data Raw/Clima/Drought/SPEI12_genlogistic_global_era5_moda_ref1991to2020_196109.nc,SPEI12_genlogistic_global_era5_moda_ref1991to2020_196109.nc,TRUE,TRUE,196109,1961,9
Data Raw/Clima/Drought/SPEI12_genlogistic_global_era5_moda_ref1991to2020_196110.nc,SPEI12_genlogistic_global_era5_moda_ref1991to2020_196110.nc,TRUE,TRUE,196110,1961,10
Data Raw/Clima/Drought/SPEI12_genlogistic_global_era5_moda_ref1991to2020_196111.nc,SPEI12_genlogistic_global_era5_moda_ref1991to2020_196111.nc,TRUE,TRUE,196111,1961,11
Data Raw/Clima/Drought/SPEI12_genlogistic_global_era5_moda_ref1991to2020_196112.nc,SPEI12_genlogistic_global_era5_moda_ref1991to2020_196112.nc,TRUE,TRUE,196112,1961,12
Data Raw/Clima/Drought/SPEI12_genlogistic_global_era5_moda_ref1991to2020_196201.nc,SPEI12_genlogistic_global_era5_moda_ref1991to2020_196201.nc,TRUE,TRUE,196201,1962,1
Data Raw/Clima/Drought/SPEI12_genlogistic_global_era5_moda_ref1991to2020_196202.nc,SPEI12_genlogistic_global_era5_moda_ref1991to2020_196202.nc,TRUE,TRUE,196202,1962,2
Data Raw/Clima/Drought/SPEI12_genlogistic_global_era5_moda_ref1991to2020_196203.nc,SPEI12_genlogistic_global_era5_moda_ref1991to2020_196203.nc,TRUE,TRUE,196203,1962,3
Data Raw/Clima/Drought/SPEI12_genlogistic_global_era5_moda_ref1991to2020_196204.nc,SPEI12_genlogistic_global_era5_moda_ref1991to2020_196204.nc,TRUE,TRUE,196204,1962,4
Data Raw/Clima/Drought/SPEI12_genlogistic_global_era5_moda_ref1991to2020_196205.nc,SPEI12_genlogistic_global_era5_moda_ref1991to2020_196205.nc,TRUE,TRUE,196205,1962,5
Data Raw/Clima/Drought/SPEI12_genlogistic_global_era5_moda_ref1991to2020_196206.nc,SPEI12_genlogistic_global_era5_moda_ref1991to2020_196206.nc,TRUE,TRUE,196206,1962,6
Data Raw/Clima/Drought/SPEI12_genlogistic_global_era5_moda_ref1991to2020_196207.nc,SPEI12_genlogistic_global_era5_moda_ref1991to2020_196207.nc,TRUE,TRUE,196207,1962,7
Data Raw/Clima/Drought/SPEI12_genlogistic_global_era5_moda_ref1991to2020_196208.nc,SPEI12_genlogistic_global_era5_moda_ref1991to2020_196208.nc,TRUE,TRUE,196208,1962,8
Data Raw/Clima/Drought/SPEI12_genlogistic_global_era5_moda_ref1991to2020_196209.nc,SPEI12_genlogistic_global_era5_moda_ref1991to2020_196209.nc,TRUE,TRUE,196209,1962,9
Data Raw/Clima/Drought/SPEI12_genlogistic_global_era5_moda_ref1991to2020_196210.nc,SPEI12_genlogistic_global_era5_moda_ref1991to2020_196210.nc,TRUE,TRUE,196210,1962,10
Data Raw/Clima/Drought/SPEI12_genlogistic_global_era5_moda_ref1991to2020_196211.nc,SPEI12_genlogistic_global_era5_moda_ref1991to2020_196211.nc,TRUE,TRUE,196211,1962,11
Data Raw/Clima/Drought/SPEI12_genlogistic_global_era5_moda_ref1991to2020_196212.nc,SPEI12_genlogistic_global_era5_moda_ref1991to2020_196212.nc,TRUE,TRUE,196212,1962,12
Data Raw/Clima/Drought/SPEI12_genlogistic_global_era5_moda_ref1991to2020_196301.nc,SPEI12_genlogistic_global_era5_moda_ref1991to2020_196301.nc,TRUE,TRUE,196301,1963,1
Data Raw/Clima/Drought/SPEI12_genlogistic_global_era5_moda_ref1991to2020_196302.nc,SPEI12_genlogistic_global_era5_moda_ref1991to2020_196302.nc,TRUE,TRUE,196302,1963,2
Data Raw/Clima/Drought/SPEI12_genlogistic_global_era5_moda_ref1991to2020_196303.nc,SPEI12_genlogistic_global_era5_moda_ref1991to2020_196303.nc,TRUE,TRUE,196303,1963,3
Data Raw/Clima/Drought/SPEI12_genlogistic_global_era5_moda_ref1991to2020_196304.nc,SPEI12_genlogistic_global_era5_moda_ref1991to2020_196304.nc,TRUE,TRUE,196304,1963,4
Data Raw/Clima/Drought/SPEI12_genlogistic_global_era5_moda_ref1991to2020_196305.nc,SPEI12_genlogistic_global_era5_moda_ref1991to2020_196305.nc,TRUE,TRUE,196305,1963,5
Data Raw/Clima/Drought/SPEI12_genlogistic_global_era5_moda_ref1991to2020_196306.nc,SPEI12_genlogistic_global_era5_moda_ref1991to2020_196306.nc,TRUE,TRUE,196306,1963,6
Data Raw/Clima/Drought/SPEI12_genlogistic_global_era5_moda_ref1991to2020_196307.nc,SPEI12_genlogistic_global_era5_moda_ref1991to2020_196307.nc,TRUE,TRUE,196307,1963,7
Data Raw/Clima/Drought/SPEI12_genlogistic_global_era5_moda_ref1991to2020_196308.nc,SPEI12_genlogistic_global_era5_moda_ref1991to2020_196308.nc,TRUE,TRUE,196308,1963,8
Data Raw/Clima/Drought/SPEI12_genlogistic_global_era5_moda_ref1991to2020_196309.nc,SPEI12_genlogistic_global_era5_moda_ref1991to2020_196309.nc,TRUE,TRUE,196309,1963,9
Data Raw/Clima/Drought/SPEI12_genlogistic_global_era5_moda_ref1991to2020_196310.nc,SPEI12_genlogistic_global_era5_moda_ref1991to2020_196310.nc,TRUE,TRUE,196310,1963,10
Data Raw/Clima/Drought/SPEI12_genlogistic_global_era5_moda_ref1991to2020_196311.nc,SPEI12_genlogistic_global_era5_moda_ref1991to2020_196311.nc,TRUE,TRUE,196311,1963,11
Data Raw/Clima/Drought/SPEI12_genlogistic_global_era5_moda_ref1991to2020_196312.nc,SPEI12_genlogistic_global_era5_moda_ref1991to2020_196312.nc,TRUE,TRUE,196312,1963,12
Data Raw/Clima/Drought/SPEI12_genlogistic_global_era5_moda_ref1991to2020_196401.nc,SPEI12_genlogistic_global_era5_moda_ref1991to2020_196401.nc,TRUE,TRUE,196401,1964,1
Data Raw/Clima/Drought/SPEI12_genlogistic_global_era5_moda_ref1991to2020_196402.nc,SPEI12_genlogistic_global_era5_moda_ref1991to2020_196402.nc,TRUE,TRUE,196402,1964,2
Data Raw/Clima/Drought/SPEI12_genlogistic_global_era5_moda_ref1991to2020_196403.nc,SPEI12_genlogistic_global_era5_moda_ref1991to2020_196403.nc,TRUE,TRUE,196403,1964,3
Data Raw/Clima/Drought/SPEI12_genlogistic_global_era5_moda_ref1991to2020_196404.nc,SPEI12_genlogistic_global_era5_moda_ref1991to2020_196404.nc,TRUE,TRUE,196404,1964,4
Data Raw/Clima/Drought/SPEI12_genlogistic_global_era5_moda_ref1991to2020_196405.nc,SPEI12_genlogistic_global_era5_moda_ref1991to2020_196405.nc,TRUE,TRUE,196405,1964,5
Data Raw/Clima/Drought/SPEI12_genlogistic_global_era5_moda_ref1991to2020_196406.nc,SPEI12_genlogistic_global_era5_moda_ref1991to2020_196406.nc,TRUE,TRUE,196406,1964,6
Data Raw/Clima/Drought/SPEI12_genlogistic_global_era5_moda_ref1991to2020_196407.nc,SPEI12_genlogistic_global_era5_moda_ref1991to2020_196407.nc,TRUE,TRUE,196407,1964,7
Data Raw/Clima/Drought/SPEI12_genlogistic_global_era5_moda_ref1991to2020_196408.nc,SPEI12_genlogistic_global_era5_moda_ref1991to2020_196408.nc,TRUE,TRUE,196408,1964,8
Data Raw/Clima/Drought/SPEI12_genlogistic_global_era5_moda_ref1991to2020_196409.nc,SPEI12_genlogistic_global_era5_moda_ref1991to2020_196409.nc,TRUE,TRUE,196409,1964,9
Data Raw/Clima/Drought/SPEI12_genlogistic_global_era5_moda_ref1991to2020_196410.nc,SPEI12_genlogistic_global_era5_moda_ref1991to2020_196410.nc,TRUE,TRUE,196410,1964,10
Data Raw/Clima/Drought/SPEI12_genlogistic_global_era5_moda_ref1991to2020_196411.nc,SPEI12_genlogistic_global_era5_moda_ref1991to2020_196411.nc,TRUE,TRUE,196411,1964,11
Data Raw/Clima/Drought/SPEI12_genlogistic_global_era5_moda_ref1991to2020_196412.nc,SPEI12_genlogistic_global_era5_moda_ref1991to2020_196412.nc,TRUE,TRUE,196412,1964,12
Data Raw/Clima/Drought/SPEI12_genlogistic_global_era5_moda_ref1991to2020_196501.nc,SPEI12_genlogistic_global_era5_moda_ref1991to2020_196501.nc,TRUE,TRUE,196501,1965,1
Data Raw/Clima/Drought/SPEI12_genlogistic_global_era5_moda_ref1991to2020_196502.nc,SPEI12_genlogistic_global_era5_moda_ref1991to2020_196502.nc,TRUE,TRUE,196502,1965,2
Data Raw/Clima/Drought/SPEI12_genlogistic_global_era5_moda_ref1991to2020_196503.nc,SPEI12_genlogistic_global_era5_moda_ref1991to2020_196503.nc,TRUE,TRUE,196503,1965,3
Data Raw/Clima/Drought/SPEI12_genlogistic_global_era5_moda_ref1991to2020_196504.nc,SPEI12_genlogistic_global_era5_moda_ref1991to2020_196504.nc,TRUE,TRUE,196504,1965,4
Data Raw/Clima/Drought/SPEI12_genlogistic_global_era5_moda_ref1991to2020_196505.nc,SPEI12_genlogistic_global_era5_moda_ref1991to2020_196505.nc,TRUE,TRUE,196505,1965,5
Data Raw/Clima/Drought/SPEI12_genlogistic_global_era5_moda_ref1991to2020_196506.nc,SPEI12_genlogistic_global_era5_moda_ref1991to2020_196506.nc,TRUE,TRUE,196506,1965,6
Data Raw/Clima/Drought/SPEI12_genlogistic_global_era5_moda_ref1991to2020_196507.nc,SPEI12_genlogistic_global_era5_moda_ref1991to2020_196507.nc,TRUE,TRUE,196507,1965,7
Data Raw/Clima/Drought/SPEI12_genlogistic_global_era5_moda_ref1991to2020_196508.nc,SPEI12_genlogistic_global_era5_moda_ref1991to2020_196508.nc,TRUE,TRUE,196508,1965,8
Data Raw/Clima/Drought/SPEI12_genlogistic_global_era5_moda_ref1991to2020_196509.nc,SPEI12_genlogistic_global_era5_moda_ref1991to2020_196509.nc,TRUE,TRUE,196509,1965,9
Data Raw/Clima/Drought/SPEI12_genlogistic_global_era5_moda_ref1991to2020_196510.nc,SPEI12_genlogistic_global_era5_moda_ref1991to2020_196510.nc,TRUE,TRUE,196510,1965,10
Data Raw/Clima/Drought/SPEI12_genlogistic_global_era5_moda_ref1991to2020_196511.nc,SPEI12_genlogistic_global_era5_moda_ref1991to2020_196511.nc,TRUE,TRUE,196511,1965,11
Data Raw/Clima/Drought/SPEI12_genlogistic_global_era5_moda_ref1991to2020_196512.nc,SPEI12_genlogistic_global_era5_moda_ref1991to2020_196512.nc,TRUE,TRUE,196512,1965,12
Data Raw/Clima/Drought/SPEI12_genlogistic_global_era5_moda_ref1991to2020_196601.nc,SPEI12_genlogistic_global_era5_moda_ref1991to2020_196601.nc,TRUE,TRUE,196601,1966,1
Data Raw/Clima/Drought/SPEI12_genlogistic_global_era5_moda_ref1991to2020_196602.nc,SPEI12_genlogistic_global_era5_moda_ref1991to2020_196602.nc,TRUE,TRUE,196602,1966,2
Data Raw/Clima/Drought/SPEI12_genlogistic_global_era5_moda_ref1991to2020_196603.nc,SPEI12_genlogistic_global_era5_moda_ref1991to2020_196603.nc,TRUE,TRUE,196603,1966,3
Data Raw/Clima/Drought/SPEI12_genlogistic_global_era5_moda_ref1991to2020_196604.nc,SPEI12_genlogistic_global_era5_moda_ref1991to2020_196604.nc,TRUE,TRUE,196604,1966,4
Data Raw/Clima/Drought/SPEI12_genlogistic_global_era5_moda_ref1991to2020_196605.nc,SPEI12_genlogistic_global_era5_moda_ref1991to2020_196605.nc,TRUE,TRUE,196605,1966,5
Data Raw/Clima/Drought/SPEI12_genlogistic_global_era5_moda_ref1991to2020_196606.nc,SPEI12_genlogistic_global_era5_moda_ref1991to2020_196606.nc,TRUE,TRUE,196606,1966,6
Data Raw/Clima/Drought/SPEI12_genlogistic_global_era5_moda_ref1991to2020_196607.nc,SPEI12_genlogistic_global_era5_moda_ref1991to2020_196607.nc,TRUE,TRUE,196607,1966,7
Data Raw/Clima/Drought/SPEI12_genlogistic_global_era5_moda_ref1991to2020_196608.nc,SPEI12_genlogistic_global_era5_moda_ref1991to2020_196608.nc,TRUE,TRUE,196608,1966,8
Data Raw/Clima/Drought/SPEI12_genlogistic_global_era5_moda_ref1991to2020_196609.nc,SPEI12_genlogistic_global_era5_moda_ref1991to2020_196609.nc,TRUE,TRUE,196609,1966,9
Data Raw/Clima/Drought/SPEI12_genlogistic_global_era5_moda_ref1991to2020_196610.nc,SPEI12_genlogistic_global_era5_moda_ref1991to2020_196610.nc,TRUE,TRUE,196610,1966,10
Data Raw/Clima/Drought/SPEI12_genlogistic_global_era5_moda_ref1991to2020_196611.nc,SPEI12_genlogistic_global_era5_moda_ref1991to2020_196611.nc,TRUE,TRUE,196611,1966,11
Data Raw/Clima/Drought/SPEI12_genlogistic_global_era5_moda_ref1991to2020_196612.nc,SPEI12_genlogistic_global_era5_moda_ref1991to2020_196612.nc,TRUE,TRUE,196612,1966,12
Data Raw/Clima/Drought/SPEI12_genlogistic_global_era5_moda_ref1991to2020_196701.nc,SPEI12_genlogistic_global_era5_moda_ref1991to2020_196701.nc,TRUE,TRUE,196701,1967,1
Data Raw/Clima/Drought/SPEI12_genlogistic_global_era5_moda_ref1991to2020_196702.nc,SPEI12_genlogistic_global_era5_moda_ref1991to2020_196702.nc,TRUE,TRUE,196702,1967,2
Data Raw/Clima/Drought/SPEI12_genlogistic_global_era5_moda_ref1991to2020_196703.nc,SPEI12_genlogistic_global_era5_moda_ref1991to2020_196703.nc,TRUE,TRUE,196703,1967,3
Data Raw/Clima/Drought/SPEI12_genlogistic_global_era5_moda_ref1991to2020_196704.nc,SPEI12_genlogistic_global_era5_moda_ref1991to2020_196704.nc,TRUE,TRUE,196704,1967,4
Data Raw/Clima/Drought/SPEI12_genlogistic_global_era5_moda_ref1991to2020_196705.nc,SPEI12_genlogistic_global_era5_moda_ref1991to2020_196705.nc,TRUE,TRUE,196705,1967,5
Data Raw/Clima/Drought/SPEI12_genlogistic_global_era5_moda_ref1991to2020_196706.nc,SPEI12_genlogistic_global_era5_moda_ref1991to2020_196706.nc,TRUE,TRUE,196706,1967,6
Data Raw/Clima/Drought/SPEI12_genlogistic_global_era5_moda_ref1991to2020_196707.nc,SPEI12_genlogistic_global_era5_moda_ref1991to2020_196707.nc,TRUE,TRUE,196707,1967,7
Data Raw/Clima/Drought/SPEI12_genlogistic_global_era5_moda_ref1991to2020_196708.nc,SPEI12_genlogistic_global_era5_moda_ref1991to2020_196708.nc,TRUE,TRUE,196708,1967,8
Data Raw/Clima/Drought/SPEI12_genlogistic_global_era5_moda_ref1991to2020_196709.nc,SPEI12_genlogistic_global_era5_moda_ref1991to2020_196709.nc,TRUE,TRUE,196709,1967,9
Data Raw/Clima/Drought/SPEI12_genlogistic_global_era5_moda_ref1991to2020_196710.nc,SPEI12_genlogistic_global_era5_moda_ref1991to2020_196710.nc,TRUE,TRUE,196710,1967,10
Data Raw/Clima/Drought/SPEI12_genlogistic_global_era5_moda_ref1991to2020_196711.nc,SPEI12_genlogistic_global_era5_moda_ref1991to2020_196711.nc,TRUE,TRUE,196711,1967,11
Data Raw/Clima/Drought/SPEI12_genlogistic_global_era5_moda_ref1991to2020_196712.nc,SPEI12_genlogistic_global_era5_moda_ref1991to2020_196712.nc,TRUE,TRUE,196712,1967,12
Data Raw/Clima/Drought/SPEI12_genlogistic_global_era5_moda_ref1991to2020_196801.nc,SPEI12_genlogistic_global_era5_moda_ref1991to2020_196801.nc,TRUE,TRUE,196801,1968,1
Data Raw/Clima/Drought/SPEI12_genlogistic_global_era5_moda_ref1991to2020_196802.nc,SPEI12_genlogistic_global_era5_moda_ref1991to2020_196802.nc,TRUE,TRUE,196802,1968,2
Data Raw/Clima/Drought/SPEI12_genlogistic_global_era5_moda_ref1991to2020_196803.nc,SPEI12_genlogistic_global_era5_moda_ref1991to2020_196803.nc,TRUE,TRUE,196803,1968,3
Data Raw/Clima/Drought/SPEI12_genlogistic_global_era5_moda_ref1991to2020_196804.nc,SPEI12_genlogistic_global_era5_moda_ref1991to2020_196804.nc,TRUE,TRUE,196804,1968,4
Data Raw/Clima/Drought/SPEI12_genlogistic_global_era5_moda_ref1991to2020_196805.nc,SPEI12_genlogistic_global_era5_moda_ref1991to2020_196805.nc,TRUE,TRUE,196805,1968,5
Data Raw/Clima/Drought/SPEI12_genlogistic_global_era5_moda_ref1991to2020_196806.nc,SPEI12_genlogistic_global_era5_moda_ref1991to2020_196806.nc,TRUE,TRUE,196806,1968,6
Data Raw/Clima/Drought/SPEI12_genlogistic_global_era5_moda_ref1991to2020_196807.nc,SPEI12_genlogistic_global_era5_moda_ref1991to2020_196807.nc,TRUE,TRUE,196807,1968,7
Data Raw/Clima/Drought/SPEI12_genlogistic_global_era5_moda_ref1991to2020_196808.nc,SPEI12_genlogistic_global_era5_moda_ref1991to2020_196808.nc,TRUE,TRUE,196808,1968,8
Data Raw/Clima/Drought/SPEI12_genlogistic_global_era5_moda_ref1991to2020_196809.nc,SPEI12_genlogistic_global_era5_moda_ref1991to2020_196809.nc,TRUE,TRUE,196809,1968,9
Data Raw/Clima/Drought/SPEI12_genlogistic_global_era5_moda_ref1991to2020_196810.nc,SPEI12_genlogistic_global_era5_moda_ref1991to2020_196810.nc,TRUE,TRUE,196810,1968,10
Data Raw/Clima/Drought/SPEI12_genlogistic_global_era5_moda_ref1991to2020_196811.nc,SPEI12_genlogistic_global_era5_moda_ref1991to2020_196811.nc,TRUE,TRUE,196811,1968,11
Data Raw/Clima/Drought/SPEI12_genlogistic_global_era5_moda_ref1991to2020_196812.nc,SPEI12_genlogistic_global_era5_moda_ref1991to2020_196812.nc,TRUE,TRUE,196812,1968,12
Data Raw/Clima/Drought/SPEI12_genlogistic_global_era5_moda_ref1991to2020_196901.nc,SPEI12_genlogistic_global_era5_moda_ref1991to2020_196901.nc,TRUE,TRUE,196901,1969,1
Data Raw/Clima/Drought/SPEI12_genlogistic_global_era5_moda_ref1991to2020_196902.nc,SPEI12_genlogistic_global_era5_moda_ref1991to2020_196902.nc,TRUE,TRUE,196902,1969,2
Data Raw/Clima/Drought/SPEI12_genlogistic_global_era5_moda_ref1991to2020_196903.nc,SPEI12_genlogistic_global_era5_moda_ref1991to2020_196903.nc,TRUE,TRUE,196903,1969,3
Data Raw/Clima/Drought/SPEI12_genlogistic_global_era5_moda_ref1991to2020_196904.nc,SPEI12_genlogistic_global_era5_moda_ref1991to2020_196904.nc,TRUE,TRUE,196904,1969,4
Data Raw/Clima/Drought/SPEI12_genlogistic_global_era5_moda_ref1991to2020_196905.nc,SPEI12_genlogistic_global_era5_moda_ref1991to2020_196905.nc,TRUE,TRUE,196905,1969,5
Data Raw/Clima/Drought/SPEI12_genlogistic_global_era5_moda_ref1991to2020_196906.nc,SPEI12_genlogistic_global_era5_moda_ref1991to2020_196906.nc,TRUE,TRUE,196906,1969,6
Data Raw/Clima/Drought/SPEI12_genlogistic_global_era5_moda_ref1991to2020_196907.nc,SPEI12_genlogistic_global_era5_moda_ref1991to2020_196907.nc,TRUE,TRUE,196907,1969,7
Data Raw/Clima/Drought/SPEI12_genlogistic_global_era5_moda_ref1991to2020_196908.nc,SPEI12_genlogistic_global_era5_moda_ref1991to2020_196908.nc,TRUE,TRUE,196908,1969,8
Data Raw/Clima/Drought/SPEI12_genlogistic_global_era5_moda_ref1991to2020_196909.nc,SPEI12_genlogistic_global_era5_moda_ref1991to2020_196909.nc,TRUE,TRUE,196909,1969,9
Data Raw/Clima/Drought/SPEI12_genlogistic_global_era5_moda_ref1991to2020_196910.nc,SPEI12_genlogistic_global_era5_moda_ref1991to2020_196910.nc,TRUE,TRUE,196910,1969,10
Data Raw/Clima/Drought/SPEI12_genlogistic_global_era5_moda_ref1991to2020_196911.nc,SPEI12_genlogistic_global_era5_moda_ref1991to2020_196911.nc,TRUE,TRUE,196911,1969,11
Data Raw/Clima/Drought/SPEI12_genlogistic_global_era5_moda_ref1991to2020_196912.nc,SPEI12_genlogistic_global_era5_moda_ref1991to2020_196912.nc,TRUE,TRUE,196912,1969,12
Data Raw/Clima/Drought/SPEI12_genlogistic_global_era5_moda_ref1991to2020_197001.nc,SPEI12_genlogistic_global_era5_moda_ref1991to2020_197001.nc,TRUE,TRUE,197001,1970,1
Data Raw/Clima/Drought/SPEI12_genlogistic_global_era5_moda_ref1991to2020_197002.nc,SPEI12_genlogistic_global_era5_moda_ref1991to2020_197002.nc,TRUE,TRUE,197002,1970,2
Data Raw/Clima/Drought/SPEI12_genlogistic_global_era5_moda_ref1991to2020_197003.nc,SPEI12_genlogistic_global_era5_moda_ref1991to2020_197003.nc,TRUE,TRUE,197003,1970,3
Data Raw/Clima/Drought/SPEI12_genlogistic_global_era5_moda_ref1991to2020_197004.nc,SPEI12_genlogistic_global_era5_moda_ref1991to2020_197004.nc,TRUE,TRUE,197004,1970,4
Data Raw/Clima/Drought/SPEI12_genlogistic_global_era5_moda_ref1991to2020_197005.nc,SPEI12_genlogistic_global_era5_moda_ref1991to2020_197005.nc,TRUE,TRUE,197005,1970,5
Data Raw/Clima/Drought/SPEI12_genlogistic_global_era5_moda_ref1991to2020_197006.nc,SPEI12_genlogistic_global_era5_moda_ref1991to2020_197006.nc,TRUE,TRUE,197006,1970,6
Data Raw/Clima/Drought/SPEI12_genlogistic_global_era5_moda_ref1991to2020_197007.nc,SPEI12_genlogistic_global_era5_moda_ref1991to2020_197007.nc,TRUE,TRUE,197007,1970,7
Data Raw/Clima/Drought/SPEI12_genlogistic_global_era5_moda_ref1991to2020_197008.nc,SPEI12_genlogistic_global_era5_moda_ref1991to2020_197008.nc,TRUE,TRUE,197008,1970,8
Data Raw/Clima/Drought/SPEI12_genlogistic_global_era5_moda_ref1991to2020_197009.nc,SPEI12_genlogistic_global_era5_moda_ref1991to2020_197009.nc,TRUE,TRUE,197009,1970,9
Data Raw/Clima/Drought/SPEI12_genlogistic_global_era5_moda_ref1991to2020_197010.nc,SPEI12_genlogistic_global_era5_moda_ref1991to2020_197010.nc,TRUE,TRUE,197010,1970,10
Data Raw/Clima/Drought/SPEI12_genlogistic_global_era5_moda_ref1991to2020_197011.nc,SPEI12_genlogistic_global_era5_moda_ref1991to2020_197011.nc,TRUE,TRUE,197011,1970,11
Data Raw/Clima/Drought/SPEI12_genlogistic_global_era5_moda_ref1991to2020_197012.nc,SPEI12_genlogistic_global_era5_moda_ref1991to2020_197012.nc,TRUE,TRUE,197012,1970,12
Data Raw/Clima/Drought/SPEI12_genlogistic_global_era5_moda_ref1991to2020_197101.nc,SPEI12_genlogistic_global_era5_moda_ref1991to2020_197101.nc,TRUE,TRUE,197101,1971,1
Data Raw/Clima/Drought/SPEI12_genlogistic_global_era5_moda_ref1991to2020_197102.nc,SPEI12_genlogistic_global_era5_moda_ref1991to2020_197102.nc,TRUE,TRUE,197102,1971,2
Data Raw/Clima/Drought/SPEI12_genlogistic_global_era5_moda_ref1991to2020_197103.nc,SPEI12_genlogistic_global_era5_moda_ref1991to2020_197103.nc,TRUE,TRUE,197103,1971,3
Data Raw/Clima/Drought/SPEI12_genlogistic_global_era5_moda_ref1991to2020_197104.nc,SPEI12_genlogistic_global_era5_moda_ref1991to2020_197104.nc,TRUE,TRUE,197104,1971,4
Data Raw/Clima/Drought/SPEI12_genlogistic_global_era5_moda_ref1991to2020_197105.nc,SPEI12_genlogistic_global_era5_moda_ref1991to2020_197105.nc,TRUE,TRUE,197105,1971,5
Data Raw/Clima/Drought/SPEI12_genlogistic_global_era5_moda_ref1991to2020_197106.nc,SPEI12_genlogistic_global_era5_moda_ref1991to2020_197106.nc,TRUE,TRUE,197106,1971,6
Data Raw/Clima/Drought/SPEI12_genlogistic_global_era5_moda_ref1991to2020_197107.nc,SPEI12_genlogistic_global_era5_moda_ref1991to2020_197107.nc,TRUE,TRUE,197107,1971,7
Data Raw/Clima/Drought/SPEI12_genlogistic_global_era5_moda_ref1991to2020_197108.nc,SPEI12_genlogistic_global_era5_moda_ref1991to2020_197108.nc,TRUE,TRUE,197108,1971,8
Data Raw/Clima/Drought/SPEI12_genlogistic_global_era5_moda_ref1991to2020_197109.nc,SPEI12_genlogistic_global_era5_moda_ref1991to2020_197109.nc,TRUE,TRUE,197109,1971,9
Data Raw/Clima/Drought/SPEI12_genlogistic_global_era5_moda_ref1991to2020_197110.nc,SPEI12_genlogistic_global_era5_moda_ref1991to2020_197110.nc,TRUE,TRUE,197110,1971,10
Data Raw/Clima/Drought/SPEI12_genlogistic_global_era5_moda_ref1991to2020_197111.nc,SPEI12_genlogistic_global_era5_moda_ref1991to2020_197111.nc,TRUE,TRUE,197111,1971,11
Data Raw/Clima/Drought/SPEI12_genlogistic_global_era5_moda_ref1991to2020_197112.nc,SPEI12_genlogistic_global_era5_moda_ref1991to2020_197112.nc,TRUE,TRUE,197112,1971,12
Data Raw/Clima/Drought/SPEI12_genlogistic_global_era5_moda_ref1991to2020_197201.nc,SPEI12_genlogistic_global_era5_moda_ref1991to2020_197201.nc,TRUE,TRUE,197201,1972,1
Data Raw/Clima/Drought/SPEI12_genlogistic_global_era5_moda_ref1991to2020_197202.nc,SPEI12_genlogistic_global_era5_moda_ref1991to2020_197202.nc,TRUE,TRUE,197202,1972,2
Data Raw/Clima/Drought/SPEI12_genlogistic_global_era5_moda_ref1991to2020_197203.nc,SPEI12_genlogistic_global_era5_moda_ref1991to2020_197203.nc,TRUE,TRUE,197203,1972,3
Data Raw/Clima/Drought/SPEI12_genlogistic_global_era5_moda_ref1991to2020_197204.nc,SPEI12_genlogistic_global_era5_moda_ref1991to2020_197204.nc,TRUE,TRUE,197204,1972,4
Data Raw/Clima/Drought/SPEI12_genlogistic_global_era5_moda_ref1991to2020_197205.nc,SPEI12_genlogistic_global_era5_moda_ref1991to2020_197205.nc,TRUE,TRUE,197205,1972,5
Data Raw/Clima/Drought/SPEI12_genlogistic_global_era5_moda_ref1991to2020_197206.nc,SPEI12_genlogistic_global_era5_moda_ref1991to2020_197206.nc,TRUE,TRUE,197206,1972,6
Data Raw/Clima/Drought/SPEI12_genlogistic_global_era5_moda_ref1991to2020_197207.nc,SPEI12_genlogistic_global_era5_moda_ref1991to2020_197207.nc,TRUE,TRUE,197207,1972,7
Data Raw/Clima/Drought/SPEI12_genlogistic_global_era5_moda_ref1991to2020_197208.nc,SPEI12_genlogistic_global_era5_moda_ref1991to2020_197208.nc,TRUE,TRUE,197208,1972,8
Data Raw/Clima/Drought/SPEI12_genlogistic_global_era5_moda_ref1991to2020_197209.nc,SPEI12_genlogistic_global_era5_moda_ref1991to2020_197209.nc,TRUE,TRUE,197209,1972,9
Data Raw/Clima/Drought/SPEI12_genlogistic_global_era5_moda_ref1991to2020_197210.nc,SPEI12_genlogistic_global_era5_moda_ref1991to2020_197210.nc,TRUE,TRUE,197210,1972,10
Data Raw/Clima/Drought/SPEI12_genlogistic_global_era5_moda_ref1991to2020_197211.nc,SPEI12_genlogistic_global_era5_moda_ref1991to2020_197211.nc,TRUE,TRUE,197211,1972,11
Data Raw/Clima/Drought/SPEI12_genlogistic_global_era5_moda_ref1991to2020_197212.nc,SPEI12_genlogistic_global_era5_moda_ref1991to2020_197212.nc,TRUE,TRUE,197212,1972,12
Data Raw/Clima/Drought/SPEI12_genlogistic_global_era5_moda_ref1991to2020_197301.nc,SPEI12_genlogistic_global_era5_moda_ref1991to2020_197301.nc,TRUE,TRUE,197301,1973,1
Data Raw/Clima/Drought/SPEI12_genlogistic_global_era5_moda_ref1991to2020_197302.nc,SPEI12_genlogistic_global_era5_moda_ref1991to2020_197302.nc,TRUE,TRUE,197302,1973,2
Data Raw/Clima/Drought/SPEI12_genlogistic_global_era5_moda_ref1991to2020_197303.nc,SPEI12_genlogistic_global_era5_moda_ref1991to2020_197303.nc,TRUE,TRUE,197303,1973,3
Data Raw/Clima/Drought/SPEI12_genlogistic_global_era5_moda_ref1991to2020_197304.nc,SPEI12_genlogistic_global_era5_moda_ref1991to2020_197304.nc,TRUE,TRUE,197304,1973,4
Data Raw/Clima/Drought/SPEI12_genlogistic_global_era5_moda_ref1991to2020_197305.nc,SPEI12_genlogistic_global_era5_moda_ref1991to2020_197305.nc,TRUE,TRUE,197305,1973,5
Data Raw/Clima/Drought/SPEI12_genlogistic_global_era5_moda_ref1991to2020_197306.nc,SPEI12_genlogistic_global_era5_moda_ref1991to2020_197306.nc,TRUE,TRUE,197306,1973,6
Data Raw/Clima/Drought/SPEI12_genlogistic_global_era5_moda_ref1991to2020_197307.nc,SPEI12_genlogistic_global_era5_moda_ref1991to2020_197307.nc,TRUE,TRUE,197307,1973,7
Data Raw/Clima/Drought/SPEI12_genlogistic_global_era5_moda_ref1991to2020_197308.nc,SPEI12_genlogistic_global_era5_moda_ref1991to2020_197308.nc,TRUE,TRUE,197308,1973,8
Data Raw/Clima/Drought/SPEI12_genlogistic_global_era5_moda_ref1991to2020_197309.nc,SPEI12_genlogistic_global_era5_moda_ref1991to2020_197309.nc,TRUE,TRUE,197309,1973,9
Data Raw/Clima/Drought/SPEI12_genlogistic_global_era5_moda_ref1991to2020_197310.nc,SPEI12_genlogistic_global_era5_moda_ref1991to2020_197310.nc,TRUE,TRUE,197310,1973,10
Data Raw/Clima/Drought/SPEI12_genlogistic_global_era5_moda_ref1991to2020_197311.nc,SPEI12_genlogistic_global_era5_moda_ref1991to2020_197311.nc,TRUE,TRUE,197311,1973,11
Data Raw/Clima/Drought/SPEI12_genlogistic_global_era5_moda_ref1991to2020_197312.nc,SPEI12_genlogistic_global_era5_moda_ref1991to2020_197312.nc,TRUE,TRUE,197312,1973,12
Data Raw/Clima/Drought/SPEI12_genlogistic_global_era5_moda_ref1991to2020_197401.nc,SPEI12_genlogistic_global_era5_moda_ref1991to2020_197401.nc,TRUE,TRUE,197401,1974,1
Data Raw/Clima/Drought/SPEI12_genlogistic_global_era5_moda_ref1991to2020_197402.nc,SPEI12_genlogistic_global_era5_moda_ref1991to2020_197402.nc,TRUE,TRUE,197402,1974,2
Data Raw/Clima/Drought/SPEI12_genlogistic_global_era5_moda_ref1991to2020_197403.nc,SPEI12_genlogistic_global_era5_moda_ref1991to2020_197403.nc,TRUE,TRUE,197403,1974,3
Data Raw/Clima/Drought/SPEI12_genlogistic_global_era5_moda_ref1991to2020_197404.nc,SPEI12_genlogistic_global_era5_moda_ref1991to2020_197404.nc,TRUE,TRUE,197404,1974,4
Data Raw/Clima/Drought/SPEI12_genlogistic_global_era5_moda_ref1991to2020_197405.nc,SPEI12_genlogistic_global_era5_moda_ref1991to2020_197405.nc,TRUE,TRUE,197405,1974,5
Data Raw/Clima/Drought/SPEI12_genlogistic_global_era5_moda_ref1991to2020_197406.nc,SPEI12_genlogistic_global_era5_moda_ref1991to2020_197406.nc,TRUE,TRUE,197406,1974,6
Data Raw/Clima/Drought/SPEI12_genlogistic_global_era5_moda_ref1991to2020_197407.nc,SPEI12_genlogistic_global_era5_moda_ref1991to2020_197407.nc,TRUE,TRUE,197407,1974,7
Data Raw/Clima/Drought/SPEI12_genlogistic_global_era5_moda_ref1991to2020_197408.nc,SPEI12_genlogistic_global_era5_moda_ref1991to2020_197408.nc,TRUE,TRUE,197408,1974,8
Data Raw/Clima/Drought/SPEI12_genlogistic_global_era5_moda_ref1991to2020_197409.nc,SPEI12_genlogistic_global_era5_moda_ref1991to2020_197409.nc,TRUE,TRUE,197409,1974,9
Data Raw/Clima/Drought/SPEI12_genlogistic_global_era5_moda_ref1991to2020_197410.nc,SPEI12_genlogistic_global_era5_moda_ref1991to2020_197410.nc,TRUE,TRUE,197410,1974,10
Data Raw/Clima/Drought/SPEI12_genlogistic_global_era5_moda_ref1991to2020_197411.nc,SPEI12_genlogistic_global_era5_moda_ref1991to2020_197411.nc,TRUE,TRUE,197411,1974,11
Data Raw/Clima/Drought/SPEI12_genlogistic_global_era5_moda_ref1991to2020_197412.nc,SPEI12_genlogistic_global_era5_moda_ref1991to2020_197412.nc,TRUE,TRUE,197412,1974,12
Data Raw/Clima/Drought/SPEI12_genlogistic_global_era5_moda_ref1991to2020_197501.nc,SPEI12_genlogistic_global_era5_moda_ref1991to2020_197501.nc,TRUE,TRUE,197501,1975,1
Data Raw/Clima/Drought/SPEI12_genlogistic_global_era5_moda_ref1991to2020_197502.nc,SPEI12_genlogistic_global_era5_moda_ref1991to2020_197502.nc,TRUE,TRUE,197502,1975,2
Data Raw/Clima/Drought/SPEI12_genlogistic_global_era5_moda_ref1991to2020_197503.nc,SPEI12_genlogistic_global_era5_moda_ref1991to2020_197503.nc,TRUE,TRUE,197503,1975,3
Data Raw/Clima/Drought/SPEI12_genlogistic_global_era5_moda_ref1991to2020_197504.nc,SPEI12_genlogistic_global_era5_moda_ref1991to2020_197504.nc,TRUE,TRUE,197504,1975,4
Data Raw/Clima/Drought/SPEI12_genlogistic_global_era5_moda_ref1991to2020_197505.nc,SPEI12_genlogistic_global_era5_moda_ref1991to2020_197505.nc,TRUE,TRUE,197505,1975,5
Data Raw/Clima/Drought/SPEI12_genlogistic_global_era5_moda_ref1991to2020_197506.nc,SPEI12_genlogistic_global_era5_moda_ref1991to2020_197506.nc,TRUE,TRUE,197506,1975,6
Data Raw/Clima/Drought/SPEI12_genlogistic_global_era5_moda_ref1991to2020_197507.nc,SPEI12_genlogistic_global_era5_moda_ref1991to2020_197507.nc,TRUE,TRUE,197507,1975,7
Data Raw/Clima/Drought/SPEI12_genlogistic_global_era5_moda_ref1991to2020_197508.nc,SPEI12_genlogistic_global_era5_moda_ref1991to2020_197508.nc,TRUE,TRUE,197508,1975,8
Data Raw/Clima/Drought/SPEI12_genlogistic_global_era5_moda_ref1991to2020_197509.nc,SPEI12_genlogistic_global_era5_moda_ref1991to2020_197509.nc,TRUE,TRUE,197509,1975,9
Data Raw/Clima/Drought/SPEI12_genlogistic_global_era5_moda_ref1991to2020_197510.nc,SPEI12_genlogistic_global_era5_moda_ref1991to2020_197510.nc,TRUE,TRUE,197510,1975,10
Data Raw/Clima/Drought/SPEI12_genlogistic_global_era5_moda_ref1991to2020_197511.nc,SPEI12_genlogistic_global_era5_moda_ref1991to2020_197511.nc,TRUE,TRUE,197511,1975,11
Data Raw/Clima/Drought/SPEI12_genlogistic_global_era5_moda_ref1991to2020_197512.nc,SPEI12_genlogistic_global_era5_moda_ref1991to2020_197512.nc,TRUE,TRUE,197512,1975,12
Data Raw/Clima/Drought/SPEI12_genlogistic_global_era5_moda_ref1991to2020_197601.nc,SPEI12_genlogistic_global_era5_moda_ref1991to2020_197601.nc,TRUE,TRUE,197601,1976,1
Data Raw/Clima/Drought/SPEI12_genlogistic_global_era5_moda_ref1991to2020_197602.nc,SPEI12_genlogistic_global_era5_moda_ref1991to2020_197602.nc,TRUE,TRUE,197602,1976,2
Data Raw/Clima/Drought/SPEI12_genlogistic_global_era5_moda_ref1991to2020_197603.nc,SPEI12_genlogistic_global_era5_moda_ref1991to2020_197603.nc,TRUE,TRUE,197603,1976,3
Data Raw/Clima/Drought/SPEI12_genlogistic_global_era5_moda_ref1991to2020_197604.nc,SPEI12_genlogistic_global_era5_moda_ref1991to2020_197604.nc,TRUE,TRUE,197604,1976,4
Data Raw/Clima/Drought/SPEI12_genlogistic_global_era5_moda_ref1991to2020_197605.nc,SPEI12_genlogistic_global_era5_moda_ref1991to2020_197605.nc,TRUE,TRUE,197605,1976,5
Data Raw/Clima/Drought/SPEI12_genlogistic_global_era5_moda_ref1991to2020_197606.nc,SPEI12_genlogistic_global_era5_moda_ref1991to2020_197606.nc,TRUE,TRUE,197606,1976,6
Data Raw/Clima/Drought/SPEI12_genlogistic_global_era5_moda_ref1991to2020_197607.nc,SPEI12_genlogistic_global_era5_moda_ref1991to2020_197607.nc,TRUE,TRUE,197607,1976,7
Data Raw/Clima/Drought/SPEI12_genlogistic_global_era5_moda_ref1991to2020_197608.nc,SPEI12_genlogistic_global_era5_moda_ref1991to2020_197608.nc,TRUE,TRUE,197608,1976,8
Data Raw/Clima/Drought/SPEI12_genlogistic_global_era5_moda_ref1991to2020_197609.nc,SPEI12_genlogistic_global_era5_moda_ref1991to2020_197609.nc,TRUE,TRUE,197609,1976,9
Data Raw/Clima/Drought/SPEI12_genlogistic_global_era5_moda_ref1991to2020_197610.nc,SPEI12_genlogistic_global_era5_moda_ref1991to2020_197610.nc,TRUE,TRUE,197610,1976,10
Data Raw/Clima/Drought/SPEI12_genlogistic_global_era5_moda_ref1991to2020_197611.nc,SPEI12_genlogistic_global_era5_moda_ref1991to2020_197611.nc,TRUE,TRUE,197611,1976,11
Data Raw/Clima/Drought/SPEI12_genlogistic_global_era5_moda_ref1991to2020_197612.nc,SPEI12_genlogistic_global_era5_moda_ref1991to2020_197612.nc,TRUE,TRUE,197612,1976,12
Data Raw/Clima/Drought/SPEI12_genlogistic_global_era5_moda_ref1991to2020_197701.nc,SPEI12_genlogistic_global_era5_moda_ref1991to2020_197701.nc,TRUE,TRUE,197701,1977,1
Data Raw/Clima/Drought/SPEI12_genlogistic_global_era5_moda_ref1991to2020_197702.nc,SPEI12_genlogistic_global_era5_moda_ref1991to2020_197702.nc,TRUE,TRUE,197702,1977,2
Data Raw/Clima/Drought/SPEI12_genlogistic_global_era5_moda_ref1991to2020_197703.nc,SPEI12_genlogistic_global_era5_moda_ref1991to2020_197703.nc,TRUE,TRUE,197703,1977,3
Data Raw/Clima/Drought/SPEI12_genlogistic_global_era5_moda_ref1991to2020_197704.nc,SPEI12_genlogistic_global_era5_moda_ref1991to2020_197704.nc,TRUE,TRUE,197704,1977,4
Data Raw/Clima/Drought/SPEI12_genlogistic_global_era5_moda_ref1991to2020_197705.nc,SPEI12_genlogistic_global_era5_moda_ref1991to2020_197705.nc,TRUE,TRUE,197705,1977,5
Data Raw/Clima/Drought/SPEI12_genlogistic_global_era5_moda_ref1991to2020_197706.nc,SPEI12_genlogistic_global_era5_moda_ref1991to2020_197706.nc,TRUE,TRUE,197706,1977,6
Data Raw/Clima/Drought/SPEI12_genlogistic_global_era5_moda_ref1991to2020_197707.nc,SPEI12_genlogistic_global_era5_moda_ref1991to2020_197707.nc,TRUE,TRUE,197707,1977,7
Data Raw/Clima/Drought/SPEI12_genlogistic_global_era5_moda_ref1991to2020_197708.nc,SPEI12_genlogistic_global_era5_moda_ref1991to2020_197708.nc,TRUE,TRUE,197708,1977,8
Data Raw/Clima/Drought/SPEI12_genlogistic_global_era5_moda_ref1991to2020_197709.nc,SPEI12_genlogistic_global_era5_moda_ref1991to2020_197709.nc,TRUE,TRUE,197709,1977,9
Data Raw/Clima/Drought/SPEI12_genlogistic_global_era5_moda_ref1991to2020_197710.nc,SPEI12_genlogistic_global_era5_moda_ref1991to2020_197710.nc,TRUE,TRUE,197710,1977,10
Data Raw/Clima/Drought/SPEI12_genlogistic_global_era5_moda_ref1991to2020_197711.nc,SPEI12_genlogistic_global_era5_moda_ref1991to2020_197711.nc,TRUE,TRUE,197711,1977,11
Data Raw/Clima/Drought/SPEI12_genlogistic_global_era5_moda_ref1991to2020_197712.nc,SPEI12_genlogistic_global_era5_moda_ref1991to2020_197712.nc,TRUE,TRUE,197712,1977,12
Data Raw/Clima/Drought/SPEI12_genlogistic_global_era5_moda_ref1991to2020_197801.nc,SPEI12_genlogistic_global_era5_moda_ref1991to2020_197801.nc,TRUE,TRUE,197801,1978,1
Data Raw/Clima/Drought/SPEI12_genlogistic_global_era5_moda_ref1991to2020_197802.nc,SPEI12_genlogistic_global_era5_moda_ref1991to2020_197802.nc,TRUE,TRUE,197802,1978,2
Data Raw/Clima/Drought/SPEI12_genlogistic_global_era5_moda_ref1991to2020_197803.nc,SPEI12_genlogistic_global_era5_moda_ref1991to2020_197803.nc,TRUE,TRUE,197803,1978,3
Data Raw/Clima/Drought/SPEI12_genlogistic_global_era5_moda_ref1991to2020_197804.nc,SPEI12_genlogistic_global_era5_moda_ref1991to2020_197804.nc,TRUE,TRUE,197804,1978,4
Data Raw/Clima/Drought/SPEI12_genlogistic_global_era5_moda_ref1991to2020_197805.nc,SPEI12_genlogistic_global_era5_moda_ref1991to2020_197805.nc,TRUE,TRUE,197805,1978,5
Data Raw/Clima/Drought/SPEI12_genlogistic_global_era5_moda_ref1991to2020_197806.nc,SPEI12_genlogistic_global_era5_moda_ref1991to2020_197806.nc,TRUE,TRUE,197806,1978,6
Data Raw/Clima/Drought/SPEI12_genlogistic_global_era5_moda_ref1991to2020_197807.nc,SPEI12_genlogistic_global_era5_moda_ref1991to2020_197807.nc,TRUE,TRUE,197807,1978,7
Data Raw/Clima/Drought/SPEI12_genlogistic_global_era5_moda_ref1991to2020_197808.nc,SPEI12_genlogistic_global_era5_moda_ref1991to2020_197808.nc,TRUE,TRUE,197808,1978,8
Data Raw/Clima/Drought/SPEI12_genlogistic_global_era5_moda_ref1991to2020_197809.nc,SPEI12_genlogistic_global_era5_moda_ref1991to2020_197809.nc,TRUE,TRUE,197809,1978,9
Data Raw/Clima/Drought/SPEI12_genlogistic_global_era5_moda_ref1991to2020_197810.nc,SPEI12_genlogistic_global_era5_moda_ref1991to2020_197810.nc,TRUE,TRUE,197810,1978,10
Data Raw/Clima/Drought/SPEI12_genlogistic_global_era5_moda_ref1991to2020_197811.nc,SPEI12_genlogistic_global_era5_moda_ref1991to2020_197811.nc,TRUE,TRUE,197811,1978,11
Data Raw/Clima/Drought/SPEI12_genlogistic_global_era5_moda_ref1991to2020_197812.nc,SPEI12_genlogistic_global_era5_moda_ref1991to2020_197812.nc,TRUE,TRUE,197812,1978,12
Data Raw/Clima/Drought/SPEI12_genlogistic_global_era5_moda_ref1991to2020_197901.nc,SPEI12_genlogistic_global_era5_moda_ref1991to2020_197901.nc,TRUE,TRUE,197901,1979,1
Data Raw/Clima/Drought/SPEI12_genlogistic_global_era5_moda_ref1991to2020_197902.nc,SPEI12_genlogistic_global_era5_moda_ref1991to2020_197902.nc,TRUE,TRUE,197902,1979,2
Data Raw/Clima/Drought/SPEI12_genlogistic_global_era5_moda_ref1991to2020_197903.nc,SPEI12_genlogistic_global_era5_moda_ref1991to2020_197903.nc,TRUE,TRUE,197903,1979,3
Data Raw/Clima/Drought/SPEI12_genlogistic_global_era5_moda_ref1991to2020_197904.nc,SPEI12_genlogistic_global_era5_moda_ref1991to2020_197904.nc,TRUE,TRUE,197904,1979,4
Data Raw/Clima/Drought/SPEI12_genlogistic_global_era5_moda_ref1991to2020_197905.nc,SPEI12_genlogistic_global_era5_moda_ref1991to2020_197905.nc,TRUE,TRUE,197905,1979,5
Data Raw/Clima/Drought/SPEI12_genlogistic_global_era5_moda_ref1991to2020_197906.nc,SPEI12_genlogistic_global_era5_moda_ref1991to2020_197906.nc,TRUE,TRUE,197906,1979,6
Data Raw/Clima/Drought/SPEI12_genlogistic_global_era5_moda_ref1991to2020_197907.nc,SPEI12_genlogistic_global_era5_moda_ref1991to2020_197907.nc,TRUE,TRUE,197907,1979,7
Data Raw/Clima/Drought/SPEI12_genlogistic_global_era5_moda_ref1991to2020_197908.nc,SPEI12_genlogistic_global_era5_moda_ref1991to2020_197908.nc,TRUE,TRUE,197908,1979,8
Data Raw/Clima/Drought/SPEI12_genlogistic_global_era5_moda_ref1991to2020_197909.nc,SPEI12_genlogistic_global_era5_moda_ref1991to2020_197909.nc,TRUE,TRUE,197909,1979,9
Data Raw/Clima/Drought/SPEI12_genlogistic_global_era5_moda_ref1991to2020_197910.nc,SPEI12_genlogistic_global_era5_moda_ref1991to2020_197910.nc,TRUE,TRUE,197910,1979,10
Data Raw/Clima/Drought/SPEI12_genlogistic_global_era5_moda_ref1991to2020_197911.nc,SPEI12_genlogistic_global_era5_moda_ref1991to2020_197911.nc,TRUE,TRUE,197911,1979,11
Data Raw/Clima/Drought/SPEI12_genlogistic_global_era5_moda_ref1991to2020_197912.nc,SPEI12_genlogistic_global_era5_moda_ref1991to2020_197912.nc,TRUE,TRUE,197912,1979,12
Data Raw/Clima/Drought/SPEI12_genlogistic_global_era5_moda_ref1991to2020_198001.nc,SPEI12_genlogistic_global_era5_moda_ref1991to2020_198001.nc,TRUE,TRUE,198001,1980,1
Data Raw/Clima/Drought/SPEI12_genlogistic_global_era5_moda_ref1991to2020_198002.nc,SPEI12_genlogistic_global_era5_moda_ref1991to2020_198002.nc,TRUE,TRUE,198002,1980,2
Data Raw/Clima/Drought/SPEI12_genlogistic_global_era5_moda_ref1991to2020_198003.nc,SPEI12_genlogistic_global_era5_moda_ref1991to2020_198003.nc,TRUE,TRUE,198003,1980,3
Data Raw/Clima/Drought/SPEI12_genlogistic_global_era5_moda_ref1991to2020_198004.nc,SPEI12_genlogistic_global_era5_moda_ref1991to2020_198004.nc,TRUE,TRUE,198004,1980,4
Data Raw/Clima/Drought/SPEI12_genlogistic_global_era5_moda_ref1991to2020_198005.nc,SPEI12_genlogistic_global_era5_moda_ref1991to2020_198005.nc,TRUE,TRUE,198005,1980,5
Data Raw/Clima/Drought/SPEI12_genlogistic_global_era5_moda_ref1991to2020_198006.nc,SPEI12_genlogistic_global_era5_moda_ref1991to2020_198006.nc,TRUE,TRUE,198006,1980,6
Data Raw/Clima/Drought/SPEI12_genlogistic_global_era5_moda_ref1991to2020_198007.nc,SPEI12_genlogistic_global_era5_moda_ref1991to2020_198007.nc,TRUE,TRUE,198007,1980,7
Data Raw/Clima/Drought/SPEI12_genlogistic_global_era5_moda_ref1991to2020_198008.nc,SPEI12_genlogistic_global_era5_moda_ref1991to2020_198008.nc,TRUE,TRUE,198008,1980,8
Data Raw/Clima/Drought/SPEI12_genlogistic_global_era5_moda_ref1991to2020_198009.nc,SPEI12_genlogistic_global_era5_moda_ref1991to2020_198009.nc,TRUE,TRUE,198009,1980,9
Data Raw/Clima/Drought/SPEI12_genlogistic_global_era5_moda_ref1991to2020_198010.nc,SPEI12_genlogistic_global_era5_moda_ref1991to2020_198010.nc,TRUE,TRUE,198010,1980,10
Data Raw/Clima/Drought/SPEI12_genlogistic_global_era5_moda_ref1991to2020_198011.nc,SPEI12_genlogistic_global_era5_moda_ref1991to2020_198011.nc,TRUE,TRUE,198011,1980,11
Data Raw/Clima/Drought/SPEI12_genlogistic_global_era5_moda_ref1991to2020_198012.nc,SPEI12_genlogistic_global_era5_moda_ref1991to2020_198012.nc,TRUE,TRUE,198012,1980,12
Data Raw/Clima/Drought/SPEI12_genlogistic_global_era5_moda_ref1991to2020_198101.nc,SPEI12_genlogistic_global_era5_moda_ref1991to2020_198101.nc,TRUE,TRUE,198101,1981,1
Data Raw/Clima/Drought/SPEI12_genlogistic_global_era5_moda_ref1991to2020_198102.nc,SPEI12_genlogistic_global_era5_moda_ref1991to2020_198102.nc,TRUE,TRUE,198102,1981,2
Data Raw/Clima/Drought/SPEI12_genlogistic_global_era5_moda_ref1991to2020_198103.nc,SPEI12_genlogistic_global_era5_moda_ref1991to2020_198103.nc,TRUE,TRUE,198103,1981,3
Data Raw/Clima/Drought/SPEI12_genlogistic_global_era5_moda_ref1991to2020_198104.nc,SPEI12_genlogistic_global_era5_moda_ref1991to2020_198104.nc,TRUE,TRUE,198104,1981,4
Data Raw/Clima/Drought/SPEI12_genlogistic_global_era5_moda_ref1991to2020_198105.nc,SPEI12_genlogistic_global_era5_moda_ref1991to2020_198105.nc,TRUE,TRUE,198105,1981,5
Data Raw/Clima/Drought/SPEI12_genlogistic_global_era5_moda_ref1991to2020_198106.nc,SPEI12_genlogistic_global_era5_moda_ref1991to2020_198106.nc,TRUE,TRUE,198106,1981,6
Data Raw/Clima/Drought/SPEI12_genlogistic_global_era5_moda_ref1991to2020_198107.nc,SPEI12_genlogistic_global_era5_moda_ref1991to2020_198107.nc,TRUE,TRUE,198107,1981,7
Data Raw/Clima/Drought/SPEI12_genlogistic_global_era5_moda_ref1991to2020_198108.nc,SPEI12_genlogistic_global_era5_moda_ref1991to2020_198108.nc,TRUE,TRUE,198108,1981,8
Data Raw/Clima/Drought/SPEI12_genlogistic_global_era5_moda_ref1991to2020_198109.nc,SPEI12_genlogistic_global_era5_moda_ref1991to2020_198109.nc,TRUE,TRUE,198109,1981,9
Data Raw/Clima/Drought/SPEI12_genlogistic_global_era5_moda_ref1991to2020_198110.nc,SPEI12_genlogistic_global_era5_moda_ref1991to2020_198110.nc,TRUE,TRUE,198110,1981,10
Data Raw/Clima/Drought/SPEI12_genlogistic_global_era5_moda_ref1991to2020_198111.nc,SPEI12_genlogistic_global_era5_moda_ref1991to2020_198111.nc,TRUE,TRUE,198111,1981,11
Data Raw/Clima/Drought/SPEI12_genlogistic_global_era5_moda_ref1991to2020_198112.nc,SPEI12_genlogistic_global_era5_moda_ref1991to2020_198112.nc,TRUE,TRUE,198112,1981,12
Data Raw/Clima/Drought/SPEI12_genlogistic_global_era5_moda_ref1991to2020_198201.nc,SPEI12_genlogistic_global_era5_moda_ref1991to2020_198201.nc,TRUE,TRUE,198201,1982,1
Data Raw/Clima/Drought/SPEI12_genlogistic_global_era5_moda_ref1991to2020_198202.nc,SPEI12_genlogistic_global_era5_moda_ref1991to2020_198202.nc,TRUE,TRUE,198202,1982,2
Data Raw/Clima/Drought/SPEI12_genlogistic_global_era5_moda_ref1991to2020_198203.nc,SPEI12_genlogistic_global_era5_moda_ref1991to2020_198203.nc,TRUE,TRUE,198203,1982,3
Data Raw/Clima/Drought/SPEI12_genlogistic_global_era5_moda_ref1991to2020_198204.nc,SPEI12_genlogistic_global_era5_moda_ref1991to2020_198204.nc,TRUE,TRUE,198204,1982,4
Data Raw/Clima/Drought/SPEI12_genlogistic_global_era5_moda_ref1991to2020_198205.nc,SPEI12_genlogistic_global_era5_moda_ref1991to2020_198205.nc,TRUE,TRUE,198205,1982,5
Data Raw/Clima/Drought/SPEI12_genlogistic_global_era5_moda_ref1991to2020_198206.nc,SPEI12_genlogistic_global_era5_moda_ref1991to2020_198206.nc,TRUE,TRUE,198206,1982,6
Data Raw/Clima/Drought/SPEI12_genlogistic_global_era5_moda_ref1991to2020_198207.nc,SPEI12_genlogistic_global_era5_moda_ref1991to2020_198207.nc,TRUE,TRUE,198207,1982,7
Data Raw/Clima/Drought/SPEI12_genlogistic_global_era5_moda_ref1991to2020_198208.nc,SPEI12_genlogistic_global_era5_moda_ref1991to2020_198208.nc,TRUE,TRUE,198208,1982,8
Data Raw/Clima/Drought/SPEI12_genlogistic_global_era5_moda_ref1991to2020_198209.nc,SPEI12_genlogistic_global_era5_moda_ref1991to2020_198209.nc,TRUE,TRUE,198209,1982,9
Data Raw/Clima/Drought/SPEI12_genlogistic_global_era5_moda_ref1991to2020_198210.nc,SPEI12_genlogistic_global_era5_moda_ref1991to2020_198210.nc,TRUE,TRUE,198210,1982,10
Data Raw/Clima/Drought/SPEI12_genlogistic_global_era5_moda_ref1991to2020_198211.nc,SPEI12_genlogistic_global_era5_moda_ref1991to2020_198211.nc,TRUE,TRUE,198211,1982,11
Data Raw/Clima/Drought/SPEI12_genlogistic_global_era5_moda_ref1991to2020_198212.nc,SPEI12_genlogistic_global_era5_moda_ref1991to2020_198212.nc,TRUE,TRUE,198212,1982,12
Data Raw/Clima/Drought/SPEI12_genlogistic_global_era5_moda_ref1991to2020_198301.nc,SPEI12_genlogistic_global_era5_moda_ref1991to2020_198301.nc,TRUE,TRUE,198301,1983,1
Data Raw/Clima/Drought/SPEI12_genlogistic_global_era5_moda_ref1991to2020_198302.nc,SPEI12_genlogistic_global_era5_moda_ref1991to2020_198302.nc,TRUE,TRUE,198302,1983,2
Data Raw/Clima/Drought/SPEI12_genlogistic_global_era5_moda_ref1991to2020_198303.nc,SPEI12_genlogistic_global_era5_moda_ref1991to2020_198303.nc,TRUE,TRUE,198303,1983,3
Data Raw/Clima/Drought/SPEI12_genlogistic_global_era5_moda_ref1991to2020_198304.nc,SPEI12_genlogistic_global_era5_moda_ref1991to2020_198304.nc,TRUE,TRUE,198304,1983,4
Data Raw/Clima/Drought/SPEI12_genlogistic_global_era5_moda_ref1991to2020_198305.nc,SPEI12_genlogistic_global_era5_moda_ref1991to2020_198305.nc,TRUE,TRUE,198305,1983,5
Data Raw/Clima/Drought/SPEI12_genlogistic_global_era5_moda_ref1991to2020_198306.nc,SPEI12_genlogistic_global_era5_moda_ref1991to2020_198306.nc,TRUE,TRUE,198306,1983,6
Data Raw/Clima/Drought/SPEI12_genlogistic_global_era5_moda_ref1991to2020_198307.nc,SPEI12_genlogistic_global_era5_moda_ref1991to2020_198307.nc,TRUE,TRUE,198307,1983,7
Data Raw/Clima/Drought/SPEI12_genlogistic_global_era5_moda_ref1991to2020_198308.nc,SPEI12_genlogistic_global_era5_moda_ref1991to2020_198308.nc,TRUE,TRUE,198308,1983,8
Data Raw/Clima/Drought/SPEI12_genlogistic_global_era5_moda_ref1991to2020_198309.nc,SPEI12_genlogistic_global_era5_moda_ref1991to2020_198309.nc,TRUE,TRUE,198309,1983,9
Data Raw/Clima/Drought/SPEI12_genlogistic_global_era5_moda_ref1991to2020_198310.nc,SPEI12_genlogistic_global_era5_moda_ref1991to2020_198310.nc,TRUE,TRUE,198310,1983,10
Data Raw/Clima/Drought/SPEI12_genlogistic_global_era5_moda_ref1991to2020_198311.nc,SPEI12_genlogistic_global_era5_moda_ref1991to2020_198311.nc,TRUE,TRUE,198311,1983,11
Data Raw/Clima/Drought/SPEI12_genlogistic_global_era5_moda_ref1991to2020_198312.nc,SPEI12_genlogistic_global_era5_moda_ref1991to2020_198312.nc,TRUE,TRUE,198312,1983,12
Data Raw/Clima/Drought/SPEI12_genlogistic_global_era5_moda_ref1991to2020_198401.nc,SPEI12_genlogistic_global_era5_moda_ref1991to2020_198401.nc,TRUE,TRUE,198401,1984,1
Data Raw/Clima/Drought/SPEI12_genlogistic_global_era5_moda_ref1991to2020_198402.nc,SPEI12_genlogistic_global_era5_moda_ref1991to2020_198402.nc,TRUE,TRUE,198402,1984,2
Data Raw/Clima/Drought/SPEI12_genlogistic_global_era5_moda_ref1991to2020_198403.nc,SPEI12_genlogistic_global_era5_moda_ref1991to2020_198403.nc,TRUE,TRUE,198403,1984,3
Data Raw/Clima/Drought/SPEI12_genlogistic_global_era5_moda_ref1991to2020_198404.nc,SPEI12_genlogistic_global_era5_moda_ref1991to2020_198404.nc,TRUE,TRUE,198404,1984,4
Data Raw/Clima/Drought/SPEI12_genlogistic_global_era5_moda_ref1991to2020_198405.nc,SPEI12_genlogistic_global_era5_moda_ref1991to2020_198405.nc,TRUE,TRUE,198405,1984,5
Data Raw/Clima/Drought/SPEI12_genlogistic_global_era5_moda_ref1991to2020_198406.nc,SPEI12_genlogistic_global_era5_moda_ref1991to2020_198406.nc,TRUE,TRUE,198406,1984,6
Data Raw/Clima/Drought/SPEI12_genlogistic_global_era5_moda_ref1991to2020_198407.nc,SPEI12_genlogistic_global_era5_moda_ref1991to2020_198407.nc,TRUE,TRUE,198407,1984,7
Data Raw/Clima/Drought/SPEI12_genlogistic_global_era5_moda_ref1991to2020_198408.nc,SPEI12_genlogistic_global_era5_moda_ref1991to2020_198408.nc,TRUE,TRUE,198408,1984,8
Data Raw/Clima/Drought/SPEI12_genlogistic_global_era5_moda_ref1991to2020_198409.nc,SPEI12_genlogistic_global_era5_moda_ref1991to2020_198409.nc,TRUE,TRUE,198409,1984,9
Data Raw/Clima/Drought/SPEI12_genlogistic_global_era5_moda_ref1991to2020_198410.nc,SPEI12_genlogistic_global_era5_moda_ref1991to2020_198410.nc,TRUE,TRUE,198410,1984,10
Data Raw/Clima/Drought/SPEI12_genlogistic_global_era5_moda_ref1991to2020_198411.nc,SPEI12_genlogistic_global_era5_moda_ref1991to2020_198411.nc,TRUE,TRUE,198411,1984,11
Data Raw/Clima/Drought/SPEI12_genlogistic_global_era5_moda_ref1991to2020_198412.nc,SPEI12_genlogistic_global_era5_moda_ref1991to2020_198412.nc,TRUE,TRUE,198412,1984,12
Data Raw/Clima/Drought/SPEI12_genlogistic_global_era5_moda_ref1991to2020_198501.nc,SPEI12_genlogistic_global_era5_moda_ref1991to2020_198501.nc,TRUE,TRUE,198501,1985,1
Data Raw/Clima/Drought/SPEI12_genlogistic_global_era5_moda_ref1991to2020_198502.nc,SPEI12_genlogistic_global_era5_moda_ref1991to2020_198502.nc,TRUE,TRUE,198502,1985,2
Data Raw/Clima/Drought/SPEI12_genlogistic_global_era5_moda_ref1991to2020_198503.nc,SPEI12_genlogistic_global_era5_moda_ref1991to2020_198503.nc,TRUE,TRUE,198503,1985,3
Data Raw/Clima/Drought/SPEI12_genlogistic_global_era5_moda_ref1991to2020_198504.nc,SPEI12_genlogistic_global_era5_moda_ref1991to2020_198504.nc,TRUE,TRUE,198504,1985,4
Data Raw/Clima/Drought/SPEI12_genlogistic_global_era5_moda_ref1991to2020_198505.nc,SPEI12_genlogistic_global_era5_moda_ref1991to2020_198505.nc,TRUE,TRUE,198505,1985,5
Data Raw/Clima/Drought/SPEI12_genlogistic_global_era5_moda_ref1991to2020_198506.nc,SPEI12_genlogistic_global_era5_moda_ref1991to2020_198506.nc,TRUE,TRUE,198506,1985,6
Data Raw/Clima/Drought/SPEI12_genlogistic_global_era5_moda_ref1991to2020_198507.nc,SPEI12_genlogistic_global_era5_moda_ref1991to2020_198507.nc,TRUE,TRUE,198507,1985,7
Data Raw/Clima/Drought/SPEI12_genlogistic_global_era5_moda_ref1991to2020_198508.nc,SPEI12_genlogistic_global_era5_moda_ref1991to2020_198508.nc,TRUE,TRUE,198508,1985,8
Data Raw/Clima/Drought/SPEI12_genlogistic_global_era5_moda_ref1991to2020_198509.nc,SPEI12_genlogistic_global_era5_moda_ref1991to2020_198509.nc,TRUE,TRUE,198509,1985,9
Data Raw/Clima/Drought/SPEI12_genlogistic_global_era5_moda_ref1991to2020_198510.nc,SPEI12_genlogistic_global_era5_moda_ref1991to2020_198510.nc,TRUE,TRUE,198510,1985,10
Data Raw/Clima/Drought/SPEI12_genlogistic_global_era5_moda_ref1991to2020_198511.nc,SPEI12_genlogistic_global_era5_moda_ref1991to2020_198511.nc,TRUE,TRUE,198511,1985,11
Data Raw/Clima/Drought/SPEI12_genlogistic_global_era5_moda_ref1991to2020_198512.nc,SPEI12_genlogistic_global_era5_moda_ref1991to2020_198512.nc,TRUE,TRUE,198512,1985,12
Data Raw/Clima/Drought/SPEI12_genlogistic_global_era5_moda_ref1991to2020_198601.nc,SPEI12_genlogistic_global_era5_moda_ref1991to2020_198601.nc,TRUE,TRUE,198601,1986,1
Data Raw/Clima/Drought/SPEI12_genlogistic_global_era5_moda_ref1991to2020_198602.nc,SPEI12_genlogistic_global_era5_moda_ref1991to2020_198602.nc,TRUE,TRUE,198602,1986,2
Data Raw/Clima/Drought/SPEI12_genlogistic_global_era5_moda_ref1991to2020_198603.nc,SPEI12_genlogistic_global_era5_moda_ref1991to2020_198603.nc,TRUE,TRUE,198603,1986,3
Data Raw/Clima/Drought/SPEI12_genlogistic_global_era5_moda_ref1991to2020_198604.nc,SPEI12_genlogistic_global_era5_moda_ref1991to2020_198604.nc,TRUE,TRUE,198604,1986,4
Data Raw/Clima/Drought/SPEI12_genlogistic_global_era5_moda_ref1991to2020_198605.nc,SPEI12_genlogistic_global_era5_moda_ref1991to2020_198605.nc,TRUE,TRUE,198605,1986,5
Data Raw/Clima/Drought/SPEI12_genlogistic_global_era5_moda_ref1991to2020_198606.nc,SPEI12_genlogistic_global_era5_moda_ref1991to2020_198606.nc,TRUE,TRUE,198606,1986,6
Data Raw/Clima/Drought/SPEI12_genlogistic_global_era5_moda_ref1991to2020_198607.nc,SPEI12_genlogistic_global_era5_moda_ref1991to2020_198607.nc,TRUE,TRUE,198607,1986,7
Data Raw/Clima/Drought/SPEI12_genlogistic_global_era5_moda_ref1991to2020_198608.nc,SPEI12_genlogistic_global_era5_moda_ref1991to2020_198608.nc,TRUE,TRUE,198608,1986,8
Data Raw/Clima/Drought/SPEI12_genlogistic_global_era5_moda_ref1991to2020_198609.nc,SPEI12_genlogistic_global_era5_moda_ref1991to2020_198609.nc,TRUE,TRUE,198609,1986,9
Data Raw/Clima/Drought/SPEI12_genlogistic_global_era5_moda_ref1991to2020_198610.nc,SPEI12_genlogistic_global_era5_moda_ref1991to2020_198610.nc,TRUE,TRUE,198610,1986,10
Data Raw/Clima/Drought/SPEI12_genlogistic_global_era5_moda_ref1991to2020_198611.nc,SPEI12_genlogistic_global_era5_moda_ref1991to2020_198611.nc,TRUE,TRUE,198611,1986,11
Data Raw/Clima/Drought/SPEI12_genlogistic_global_era5_moda_ref1991to2020_198612.nc,SPEI12_genlogistic_global_era5_moda_ref1991to2020_198612.nc,TRUE,TRUE,198612,1986,12
Data Raw/Clima/Drought/SPEI12_genlogistic_global_era5_moda_ref1991to2020_198701.nc,SPEI12_genlogistic_global_era5_moda_ref1991to2020_198701.nc,TRUE,TRUE,198701,1987,1
Data Raw/Clima/Drought/SPEI12_genlogistic_global_era5_moda_ref1991to2020_198702.nc,SPEI12_genlogistic_global_era5_moda_ref1991to2020_198702.nc,TRUE,TRUE,198702,1987,2
Data Raw/Clima/Drought/SPEI12_genlogistic_global_era5_moda_ref1991to2020_198703.nc,SPEI12_genlogistic_global_era5_moda_ref1991to2020_198703.nc,TRUE,TRUE,198703,1987,3
Data Raw/Clima/Drought/SPEI12_genlogistic_global_era5_moda_ref1991to2020_198704.nc,SPEI12_genlogistic_global_era5_moda_ref1991to2020_198704.nc,TRUE,TRUE,198704,1987,4
Data Raw/Clima/Drought/SPEI12_genlogistic_global_era5_moda_ref1991to2020_198705.nc,SPEI12_genlogistic_global_era5_moda_ref1991to2020_198705.nc,TRUE,TRUE,198705,1987,5
Data Raw/Clima/Drought/SPEI12_genlogistic_global_era5_moda_ref1991to2020_198706.nc,SPEI12_genlogistic_global_era5_moda_ref1991to2020_198706.nc,TRUE,TRUE,198706,1987,6
Data Raw/Clima/Drought/SPEI12_genlogistic_global_era5_moda_ref1991to2020_198707.nc,SPEI12_genlogistic_global_era5_moda_ref1991to2020_198707.nc,TRUE,TRUE,198707,1987,7
Data Raw/Clima/Drought/SPEI12_genlogistic_global_era5_moda_ref1991to2020_198708.nc,SPEI12_genlogistic_global_era5_moda_ref1991to2020_198708.nc,TRUE,TRUE,198708,1987,8
Data Raw/Clima/Drought/SPEI12_genlogistic_global_era5_moda_ref1991to2020_198709.nc,SPEI12_genlogistic_global_era5_moda_ref1991to2020_198709.nc,TRUE,TRUE,198709,1987,9
Data Raw/Clima/Drought/SPEI12_genlogistic_global_era5_moda_ref1991to2020_198710.nc,SPEI12_genlogistic_global_era5_moda_ref1991to2020_198710.nc,TRUE,TRUE,198710,1987,10
Data Raw/Clima/Drought/SPEI12_genlogistic_global_era5_moda_ref1991to2020_198711.nc,SPEI12_genlogistic_global_era5_moda_ref1991to2020_198711.nc,TRUE,TRUE,198711,1987,11
Data Raw/Clima/Drought/SPEI12_genlogistic_global_era5_moda_ref1991to2020_198712.nc,SPEI12_genlogistic_global_era5_moda_ref1991to2020_198712.nc,TRUE,TRUE,198712,1987,12
Data Raw/Clima/Drought/SPEI12_genlogistic_global_era5_moda_ref1991to2020_198801.nc,SPEI12_genlogistic_global_era5_moda_ref1991to2020_198801.nc,TRUE,TRUE,198801,1988,1
Data Raw/Clima/Drought/SPEI12_genlogistic_global_era5_moda_ref1991to2020_198802.nc,SPEI12_genlogistic_global_era5_moda_ref1991to2020_198802.nc,TRUE,TRUE,198802,1988,2
Data Raw/Clima/Drought/SPEI12_genlogistic_global_era5_moda_ref1991to2020_198803.nc,SPEI12_genlogistic_global_era5_moda_ref1991to2020_198803.nc,TRUE,TRUE,198803,1988,3
Data Raw/Clima/Drought/SPEI12_genlogistic_global_era5_moda_ref1991to2020_198804.nc,SPEI12_genlogistic_global_era5_moda_ref1991to2020_198804.nc,TRUE,TRUE,198804,1988,4
Data Raw/Clima/Drought/SPEI12_genlogistic_global_era5_moda_ref1991to2020_198805.nc,SPEI12_genlogistic_global_era5_moda_ref1991to2020_198805.nc,TRUE,TRUE,198805,1988,5
Data Raw/Clima/Drought/SPEI12_genlogistic_global_era5_moda_ref1991to2020_198806.nc,SPEI12_genlogistic_global_era5_moda_ref1991to2020_198806.nc,TRUE,TRUE,198806,1988,6
Data Raw/Clima/Drought/SPEI12_genlogistic_global_era5_moda_ref1991to2020_198807.nc,SPEI12_genlogistic_global_era5_moda_ref1991to2020_198807.nc,TRUE,TRUE,198807,1988,7
Data Raw/Clima/Drought/SPEI12_genlogistic_global_era5_moda_ref1991to2020_198808.nc,SPEI12_genlogistic_global_era5_moda_ref1991to2020_198808.nc,TRUE,TRUE,198808,1988,8
Data Raw/Clima/Drought/SPEI12_genlogistic_global_era5_moda_ref1991to2020_198809.nc,SPEI12_genlogistic_global_era5_moda_ref1991to2020_198809.nc,TRUE,TRUE,198809,1988,9
Data Raw/Clima/Drought/SPEI12_genlogistic_global_era5_moda_ref1991to2020_198810.nc,SPEI12_genlogistic_global_era5_moda_ref1991to2020_198810.nc,TRUE,TRUE,198810,1988,10
Data Raw/Clima/Drought/SPEI12_genlogistic_global_era5_moda_ref1991to2020_198811.nc,SPEI12_genlogistic_global_era5_moda_ref1991to2020_198811.nc,TRUE,TRUE,198811,1988,11
Data Raw/Clima/Drought/SPEI12_genlogistic_global_era5_moda_ref1991to2020_198812.nc,SPEI12_genlogistic_global_era5_moda_ref1991to2020_198812.nc,TRUE,TRUE,198812,1988,12
Data Raw/Clima/Drought/SPEI12_genlogistic_global_era5_moda_ref1991to2020_198901.nc,SPEI12_genlogistic_global_era5_moda_ref1991to2020_198901.nc,TRUE,TRUE,198901,1989,1
Data Raw/Clima/Drought/SPEI12_genlogistic_global_era5_moda_ref1991to2020_198902.nc,SPEI12_genlogistic_global_era5_moda_ref1991to2020_198902.nc,TRUE,TRUE,198902,1989,2
Data Raw/Clima/Drought/SPEI12_genlogistic_global_era5_moda_ref1991to2020_198903.nc,SPEI12_genlogistic_global_era5_moda_ref1991to2020_198903.nc,TRUE,TRUE,198903,1989,3
Data Raw/Clima/Drought/SPEI12_genlogistic_global_era5_moda_ref1991to2020_198904.nc,SPEI12_genlogistic_global_era5_moda_ref1991to2020_198904.nc,TRUE,TRUE,198904,1989,4
Data Raw/Clima/Drought/SPEI12_genlogistic_global_era5_moda_ref1991to2020_198905.nc,SPEI12_genlogistic_global_era5_moda_ref1991to2020_198905.nc,TRUE,TRUE,198905,1989,5
Data Raw/Clima/Drought/SPEI12_genlogistic_global_era5_moda_ref1991to2020_198906.nc,SPEI12_genlogistic_global_era5_moda_ref1991to2020_198906.nc,TRUE,TRUE,198906,1989,6
Data Raw/Clima/Drought/SPEI12_genlogistic_global_era5_moda_ref1991to2020_198907.nc,SPEI12_genlogistic_global_era5_moda_ref1991to2020_198907.nc,TRUE,TRUE,198907,1989,7
Data Raw/Clima/Drought/SPEI12_genlogistic_global_era5_moda_ref1991to2020_198908.nc,SPEI12_genlogistic_global_era5_moda_ref1991to2020_198908.nc,TRUE,TRUE,198908,1989,8
Data Raw/Clima/Drought/SPEI12_genlogistic_global_era5_moda_ref1991to2020_198909.nc,SPEI12_genlogistic_global_era5_moda_ref1991to2020_198909.nc,TRUE,TRUE,198909,1989,9
Data Raw/Clima/Drought/SPEI12_genlogistic_global_era5_moda_ref1991to2020_198910.nc,SPEI12_genlogistic_global_era5_moda_ref1991to2020_198910.nc,TRUE,TRUE,198910,1989,10
Data Raw/Clima/Drought/SPEI12_genlogistic_global_era5_moda_ref1991to2020_198911.nc,SPEI12_genlogistic_global_era5_moda_ref1991to2020_198911.nc,TRUE,TRUE,198911,1989,11
Data Raw/Clima/Drought/SPEI12_genlogistic_global_era5_moda_ref1991to2020_198912.nc,SPEI12_genlogistic_global_era5_moda_ref1991to2020_198912.nc,TRUE,TRUE,198912,1989,12
Data Raw/Clima/Drought/SPEI12_genlogistic_global_era5_moda_ref1991to2020_199001.nc,SPEI12_genlogistic_global_era5_moda_ref1991to2020_199001.nc,TRUE,TRUE,199001,1990,1
Data Raw/Clima/Drought/SPEI12_genlogistic_global_era5_moda_ref1991to2020_199002.nc,SPEI12_genlogistic_global_era5_moda_ref1991to2020_199002.nc,TRUE,TRUE,199002,1990,2
Data Raw/Clima/Drought/SPEI12_genlogistic_global_era5_moda_ref1991to2020_199003.nc,SPEI12_genlogistic_global_era5_moda_ref1991to2020_199003.nc,TRUE,TRUE,199003,1990,3
Data Raw/Clima/Drought/SPEI12_genlogistic_global_era5_moda_ref1991to2020_199004.nc,SPEI12_genlogistic_global_era5_moda_ref1991to2020_199004.nc,TRUE,TRUE,199004,1990,4
Data Raw/Clima/Drought/SPEI12_genlogistic_global_era5_moda_ref1991to2020_199005.nc,SPEI12_genlogistic_global_era5_moda_ref1991to2020_199005.nc,TRUE,TRUE,199005,1990,5
Data Raw/Clima/Drought/SPEI12_genlogistic_global_era5_moda_ref1991to2020_199006.nc,SPEI12_genlogistic_global_era5_moda_ref1991to2020_199006.nc,TRUE,TRUE,199006,1990,6
Data Raw/Clima/Drought/SPEI12_genlogistic_global_era5_moda_ref1991to2020_199007.nc,SPEI12_genlogistic_global_era5_moda_ref1991to2020_199007.nc,TRUE,TRUE,199007,1990,7
Data Raw/Clima/Drought/SPEI12_genlogistic_global_era5_moda_ref1991to2020_199008.nc,SPEI12_genlogistic_global_era5_moda_ref1991to2020_199008.nc,TRUE,TRUE,199008,1990,8
Data Raw/Clima/Drought/SPEI12_genlogistic_global_era5_moda_ref1991to2020_199009.nc,SPEI12_genlogistic_global_era5_moda_ref1991to2020_199009.nc,TRUE,TRUE,199009,1990,9
Data Raw/Clima/Drought/SPEI12_genlogistic_global_era5_moda_ref1991to2020_199010.nc,SPEI12_genlogistic_global_era5_moda_ref1991to2020_199010.nc,TRUE,TRUE,199010,1990,10
Data Raw/Clima/Drought/SPEI12_genlogistic_global_era5_moda_ref1991to2020_199011.nc,SPEI12_genlogistic_global_era5_moda_ref1991to2020_199011.nc,TRUE,TRUE,199011,1990,11
Data Raw/Clima/Drought/SPEI12_genlogistic_global_era5_moda_ref1991to2020_199012.nc,SPEI12_genlogistic_global_era5_moda_ref1991to2020_199012.nc,TRUE,TRUE,199012,1990,12
Data Raw/Clima/Drought/SPEI12_genlogistic_global_era5_moda_ref1991to2020_199101.nc,SPEI12_genlogistic_global_era5_moda_ref1991to2020_199101.nc,TRUE,TRUE,199101,1991,1
Data Raw/Clima/Drought/SPEI12_genlogistic_global_era5_moda_ref1991to2020_199102.nc,SPEI12_genlogistic_global_era5_moda_ref1991to2020_199102.nc,TRUE,TRUE,199102,1991,2
Data Raw/Clima/Drought/SPEI12_genlogistic_global_era5_moda_ref1991to2020_199103.nc,SPEI12_genlogistic_global_era5_moda_ref1991to2020_199103.nc,TRUE,TRUE,199103,1991,3
Data Raw/Clima/Drought/SPEI12_genlogistic_global_era5_moda_ref1991to2020_199104.nc,SPEI12_genlogistic_global_era5_moda_ref1991to2020_199104.nc,TRUE,TRUE,199104,1991,4
Data Raw/Clima/Drought/SPEI12_genlogistic_global_era5_moda_ref1991to2020_199105.nc,SPEI12_genlogistic_global_era5_moda_ref1991to2020_199105.nc,TRUE,TRUE,199105,1991,5
Data Raw/Clima/Drought/SPEI12_genlogistic_global_era5_moda_ref1991to2020_199106.nc,SPEI12_genlogistic_global_era5_moda_ref1991to2020_199106.nc,TRUE,TRUE,199106,1991,6
Data Raw/Clima/Drought/SPEI12_genlogistic_global_era5_moda_ref1991to2020_199107.nc,SPEI12_genlogistic_global_era5_moda_ref1991to2020_199107.nc,TRUE,TRUE,199107,1991,7
Data Raw/Clima/Drought/SPEI12_genlogistic_global_era5_moda_ref1991to2020_199108.nc,SPEI12_genlogistic_global_era5_moda_ref1991to2020_199108.nc,TRUE,TRUE,199108,1991,8
Data Raw/Clima/Drought/SPEI12_genlogistic_global_era5_moda_ref1991to2020_199109.nc,SPEI12_genlogistic_global_era5_moda_ref1991to2020_199109.nc,TRUE,TRUE,199109,1991,9
Data Raw/Clima/Drought/SPEI12_genlogistic_global_era5_moda_ref1991to2020_199110.nc,SPEI12_genlogistic_global_era5_moda_ref1991to2020_199110.nc,TRUE,TRUE,199110,1991,10
Data Raw/Clima/Drought/SPEI12_genlogistic_global_era5_moda_ref1991to2020_199111.nc,SPEI12_genlogistic_global_era5_moda_ref1991to2020_199111.nc,TRUE,TRUE,199111,1991,11
Data Raw/Clima/Drought/SPEI12_genlogistic_global_era5_moda_ref1991to2020_199112.nc,SPEI12_genlogistic_global_era5_moda_ref1991to2020_199112.nc,TRUE,TRUE,199112,1991,12
Data Raw/Clima/Drought/SPEI12_genlogistic_global_era5_moda_ref1991to2020_199201.nc,SPEI12_genlogistic_global_era5_moda_ref1991to2020_199201.nc,TRUE,TRUE,199201,1992,1
Data Raw/Clima/Drought/SPEI12_genlogistic_global_era5_moda_ref1991to2020_199202.nc,SPEI12_genlogistic_global_era5_moda_ref1991to2020_199202.nc,TRUE,TRUE,199202,1992,2
Data Raw/Clima/Drought/SPEI12_genlogistic_global_era5_moda_ref1991to2020_199203.nc,SPEI12_genlogistic_global_era5_moda_ref1991to2020_199203.nc,TRUE,TRUE,199203,1992,3
Data Raw/Clima/Drought/SPEI12_genlogistic_global_era5_moda_ref1991to2020_199204.nc,SPEI12_genlogistic_global_era5_moda_ref1991to2020_199204.nc,TRUE,TRUE,199204,1992,4
Data Raw/Clima/Drought/SPEI12_genlogistic_global_era5_moda_ref1991to2020_199205.nc,SPEI12_genlogistic_global_era5_moda_ref1991to2020_199205.nc,TRUE,TRUE,199205,1992,5
Data Raw/Clima/Drought/SPEI12_genlogistic_global_era5_moda_ref1991to2020_199206.nc,SPEI12_genlogistic_global_era5_moda_ref1991to2020_199206.nc,TRUE,TRUE,199206,1992,6
Data Raw/Clima/Drought/SPEI12_genlogistic_global_era5_moda_ref1991to2020_199207.nc,SPEI12_genlogistic_global_era5_moda_ref1991to2020_199207.nc,TRUE,TRUE,199207,1992,7
Data Raw/Clima/Drought/SPEI12_genlogistic_global_era5_moda_ref1991to2020_199208.nc,SPEI12_genlogistic_global_era5_moda_ref1991to2020_199208.nc,TRUE,TRUE,199208,1992,8
Data Raw/Clima/Drought/SPEI12_genlogistic_global_era5_moda_ref1991to2020_199209.nc,SPEI12_genlogistic_global_era5_moda_ref1991to2020_199209.nc,TRUE,TRUE,199209,1992,9
Data Raw/Clima/Drought/SPEI12_genlogistic_global_era5_moda_ref1991to2020_199210.nc,SPEI12_genlogistic_global_era5_moda_ref1991to2020_199210.nc,TRUE,TRUE,199210,1992,10
Data Raw/Clima/Drought/SPEI12_genlogistic_global_era5_moda_ref1991to2020_199211.nc,SPEI12_genlogistic_global_era5_moda_ref1991to2020_199211.nc,TRUE,TRUE,199211,1992,11
Data Raw/Clima/Drought/SPEI12_genlogistic_global_era5_moda_ref1991to2020_199212.nc,SPEI12_genlogistic_global_era5_moda_ref1991to2020_199212.nc,TRUE,TRUE,199212,1992,12
Data Raw/Clima/Drought/SPEI12_genlogistic_global_era5_moda_ref1991to2020_199301.nc,SPEI12_genlogistic_global_era5_moda_ref1991to2020_199301.nc,TRUE,TRUE,199301,1993,1
Data Raw/Clima/Drought/SPEI12_genlogistic_global_era5_moda_ref1991to2020_199302.nc,SPEI12_genlogistic_global_era5_moda_ref1991to2020_199302.nc,TRUE,TRUE,199302,1993,2
Data Raw/Clima/Drought/SPEI12_genlogistic_global_era5_moda_ref1991to2020_199303.nc,SPEI12_genlogistic_global_era5_moda_ref1991to2020_199303.nc,TRUE,TRUE,199303,1993,3
Data Raw/Clima/Drought/SPEI12_genlogistic_global_era5_moda_ref1991to2020_199304.nc,SPEI12_genlogistic_global_era5_moda_ref1991to2020_199304.nc,TRUE,TRUE,199304,1993,4
Data Raw/Clima/Drought/SPEI12_genlogistic_global_era5_moda_ref1991to2020_199305.nc,SPEI12_genlogistic_global_era5_moda_ref1991to2020_199305.nc,TRUE,TRUE,199305,1993,5
Data Raw/Clima/Drought/SPEI12_genlogistic_global_era5_moda_ref1991to2020_199306.nc,SPEI12_genlogistic_global_era5_moda_ref1991to2020_199306.nc,TRUE,TRUE,199306,1993,6
Data Raw/Clima/Drought/SPEI12_genlogistic_global_era5_moda_ref1991to2020_199307.nc,SPEI12_genlogistic_global_era5_moda_ref1991to2020_199307.nc,TRUE,TRUE,199307,1993,7
Data Raw/Clima/Drought/SPEI12_genlogistic_global_era5_moda_ref1991to2020_199308.nc,SPEI12_genlogistic_global_era5_moda_ref1991to2020_199308.nc,TRUE,TRUE,199308,1993,8
Data Raw/Clima/Drought/SPEI12_genlogistic_global_era5_moda_ref1991to2020_199309.nc,SPEI12_genlogistic_global_era5_moda_ref1991to2020_199309.nc,TRUE,TRUE,199309,1993,9
Data Raw/Clima/Drought/SPEI12_genlogistic_global_era5_moda_ref1991to2020_199310.nc,SPEI12_genlogistic_global_era5_moda_ref1991to2020_199310.nc,TRUE,TRUE,199310,1993,10
Data Raw/Clima/Drought/SPEI12_genlogistic_global_era5_moda_ref1991to2020_199311.nc,SPEI12_genlogistic_global_era5_moda_ref1991to2020_199311.nc,TRUE,TRUE,199311,1993,11
Data Raw/Clima/Drought/SPEI12_genlogistic_global_era5_moda_ref1991to2020_199312.nc,SPEI12_genlogistic_global_era5_moda_ref1991to2020_199312.nc,TRUE,TRUE,199312,1993,12
Data Raw/Clima/Drought/SPEI12_genlogistic_global_era5_moda_ref1991to2020_199401.nc,SPEI12_genlogistic_global_era5_moda_ref1991to2020_199401.nc,TRUE,TRUE,199401,1994,1
Data Raw/Clima/Drought/SPEI12_genlogistic_global_era5_moda_ref1991to2020_199402.nc,SPEI12_genlogistic_global_era5_moda_ref1991to2020_199402.nc,TRUE,TRUE,199402,1994,2
Data Raw/Clima/Drought/SPEI12_genlogistic_global_era5_moda_ref1991to2020_199403.nc,SPEI12_genlogistic_global_era5_moda_ref1991to2020_199403.nc,TRUE,TRUE,199403,1994,3
Data Raw/Clima/Drought/SPEI12_genlogistic_global_era5_moda_ref1991to2020_199404.nc,SPEI12_genlogistic_global_era5_moda_ref1991to2020_199404.nc,TRUE,TRUE,199404,1994,4
Data Raw/Clima/Drought/SPEI12_genlogistic_global_era5_moda_ref1991to2020_199405.nc,SPEI12_genlogistic_global_era5_moda_ref1991to2020_199405.nc,TRUE,TRUE,199405,1994,5
Data Raw/Clima/Drought/SPEI12_genlogistic_global_era5_moda_ref1991to2020_199406.nc,SPEI12_genlogistic_global_era5_moda_ref1991to2020_199406.nc,TRUE,TRUE,199406,1994,6
Data Raw/Clima/Drought/SPEI12_genlogistic_global_era5_moda_ref1991to2020_199407.nc,SPEI12_genlogistic_global_era5_moda_ref1991to2020_199407.nc,TRUE,TRUE,199407,1994,7
Data Raw/Clima/Drought/SPEI12_genlogistic_global_era5_moda_ref1991to2020_199408.nc,SPEI12_genlogistic_global_era5_moda_ref1991to2020_199408.nc,TRUE,TRUE,199408,1994,8
Data Raw/Clima/Drought/SPEI12_genlogistic_global_era5_moda_ref1991to2020_199409.nc,SPEI12_genlogistic_global_era5_moda_ref1991to2020_199409.nc,TRUE,TRUE,199409,1994,9
Data Raw/Clima/Drought/SPEI12_genlogistic_global_era5_moda_ref1991to2020_199410.nc,SPEI12_genlogistic_global_era5_moda_ref1991to2020_199410.nc,TRUE,TRUE,199410,1994,10
Data Raw/Clima/Drought/SPEI12_genlogistic_global_era5_moda_ref1991to2020_199411.nc,SPEI12_genlogistic_global_era5_moda_ref1991to2020_199411.nc,TRUE,TRUE,199411,1994,11
Data Raw/Clima/Drought/SPEI12_genlogistic_global_era5_moda_ref1991to2020_199412.nc,SPEI12_genlogistic_global_era5_moda_ref1991to2020_199412.nc,TRUE,TRUE,199412,1994,12
Data Raw/Clima/Drought/SPEI12_genlogistic_global_era5_moda_ref1991to2020_199501.nc,SPEI12_genlogistic_global_era5_moda_ref1991to2020_199501.nc,TRUE,TRUE,199501,1995,1
Data Raw/Clima/Drought/SPEI12_genlogistic_global_era5_moda_ref1991to2020_199502.nc,SPEI12_genlogistic_global_era5_moda_ref1991to2020_199502.nc,TRUE,TRUE,199502,1995,2
Data Raw/Clima/Drought/SPEI12_genlogistic_global_era5_moda_ref1991to2020_199503.nc,SPEI12_genlogistic_global_era5_moda_ref1991to2020_199503.nc,TRUE,TRUE,199503,1995,3
Data Raw/Clima/Drought/SPEI12_genlogistic_global_era5_moda_ref1991to2020_199504.nc,SPEI12_genlogistic_global_era5_moda_ref1991to2020_199504.nc,TRUE,TRUE,199504,1995,4
Data Raw/Clima/Drought/SPEI12_genlogistic_global_era5_moda_ref1991to2020_199505.nc,SPEI12_genlogistic_global_era5_moda_ref1991to2020_199505.nc,TRUE,TRUE,199505,1995,5
Data Raw/Clima/Drought/SPEI12_genlogistic_global_era5_moda_ref1991to2020_199506.nc,SPEI12_genlogistic_global_era5_moda_ref1991to2020_199506.nc,TRUE,TRUE,199506,1995,6
Data Raw/Clima/Drought/SPEI12_genlogistic_global_era5_moda_ref1991to2020_199507.nc,SPEI12_genlogistic_global_era5_moda_ref1991to2020_199507.nc,TRUE,TRUE,199507,1995,7
Data Raw/Clima/Drought/SPEI12_genlogistic_global_era5_moda_ref1991to2020_199508.nc,SPEI12_genlogistic_global_era5_moda_ref1991to2020_199508.nc,TRUE,TRUE,199508,1995,8
Data Raw/Clima/Drought/SPEI12_genlogistic_global_era5_moda_ref1991to2020_199509.nc,SPEI12_genlogistic_global_era5_moda_ref1991to2020_199509.nc,TRUE,TRUE,199509,1995,9
Data Raw/Clima/Drought/SPEI12_genlogistic_global_era5_moda_ref1991to2020_199510.nc,SPEI12_genlogistic_global_era5_moda_ref1991to2020_199510.nc,TRUE,TRUE,199510,1995,10
Data Raw/Clima/Drought/SPEI12_genlogistic_global_era5_moda_ref1991to2020_199511.nc,SPEI12_genlogistic_global_era5_moda_ref1991to2020_199511.nc,TRUE,TRUE,199511,1995,11
Data Raw/Clima/Drought/SPEI12_genlogistic_global_era5_moda_ref1991to2020_199512.nc,SPEI12_genlogistic_global_era5_moda_ref1991to2020_199512.nc,TRUE,TRUE,199512,1995,12
Data Raw/Clima/Drought/SPEI12_genlogistic_global_era5_moda_ref1991to2020_199601.nc,SPEI12_genlogistic_global_era5_moda_ref1991to2020_199601.nc,TRUE,TRUE,199601,1996,1
Data Raw/Clima/Drought/SPEI12_genlogistic_global_era5_moda_ref1991to2020_199602.nc,SPEI12_genlogistic_global_era5_moda_ref1991to2020_199602.nc,TRUE,TRUE,199602,1996,2
Data Raw/Clima/Drought/SPEI12_genlogistic_global_era5_moda_ref1991to2020_199603.nc,SPEI12_genlogistic_global_era5_moda_ref1991to2020_199603.nc,TRUE,TRUE,199603,1996,3
Data Raw/Clima/Drought/SPEI12_genlogistic_global_era5_moda_ref1991to2020_199604.nc,SPEI12_genlogistic_global_era5_moda_ref1991to2020_199604.nc,TRUE,TRUE,199604,1996,4
Data Raw/Clima/Drought/SPEI12_genlogistic_global_era5_moda_ref1991to2020_199605.nc,SPEI12_genlogistic_global_era5_moda_ref1991to2020_199605.nc,TRUE,TRUE,199605,1996,5
Data Raw/Clima/Drought/SPEI12_genlogistic_global_era5_moda_ref1991to2020_199606.nc,SPEI12_genlogistic_global_era5_moda_ref1991to2020_199606.nc,TRUE,TRUE,199606,1996,6
Data Raw/Clima/Drought/SPEI12_genlogistic_global_era5_moda_ref1991to2020_199607.nc,SPEI12_genlogistic_global_era5_moda_ref1991to2020_199607.nc,TRUE,TRUE,199607,1996,7
Data Raw/Clima/Drought/SPEI12_genlogistic_global_era5_moda_ref1991to2020_199608.nc,SPEI12_genlogistic_global_era5_moda_ref1991to2020_199608.nc,TRUE,TRUE,199608,1996,8
Data Raw/Clima/Drought/SPEI12_genlogistic_global_era5_moda_ref1991to2020_199609.nc,SPEI12_genlogistic_global_era5_moda_ref1991to2020_199609.nc,TRUE,TRUE,199609,1996,9
Data Raw/Clima/Drought/SPEI12_genlogistic_global_era5_moda_ref1991to2020_199610.nc,SPEI12_genlogistic_global_era5_moda_ref1991to2020_199610.nc,TRUE,TRUE,199610,1996,10
Data Raw/Clima/Drought/SPEI12_genlogistic_global_era5_moda_ref1991to2020_199611.nc,SPEI12_genlogistic_global_era5_moda_ref1991to2020_199611.nc,TRUE,TRUE,199611,1996,11
Data Raw/Clima/Drought/SPEI12_genlogistic_global_era5_moda_ref1991to2020_199612.nc,SPEI12_genlogistic_global_era5_moda_ref1991to2020_199612.nc,TRUE,TRUE,199612,1996,12
Data Raw/Clima/Drought/SPEI12_genlogistic_global_era5_moda_ref1991to2020_199701.nc,SPEI12_genlogistic_global_era5_moda_ref1991to2020_199701.nc,TRUE,TRUE,199701,1997,1
Data Raw/Clima/Drought/SPEI12_genlogistic_global_era5_moda_ref1991to2020_199702.nc,SPEI12_genlogistic_global_era5_moda_ref1991to2020_199702.nc,TRUE,TRUE,199702,1997,2
Data Raw/Clima/Drought/SPEI12_genlogistic_global_era5_moda_ref1991to2020_199703.nc,SPEI12_genlogistic_global_era5_moda_ref1991to2020_199703.nc,TRUE,TRUE,199703,1997,3
Data Raw/Clima/Drought/SPEI12_genlogistic_global_era5_moda_ref1991to2020_199704.nc,SPEI12_genlogistic_global_era5_moda_ref1991to2020_199704.nc,TRUE,TRUE,199704,1997,4
Data Raw/Clima/Drought/SPEI12_genlogistic_global_era5_moda_ref1991to2020_199705.nc,SPEI12_genlogistic_global_era5_moda_ref1991to2020_199705.nc,TRUE,TRUE,199705,1997,5
Data Raw/Clima/Drought/SPEI12_genlogistic_global_era5_moda_ref1991to2020_199706.nc,SPEI12_genlogistic_global_era5_moda_ref1991to2020_199706.nc,TRUE,TRUE,199706,1997,6
Data Raw/Clima/Drought/SPEI12_genlogistic_global_era5_moda_ref1991to2020_199707.nc,SPEI12_genlogistic_global_era5_moda_ref1991to2020_199707.nc,TRUE,TRUE,199707,1997,7
Data Raw/Clima/Drought/SPEI12_genlogistic_global_era5_moda_ref1991to2020_199708.nc,SPEI12_genlogistic_global_era5_moda_ref1991to2020_199708.nc,TRUE,TRUE,199708,1997,8
Data Raw/Clima/Drought/SPEI12_genlogistic_global_era5_moda_ref1991to2020_199709.nc,SPEI12_genlogistic_global_era5_moda_ref1991to2020_199709.nc,TRUE,TRUE,199709,1997,9
Data Raw/Clima/Drought/SPEI12_genlogistic_global_era5_moda_ref1991to2020_199710.nc,SPEI12_genlogistic_global_era5_moda_ref1991to2020_199710.nc,TRUE,TRUE,199710,1997,10
Data Raw/Clima/Drought/SPEI12_genlogistic_global_era5_moda_ref1991to2020_199711.nc,SPEI12_genlogistic_global_era5_moda_ref1991to2020_199711.nc,TRUE,TRUE,199711,1997,11
Data Raw/Clima/Drought/SPEI12_genlogistic_global_era5_moda_ref1991to2020_199712.nc,SPEI12_genlogistic_global_era5_moda_ref1991to2020_199712.nc,TRUE,TRUE,199712,1997,12
Data Raw/Clima/Drought/SPEI12_genlogistic_global_era5_moda_ref1991to2020_199801.nc,SPEI12_genlogistic_global_era5_moda_ref1991to2020_199801.nc,TRUE,TRUE,199801,1998,1
Data Raw/Clima/Drought/SPEI12_genlogistic_global_era5_moda_ref1991to2020_199802.nc,SPEI12_genlogistic_global_era5_moda_ref1991to2020_199802.nc,TRUE,TRUE,199802,1998,2
Data Raw/Clima/Drought/SPEI12_genlogistic_global_era5_moda_ref1991to2020_199803.nc,SPEI12_genlogistic_global_era5_moda_ref1991to2020_199803.nc,TRUE,TRUE,199803,1998,3
Data Raw/Clima/Drought/SPEI12_genlogistic_global_era5_moda_ref1991to2020_199804.nc,SPEI12_genlogistic_global_era5_moda_ref1991to2020_199804.nc,TRUE,TRUE,199804,1998,4
Data Raw/Clima/Drought/SPEI12_genlogistic_global_era5_moda_ref1991to2020_199805.nc,SPEI12_genlogistic_global_era5_moda_ref1991to2020_199805.nc,TRUE,TRUE,199805,1998,5
Data Raw/Clima/Drought/SPEI12_genlogistic_global_era5_moda_ref1991to2020_199806.nc,SPEI12_genlogistic_global_era5_moda_ref1991to2020_199806.nc,TRUE,TRUE,199806,1998,6
Data Raw/Clima/Drought/SPEI12_genlogistic_global_era5_moda_ref1991to2020_199807.nc,SPEI12_genlogistic_global_era5_moda_ref1991to2020_199807.nc,TRUE,TRUE,199807,1998,7
Data Raw/Clima/Drought/SPEI12_genlogistic_global_era5_moda_ref1991to2020_199808.nc,SPEI12_genlogistic_global_era5_moda_ref1991to2020_199808.nc,TRUE,TRUE,199808,1998,8
Data Raw/Clima/Drought/SPEI12_genlogistic_global_era5_moda_ref1991to2020_199809.nc,SPEI12_genlogistic_global_era5_moda_ref1991to2020_199809.nc,TRUE,TRUE,199809,1998,9
Data Raw/Clima/Drought/SPEI12_genlogistic_global_era5_moda_ref1991to2020_199810.nc,SPEI12_genlogistic_global_era5_moda_ref1991to2020_199810.nc,TRUE,TRUE,199810,1998,10
Data Raw/Clima/Drought/SPEI12_genlogistic_global_era5_moda_ref1991to2020_199811.nc,SPEI12_genlogistic_global_era5_moda_ref1991to2020_199811.nc,TRUE,TRUE,199811,1998,11
Data Raw/Clima/Drought/SPEI12_genlogistic_global_era5_moda_ref1991to2020_199812.nc,SPEI12_genlogistic_global_era5_moda_ref1991to2020_199812.nc,TRUE,TRUE,199812,1998,12
Data Raw/Clima/Drought/SPEI12_genlogistic_global_era5_moda_ref1991to2020_199901.nc,SPEI12_genlogistic_global_era5_moda_ref1991to2020_199901.nc,TRUE,TRUE,199901,1999,1
Data Raw/Clima/Drought/SPEI12_genlogistic_global_era5_moda_ref1991to2020_199902.nc,SPEI12_genlogistic_global_era5_moda_ref1991to2020_199902.nc,TRUE,TRUE,199902,1999,2
Data Raw/Clima/Drought/SPEI12_genlogistic_global_era5_moda_ref1991to2020_199903.nc,SPEI12_genlogistic_global_era5_moda_ref1991to2020_199903.nc,TRUE,TRUE,199903,1999,3
Data Raw/Clima/Drought/SPEI12_genlogistic_global_era5_moda_ref1991to2020_199904.nc,SPEI12_genlogistic_global_era5_moda_ref1991to2020_199904.nc,TRUE,TRUE,199904,1999,4
Data Raw/Clima/Drought/SPEI12_genlogistic_global_era5_moda_ref1991to2020_199905.nc,SPEI12_genlogistic_global_era5_moda_ref1991to2020_199905.nc,TRUE,TRUE,199905,1999,5
Data Raw/Clima/Drought/SPEI12_genlogistic_global_era5_moda_ref1991to2020_199906.nc,SPEI12_genlogistic_global_era5_moda_ref1991to2020_199906.nc,TRUE,TRUE,199906,1999,6
Data Raw/Clima/Drought/SPEI12_genlogistic_global_era5_moda_ref1991to2020_199907.nc,SPEI12_genlogistic_global_era5_moda_ref1991to2020_199907.nc,TRUE,TRUE,199907,1999,7
Data Raw/Clima/Drought/SPEI12_genlogistic_global_era5_moda_ref1991to2020_199908.nc,SPEI12_genlogistic_global_era5_moda_ref1991to2020_199908.nc,TRUE,TRUE,199908,1999,8
Data Raw/Clima/Drought/SPEI12_genlogistic_global_era5_moda_ref1991to2020_199909.nc,SPEI12_genlogistic_global_era5_moda_ref1991to2020_199909.nc,TRUE,TRUE,199909,1999,9
Data Raw/Clima/Drought/SPEI12_genlogistic_global_era5_moda_ref1991to2020_199910.nc,SPEI12_genlogistic_global_era5_moda_ref1991to2020_199910.nc,TRUE,TRUE,199910,1999,10
Data Raw/Clima/Drought/SPEI12_genlogistic_global_era5_moda_ref1991to2020_199911.nc,SPEI12_genlogistic_global_era5_moda_ref1991to2020_199911.nc,TRUE,TRUE,199911,1999,11
Data Raw/Clima/Drought/SPEI12_genlogistic_global_era5_moda_ref1991to2020_199912.nc,SPEI12_genlogistic_global_era5_moda_ref1991to2020_199912.nc,TRUE,TRUE,199912,1999,12
Data Raw/Clima/Drought/SPEI12_genlogistic_global_era5_moda_ref1991to2020_200001.nc,SPEI12_genlogistic_global_era5_moda_ref1991to2020_200001.nc,TRUE,TRUE,200001,2000,1
Data Raw/Clima/Drought/SPEI12_genlogistic_global_era5_moda_ref1991to2020_200002.nc,SPEI12_genlogistic_global_era5_moda_ref1991to2020_200002.nc,TRUE,TRUE,200002,2000,2
Data Raw/Clima/Drought/SPEI12_genlogistic_global_era5_moda_ref1991to2020_200003.nc,SPEI12_genlogistic_global_era5_moda_ref1991to2020_200003.nc,TRUE,TRUE,200003,2000,3
Data Raw/Clima/Drought/SPEI12_genlogistic_global_era5_moda_ref1991to2020_200004.nc,SPEI12_genlogistic_global_era5_moda_ref1991to2020_200004.nc,TRUE,TRUE,200004,2000,4
Data Raw/Clima/Drought/SPEI12_genlogistic_global_era5_moda_ref1991to2020_200005.nc,SPEI12_genlogistic_global_era5_moda_ref1991to2020_200005.nc,TRUE,TRUE,200005,2000,5
Data Raw/Clima/Drought/SPEI12_genlogistic_global_era5_moda_ref1991to2020_200006.nc,SPEI12_genlogistic_global_era5_moda_ref1991to2020_200006.nc,TRUE,TRUE,200006,2000,6
Data Raw/Clima/Drought/SPEI12_genlogistic_global_era5_moda_ref1991to2020_200007.nc,SPEI12_genlogistic_global_era5_moda_ref1991to2020_200007.nc,TRUE,TRUE,200007,2000,7
Data Raw/Clima/Drought/SPEI12_genlogistic_global_era5_moda_ref1991to2020_200008.nc,SPEI12_genlogistic_global_era5_moda_ref1991to2020_200008.nc,TRUE,TRUE,200008,2000,8
Data Raw/Clima/Drought/SPEI12_genlogistic_global_era5_moda_ref1991to2020_200009.nc,SPEI12_genlogistic_global_era5_moda_ref1991to2020_200009.nc,TRUE,TRUE,200009,2000,9
Data Raw/Clima/Drought/SPEI12_genlogistic_global_era5_moda_ref1991to2020_200010.nc,SPEI12_genlogistic_global_era5_moda_ref1991to2020_200010.nc,TRUE,TRUE,200010,2000,10
Data Raw/Clima/Drought/SPEI12_genlogistic_global_era5_moda_ref1991to2020_200011.nc,SPEI12_genlogistic_global_era5_moda_ref1991to2020_200011.nc,TRUE,TRUE,200011,2000,11
Data Raw/Clima/Drought/SPEI12_genlogistic_global_era5_moda_ref1991to2020_200012.nc,SPEI12_genlogistic_global_era5_moda_ref1991to2020_200012.nc,TRUE,TRUE,200012,2000,12
Data Raw/Clima/Drought/SPEI12_genlogistic_global_era5_moda_ref1991to2020_200101.nc,SPEI12_genlogistic_global_era5_moda_ref1991to2020_200101.nc,TRUE,TRUE,200101,2001,1
Data Raw/Clima/Drought/SPEI12_genlogistic_global_era5_moda_ref1991to2020_200102.nc,SPEI12_genlogistic_global_era5_moda_ref1991to2020_200102.nc,TRUE,TRUE,200102,2001,2
Data Raw/Clima/Drought/SPEI12_genlogistic_global_era5_moda_ref1991to2020_200103.nc,SPEI12_genlogistic_global_era5_moda_ref1991to2020_200103.nc,TRUE,TRUE,200103,2001,3
Data Raw/Clima/Drought/SPEI12_genlogistic_global_era5_moda_ref1991to2020_200104.nc,SPEI12_genlogistic_global_era5_moda_ref1991to2020_200104.nc,TRUE,TRUE,200104,2001,4
Data Raw/Clima/Drought/SPEI12_genlogistic_global_era5_moda_ref1991to2020_200105.nc,SPEI12_genlogistic_global_era5_moda_ref1991to2020_200105.nc,TRUE,TRUE,200105,2001,5
Data Raw/Clima/Drought/SPEI12_genlogistic_global_era5_moda_ref1991to2020_200106.nc,SPEI12_genlogistic_global_era5_moda_ref1991to2020_200106.nc,TRUE,TRUE,200106,2001,6
Data Raw/Clima/Drought/SPEI12_genlogistic_global_era5_moda_ref1991to2020_200107.nc,SPEI12_genlogistic_global_era5_moda_ref1991to2020_200107.nc,TRUE,TRUE,200107,2001,7
Data Raw/Clima/Drought/SPEI12_genlogistic_global_era5_moda_ref1991to2020_200108.nc,SPEI12_genlogistic_global_era5_moda_ref1991to2020_200108.nc,TRUE,TRUE,200108,2001,8
Data Raw/Clima/Drought/SPEI12_genlogistic_global_era5_moda_ref1991to2020_200109.nc,SPEI12_genlogistic_global_era5_moda_ref1991to2020_200109.nc,TRUE,TRUE,200109,2001,9
Data Raw/Clima/Drought/SPEI12_genlogistic_global_era5_moda_ref1991to2020_200110.nc,SPEI12_genlogistic_global_era5_moda_ref1991to2020_200110.nc,TRUE,TRUE,200110,2001,10
Data Raw/Clima/Drought/SPEI12_genlogistic_global_era5_moda_ref1991to2020_200111.nc,SPEI12_genlogistic_global_era5_moda_ref1991to2020_200111.nc,TRUE,TRUE,200111,2001,11
Data Raw/Clima/Drought/SPEI12_genlogistic_global_era5_moda_ref1991to2020_200112.nc,SPEI12_genlogistic_global_era5_moda_ref1991to2020_200112.nc,TRUE,TRUE,200112,2001,12
Data Raw/Clima/Drought/SPEI12_genlogistic_global_era5_moda_ref1991to2020_200201.nc,SPEI12_genlogistic_global_era5_moda_ref1991to2020_200201.nc,TRUE,TRUE,200201,2002,1
Data Raw/Clima/Drought/SPEI12_genlogistic_global_era5_moda_ref1991to2020_200202.nc,SPEI12_genlogistic_global_era5_moda_ref1991to2020_200202.nc,TRUE,TRUE,200202,2002,2
Data Raw/Clima/Drought/SPEI12_genlogistic_global_era5_moda_ref1991to2020_200203.nc,SPEI12_genlogistic_global_era5_moda_ref1991to2020_200203.nc,TRUE,TRUE,200203,2002,3
Data Raw/Clima/Drought/SPEI12_genlogistic_global_era5_moda_ref1991to2020_200204.nc,SPEI12_genlogistic_global_era5_moda_ref1991to2020_200204.nc,TRUE,TRUE,200204,2002,4
Data Raw/Clima/Drought/SPEI12_genlogistic_global_era5_moda_ref1991to2020_200205.nc,SPEI12_genlogistic_global_era5_moda_ref1991to2020_200205.nc,TRUE,TRUE,200205,2002,5
Data Raw/Clima/Drought/SPEI12_genlogistic_global_era5_moda_ref1991to2020_200206.nc,SPEI12_genlogistic_global_era5_moda_ref1991to2020_200206.nc,TRUE,TRUE,200206,2002,6
Data Raw/Clima/Drought/SPEI12_genlogistic_global_era5_moda_ref1991to2020_200207.nc,SPEI12_genlogistic_global_era5_moda_ref1991to2020_200207.nc,TRUE,TRUE,200207,2002,7
Data Raw/Clima/Drought/SPEI12_genlogistic_global_era5_moda_ref1991to2020_200208.nc,SPEI12_genlogistic_global_era5_moda_ref1991to2020_200208.nc,TRUE,TRUE,200208,2002,8
Data Raw/Clima/Drought/SPEI12_genlogistic_global_era5_moda_ref1991to2020_200209.nc,SPEI12_genlogistic_global_era5_moda_ref1991to2020_200209.nc,TRUE,TRUE,200209,2002,9
Data Raw/Clima/Drought/SPEI12_genlogistic_global_era5_moda_ref1991to2020_200210.nc,SPEI12_genlogistic_global_era5_moda_ref1991to2020_200210.nc,TRUE,TRUE,200210,2002,10
Data Raw/Clima/Drought/SPEI12_genlogistic_global_era5_moda_ref1991to2020_200211.nc,SPEI12_genlogistic_global_era5_moda_ref1991to2020_200211.nc,TRUE,TRUE,200211,2002,11
Data Raw/Clima/Drought/SPEI12_genlogistic_global_era5_moda_ref1991to2020_200212.nc,SPEI12_genlogistic_global_era5_moda_ref1991to2020_200212.nc,TRUE,TRUE,200212,2002,12
Data Raw/Clima/Drought/SPEI12_genlogistic_global_era5_moda_ref1991to2020_200301.nc,SPEI12_genlogistic_global_era5_moda_ref1991to2020_200301.nc,TRUE,TRUE,200301,2003,1
Data Raw/Clima/Drought/SPEI12_genlogistic_global_era5_moda_ref1991to2020_200302.nc,SPEI12_genlogistic_global_era5_moda_ref1991to2020_200302.nc,TRUE,TRUE,200302,2003,2
Data Raw/Clima/Drought/SPEI12_genlogistic_global_era5_moda_ref1991to2020_200303.nc,SPEI12_genlogistic_global_era5_moda_ref1991to2020_200303.nc,TRUE,TRUE,200303,2003,3
Data Raw/Clima/Drought/SPEI12_genlogistic_global_era5_moda_ref1991to2020_200304.nc,SPEI12_genlogistic_global_era5_moda_ref1991to2020_200304.nc,TRUE,TRUE,200304,2003,4
Data Raw/Clima/Drought/SPEI12_genlogistic_global_era5_moda_ref1991to2020_200305.nc,SPEI12_genlogistic_global_era5_moda_ref1991to2020_200305.nc,TRUE,TRUE,200305,2003,5
Data Raw/Clima/Drought/SPEI12_genlogistic_global_era5_moda_ref1991to2020_200306.nc,SPEI12_genlogistic_global_era5_moda_ref1991to2020_200306.nc,TRUE,TRUE,200306,2003,6
Data Raw/Clima/Drought/SPEI12_genlogistic_global_era5_moda_ref1991to2020_200307.nc,SPEI12_genlogistic_global_era5_moda_ref1991to2020_200307.nc,TRUE,TRUE,200307,2003,7
Data Raw/Clima/Drought/SPEI12_genlogistic_global_era5_moda_ref1991to2020_200308.nc,SPEI12_genlogistic_global_era5_moda_ref1991to2020_200308.nc,TRUE,TRUE,200308,2003,8
Data Raw/Clima/Drought/SPEI12_genlogistic_global_era5_moda_ref1991to2020_200309.nc,SPEI12_genlogistic_global_era5_moda_ref1991to2020_200309.nc,TRUE,TRUE,200309,2003,9
Data Raw/Clima/Drought/SPEI12_genlogistic_global_era5_moda_ref1991to2020_200310.nc,SPEI12_genlogistic_global_era5_moda_ref1991to2020_200310.nc,TRUE,TRUE,200310,2003,10
Data Raw/Clima/Drought/SPEI12_genlogistic_global_era5_moda_ref1991to2020_200311.nc,SPEI12_genlogistic_global_era5_moda_ref1991to2020_200311.nc,TRUE,TRUE,200311,2003,11
Data Raw/Clima/Drought/SPEI12_genlogistic_global_era5_moda_ref1991to2020_200312.nc,SPEI12_genlogistic_global_era5_moda_ref1991to2020_200312.nc,TRUE,TRUE,200312,2003,12
Data Raw/Clima/Drought/SPEI12_genlogistic_global_era5_moda_ref1991to2020_200401.nc,SPEI12_genlogistic_global_era5_moda_ref1991to2020_200401.nc,TRUE,TRUE,200401,2004,1
Data Raw/Clima/Drought/SPEI12_genlogistic_global_era5_moda_ref1991to2020_200402.nc,SPEI12_genlogistic_global_era5_moda_ref1991to2020_200402.nc,TRUE,TRUE,200402,2004,2
Data Raw/Clima/Drought/SPEI12_genlogistic_global_era5_moda_ref1991to2020_200403.nc,SPEI12_genlogistic_global_era5_moda_ref1991to2020_200403.nc,TRUE,TRUE,200403,2004,3
Data Raw/Clima/Drought/SPEI12_genlogistic_global_era5_moda_ref1991to2020_200404.nc,SPEI12_genlogistic_global_era5_moda_ref1991to2020_200404.nc,TRUE,TRUE,200404,2004,4
Data Raw/Clima/Drought/SPEI12_genlogistic_global_era5_moda_ref1991to2020_200405.nc,SPEI12_genlogistic_global_era5_moda_ref1991to2020_200405.nc,TRUE,TRUE,200405,2004,5
Data Raw/Clima/Drought/SPEI12_genlogistic_global_era5_moda_ref1991to2020_200406.nc,SPEI12_genlogistic_global_era5_moda_ref1991to2020_200406.nc,TRUE,TRUE,200406,2004,6
Data Raw/Clima/Drought/SPEI12_genlogistic_global_era5_moda_ref1991to2020_200407.nc,SPEI12_genlogistic_global_era5_moda_ref1991to2020_200407.nc,TRUE,TRUE,200407,2004,7
Data Raw/Clima/Drought/SPEI12_genlogistic_global_era5_moda_ref1991to2020_200408.nc,SPEI12_genlogistic_global_era5_moda_ref1991to2020_200408.nc,TRUE,TRUE,200408,2004,8
Data Raw/Clima/Drought/SPEI12_genlogistic_global_era5_moda_ref1991to2020_200409.nc,SPEI12_genlogistic_global_era5_moda_ref1991to2020_200409.nc,TRUE,TRUE,200409,2004,9
Data Raw/Clima/Drought/SPEI12_genlogistic_global_era5_moda_ref1991to2020_200410.nc,SPEI12_genlogistic_global_era5_moda_ref1991to2020_200410.nc,TRUE,TRUE,200410,2004,10
Data Raw/Clima/Drought/SPEI12_genlogistic_global_era5_moda_ref1991to2020_200411.nc,SPEI12_genlogistic_global_era5_moda_ref1991to2020_200411.nc,TRUE,TRUE,200411,2004,11
Data Raw/Clima/Drought/SPEI12_genlogistic_global_era5_moda_ref1991to2020_200412.nc,SPEI12_genlogistic_global_era5_moda_ref1991to2020_200412.nc,TRUE,TRUE,200412,2004,12
Data Raw/Clima/Drought/SPEI12_genlogistic_global_era5_moda_ref1991to2020_200501.nc,SPEI12_genlogistic_global_era5_moda_ref1991to2020_200501.nc,TRUE,TRUE,200501,2005,1
Data Raw/Clima/Drought/SPEI12_genlogistic_global_era5_moda_ref1991to2020_200502.nc,SPEI12_genlogistic_global_era5_moda_ref1991to2020_200502.nc,TRUE,TRUE,200502,2005,2
Data Raw/Clima/Drought/SPEI12_genlogistic_global_era5_moda_ref1991to2020_200503.nc,SPEI12_genlogistic_global_era5_moda_ref1991to2020_200503.nc,TRUE,TRUE,200503,2005,3
Data Raw/Clima/Drought/SPEI12_genlogistic_global_era5_moda_ref1991to2020_200504.nc,SPEI12_genlogistic_global_era5_moda_ref1991to2020_200504.nc,TRUE,TRUE,200504,2005,4
Data Raw/Clima/Drought/SPEI12_genlogistic_global_era5_moda_ref1991to2020_200505.nc,SPEI12_genlogistic_global_era5_moda_ref1991to2020_200505.nc,TRUE,TRUE,200505,2005,5
Data Raw/Clima/Drought/SPEI12_genlogistic_global_era5_moda_ref1991to2020_200506.nc,SPEI12_genlogistic_global_era5_moda_ref1991to2020_200506.nc,TRUE,TRUE,200506,2005,6
Data Raw/Clima/Drought/SPEI12_genlogistic_global_era5_moda_ref1991to2020_200507.nc,SPEI12_genlogistic_global_era5_moda_ref1991to2020_200507.nc,TRUE,TRUE,200507,2005,7
Data Raw/Clima/Drought/SPEI12_genlogistic_global_era5_moda_ref1991to2020_200508.nc,SPEI12_genlogistic_global_era5_moda_ref1991to2020_200508.nc,TRUE,TRUE,200508,2005,8
Data Raw/Clima/Drought/SPEI12_genlogistic_global_era5_moda_ref1991to2020_200509.nc,SPEI12_genlogistic_global_era5_moda_ref1991to2020_200509.nc,TRUE,TRUE,200509,2005,9
Data Raw/Clima/Drought/SPEI12_genlogistic_global_era5_moda_ref1991to2020_200510.nc,SPEI12_genlogistic_global_era5_moda_ref1991to2020_200510.nc,TRUE,TRUE,200510,2005,10
Data Raw/Clima/Drought/SPEI12_genlogistic_global_era5_moda_ref1991to2020_200511.nc,SPEI12_genlogistic_global_era5_moda_ref1991to2020_200511.nc,TRUE,TRUE,200511,2005,11
Data Raw/Clima/Drought/SPEI12_genlogistic_global_era5_moda_ref1991to2020_200512.nc,SPEI12_genlogistic_global_era5_moda_ref1991to2020_200512.nc,TRUE,TRUE,200512,2005,12
Data Raw/Clima/Drought/SPEI12_genlogistic_global_era5_moda_ref1991to2020_200601.nc,SPEI12_genlogistic_global_era5_moda_ref1991to2020_200601.nc,TRUE,TRUE,200601,2006,1
Data Raw/Clima/Drought/SPEI12_genlogistic_global_era5_moda_ref1991to2020_200602.nc,SPEI12_genlogistic_global_era5_moda_ref1991to2020_200602.nc,TRUE,TRUE,200602,2006,2
Data Raw/Clima/Drought/SPEI12_genlogistic_global_era5_moda_ref1991to2020_200603.nc,SPEI12_genlogistic_global_era5_moda_ref1991to2020_200603.nc,TRUE,TRUE,200603,2006,3
Data Raw/Clima/Drought/SPEI12_genlogistic_global_era5_moda_ref1991to2020_200604.nc,SPEI12_genlogistic_global_era5_moda_ref1991to2020_200604.nc,TRUE,TRUE,200604,2006,4
Data Raw/Clima/Drought/SPEI12_genlogistic_global_era5_moda_ref1991to2020_200605.nc,SPEI12_genlogistic_global_era5_moda_ref1991to2020_200605.nc,TRUE,TRUE,200605,2006,5
Data Raw/Clima/Drought/SPEI12_genlogistic_global_era5_moda_ref1991to2020_200606.nc,SPEI12_genlogistic_global_era5_moda_ref1991to2020_200606.nc,TRUE,TRUE,200606,2006,6
Data Raw/Clima/Drought/SPEI12_genlogistic_global_era5_moda_ref1991to2020_200607.nc,SPEI12_genlogistic_global_era5_moda_ref1991to2020_200607.nc,TRUE,TRUE,200607,2006,7
Data Raw/Clima/Drought/SPEI12_genlogistic_global_era5_moda_ref1991to2020_200608.nc,SPEI12_genlogistic_global_era5_moda_ref1991to2020_200608.nc,TRUE,TRUE,200608,2006,8
Data Raw/Clima/Drought/SPEI12_genlogistic_global_era5_moda_ref1991to2020_200609.nc,SPEI12_genlogistic_global_era5_moda_ref1991to2020_200609.nc,TRUE,TRUE,200609,2006,9
Data Raw/Clima/Drought/SPEI12_genlogistic_global_era5_moda_ref1991to2020_200610.nc,SPEI12_genlogistic_global_era5_moda_ref1991to2020_200610.nc,TRUE,TRUE,200610,2006,10
Data Raw/Clima/Drought/SPEI12_genlogistic_global_era5_moda_ref1991to2020_200611.nc,SPEI12_genlogistic_global_era5_moda_ref1991to2020_200611.nc,TRUE,TRUE,200611,2006,11
Data Raw/Clima/Drought/SPEI12_genlogistic_global_era5_moda_ref1991to2020_200612.nc,SPEI12_genlogistic_global_era5_moda_ref1991to2020_200612.nc,TRUE,TRUE,200612,2006,12
Data Raw/Clima/Drought/SPEI12_genlogistic_global_era5_moda_ref1991to2020_200701.nc,SPEI12_genlogistic_global_era5_moda_ref1991to2020_200701.nc,TRUE,TRUE,200701,2007,1
Data Raw/Clima/Drought/SPEI12_genlogistic_global_era5_moda_ref1991to2020_200702.nc,SPEI12_genlogistic_global_era5_moda_ref1991to2020_200702.nc,TRUE,TRUE,200702,2007,2
Data Raw/Clima/Drought/SPEI12_genlogistic_global_era5_moda_ref1991to2020_200703.nc,SPEI12_genlogistic_global_era5_moda_ref1991to2020_200703.nc,TRUE,TRUE,200703,2007,3
Data Raw/Clima/Drought/SPEI12_genlogistic_global_era5_moda_ref1991to2020_200704.nc,SPEI12_genlogistic_global_era5_moda_ref1991to2020_200704.nc,TRUE,TRUE,200704,2007,4
Data Raw/Clima/Drought/SPEI12_genlogistic_global_era5_moda_ref1991to2020_200705.nc,SPEI12_genlogistic_global_era5_moda_ref1991to2020_200705.nc,TRUE,TRUE,200705,2007,5
Data Raw/Clima/Drought/SPEI12_genlogistic_global_era5_moda_ref1991to2020_200706.nc,SPEI12_genlogistic_global_era5_moda_ref1991to2020_200706.nc,TRUE,TRUE,200706,2007,6
Data Raw/Clima/Drought/SPEI12_genlogistic_global_era5_moda_ref1991to2020_200707.nc,SPEI12_genlogistic_global_era5_moda_ref1991to2020_200707.nc,TRUE,TRUE,200707,2007,7
Data Raw/Clima/Drought/SPEI12_genlogistic_global_era5_moda_ref1991to2020_200708.nc,SPEI12_genlogistic_global_era5_moda_ref1991to2020_200708.nc,TRUE,TRUE,200708,2007,8
Data Raw/Clima/Drought/SPEI12_genlogistic_global_era5_moda_ref1991to2020_200709.nc,SPEI12_genlogistic_global_era5_moda_ref1991to2020_200709.nc,TRUE,TRUE,200709,2007,9
Data Raw/Clima/Drought/SPEI12_genlogistic_global_era5_moda_ref1991to2020_200710.nc,SPEI12_genlogistic_global_era5_moda_ref1991to2020_200710.nc,TRUE,TRUE,200710,2007,10
Data Raw/Clima/Drought/SPEI12_genlogistic_global_era5_moda_ref1991to2020_200711.nc,SPEI12_genlogistic_global_era5_moda_ref1991to2020_200711.nc,TRUE,TRUE,200711,2007,11
Data Raw/Clima/Drought/SPEI12_genlogistic_global_era5_moda_ref1991to2020_200712.nc,SPEI12_genlogistic_global_era5_moda_ref1991to2020_200712.nc,TRUE,TRUE,200712,2007,12
Data Raw/Clima/Drought/SPEI12_genlogistic_global_era5_moda_ref1991to2020_200801.nc,SPEI12_genlogistic_global_era5_moda_ref1991to2020_200801.nc,TRUE,TRUE,200801,2008,1
Data Raw/Clima/Drought/SPEI12_genlogistic_global_era5_moda_ref1991to2020_200802.nc,SPEI12_genlogistic_global_era5_moda_ref1991to2020_200802.nc,TRUE,TRUE,200802,2008,2
Data Raw/Clima/Drought/SPEI12_genlogistic_global_era5_moda_ref1991to2020_200803.nc,SPEI12_genlogistic_global_era5_moda_ref1991to2020_200803.nc,TRUE,TRUE,200803,2008,3
Data Raw/Clima/Drought/SPEI12_genlogistic_global_era5_moda_ref1991to2020_200804.nc,SPEI12_genlogistic_global_era5_moda_ref1991to2020_200804.nc,TRUE,TRUE,200804,2008,4
Data Raw/Clima/Drought/SPEI12_genlogistic_global_era5_moda_ref1991to2020_200805.nc,SPEI12_genlogistic_global_era5_moda_ref1991to2020_200805.nc,TRUE,TRUE,200805,2008,5
Data Raw/Clima/Drought/SPEI12_genlogistic_global_era5_moda_ref1991to2020_200806.nc,SPEI12_genlogistic_global_era5_moda_ref1991to2020_200806.nc,TRUE,TRUE,200806,2008,6
Data Raw/Clima/Drought/SPEI12_genlogistic_global_era5_moda_ref1991to2020_200807.nc,SPEI12_genlogistic_global_era5_moda_ref1991to2020_200807.nc,TRUE,TRUE,200807,2008,7
Data Raw/Clima/Drought/SPEI12_genlogistic_global_era5_moda_ref1991to2020_200808.nc,SPEI12_genlogistic_global_era5_moda_ref1991to2020_200808.nc,TRUE,TRUE,200808,2008,8
Data Raw/Clima/Drought/SPEI12_genlogistic_global_era5_moda_ref1991to2020_200809.nc,SPEI12_genlogistic_global_era5_moda_ref1991to2020_200809.nc,TRUE,TRUE,200809,2008,9
Data Raw/Clima/Drought/SPEI12_genlogistic_global_era5_moda_ref1991to2020_200810.nc,SPEI12_genlogistic_global_era5_moda_ref1991to2020_200810.nc,TRUE,TRUE,200810,2008,10
Data Raw/Clima/Drought/SPEI12_genlogistic_global_era5_moda_ref1991to2020_200811.nc,SPEI12_genlogistic_global_era5_moda_ref1991to2020_200811.nc,TRUE,TRUE,200811,2008,11
Data Raw/Clima/Drought/SPEI12_genlogistic_global_era5_moda_ref1991to2020_200812.nc,SPEI12_genlogistic_global_era5_moda_ref1991to2020_200812.nc,TRUE,TRUE,200812,2008,12
Data Raw/Clima/Drought/SPEI12_genlogistic_global_era5_moda_ref1991to2020_200901.nc,SPEI12_genlogistic_global_era5_moda_ref1991to2020_200901.nc,TRUE,TRUE,200901,2009,1
Data Raw/Clima/Drought/SPEI12_genlogistic_global_era5_moda_ref1991to2020_200902.nc,SPEI12_genlogistic_global_era5_moda_ref1991to2020_200902.nc,TRUE,TRUE,200902,2009,2
Data Raw/Clima/Drought/SPEI12_genlogistic_global_era5_moda_ref1991to2020_200903.nc,SPEI12_genlogistic_global_era5_moda_ref1991to2020_200903.nc,TRUE,TRUE,200903,2009,3
Data Raw/Clima/Drought/SPEI12_genlogistic_global_era5_moda_ref1991to2020_200904.nc,SPEI12_genlogistic_global_era5_moda_ref1991to2020_200904.nc,TRUE,TRUE,200904,2009,4
Data Raw/Clima/Drought/SPEI12_genlogistic_global_era5_moda_ref1991to2020_200905.nc,SPEI12_genlogistic_global_era5_moda_ref1991to2020_200905.nc,TRUE,TRUE,200905,2009,5
Data Raw/Clima/Drought/SPEI12_genlogistic_global_era5_moda_ref1991to2020_200906.nc,SPEI12_genlogistic_global_era5_moda_ref1991to2020_200906.nc,TRUE,TRUE,200906,2009,6
Data Raw/Clima/Drought/SPEI12_genlogistic_global_era5_moda_ref1991to2020_200907.nc,SPEI12_genlogistic_global_era5_moda_ref1991to2020_200907.nc,TRUE,TRUE,200907,2009,7
Data Raw/Clima/Drought/SPEI12_genlogistic_global_era5_moda_ref1991to2020_200908.nc,SPEI12_genlogistic_global_era5_moda_ref1991to2020_200908.nc,TRUE,TRUE,200908,2009,8
Data Raw/Clima/Drought/SPEI12_genlogistic_global_era5_moda_ref1991to2020_200909.nc,SPEI12_genlogistic_global_era5_moda_ref1991to2020_200909.nc,TRUE,TRUE,200909,2009,9
Data Raw/Clima/Drought/SPEI12_genlogistic_global_era5_moda_ref1991to2020_200910.nc,SPEI12_genlogistic_global_era5_moda_ref1991to2020_200910.nc,TRUE,TRUE,200910,2009,10
Data Raw/Clima/Drought/SPEI12_genlogistic_global_era5_moda_ref1991to2020_200911.nc,SPEI12_genlogistic_global_era5_moda_ref1991to2020_200911.nc,TRUE,TRUE,200911,2009,11
Data Raw/Clima/Drought/SPEI12_genlogistic_global_era5_moda_ref1991to2020_200912.nc,SPEI12_genlogistic_global_era5_moda_ref1991to2020_200912.nc,TRUE,TRUE,200912,2009,12
Data Raw/Clima/Drought/SPEI12_genlogistic_global_era5_moda_ref1991to2020_201001.nc,SPEI12_genlogistic_global_era5_moda_ref1991to2020_201001.nc,TRUE,TRUE,201001,2010,1
Data Raw/Clima/Drought/SPEI12_genlogistic_global_era5_moda_ref1991to2020_201002.nc,SPEI12_genlogistic_global_era5_moda_ref1991to2020_201002.nc,TRUE,TRUE,201002,2010,2
Data Raw/Clima/Drought/SPEI12_genlogistic_global_era5_moda_ref1991to2020_201003.nc,SPEI12_genlogistic_global_era5_moda_ref1991to2020_201003.nc,TRUE,TRUE,201003,2010,3
Data Raw/Clima/Drought/SPEI12_genlogistic_global_era5_moda_ref1991to2020_201004.nc,SPEI12_genlogistic_global_era5_moda_ref1991to2020_201004.nc,TRUE,TRUE,201004,2010,4
Data Raw/Clima/Drought/SPEI12_genlogistic_global_era5_moda_ref1991to2020_201005.nc,SPEI12_genlogistic_global_era5_moda_ref1991to2020_201005.nc,TRUE,TRUE,201005,2010,5
Data Raw/Clima/Drought/SPEI12_genlogistic_global_era5_moda_ref1991to2020_201006.nc,SPEI12_genlogistic_global_era5_moda_ref1991to2020_201006.nc,TRUE,TRUE,201006,2010,6
Data Raw/Clima/Drought/SPEI12_genlogistic_global_era5_moda_ref1991to2020_201007.nc,SPEI12_genlogistic_global_era5_moda_ref1991to2020_201007.nc,TRUE,TRUE,201007,2010,7
Data Raw/Clima/Drought/SPEI12_genlogistic_global_era5_moda_ref1991to2020_201008.nc,SPEI12_genlogistic_global_era5_moda_ref1991to2020_201008.nc,TRUE,TRUE,201008,2010,8
Data Raw/Clima/Drought/SPEI12_genlogistic_global_era5_moda_ref1991to2020_201009.nc,SPEI12_genlogistic_global_era5_moda_ref1991to2020_201009.nc,TRUE,TRUE,201009,2010,9
Data Raw/Clima/Drought/SPEI12_genlogistic_global_era5_moda_ref1991to2020_201010.nc,SPEI12_genlogistic_global_era5_moda_ref1991to2020_201010.nc,TRUE,TRUE,201010,2010,10
Data Raw/Clima/Drought/SPEI12_genlogistic_global_era5_moda_ref1991to2020_201011.nc,SPEI12_genlogistic_global_era5_moda_ref1991to2020_201011.nc,TRUE,TRUE,201011,2010,11
Data Raw/Clima/Drought/SPEI12_genlogistic_global_era5_moda_ref1991to2020_201012.nc,SPEI12_genlogistic_global_era5_moda_ref1991to2020_201012.nc,TRUE,TRUE,201012,2010,12
Data Raw/Clima/Drought/SPEI12_genlogistic_global_era5_moda_ref1991to2020_201101.nc,SPEI12_genlogistic_global_era5_moda_ref1991to2020_201101.nc,TRUE,TRUE,201101,2011,1
Data Raw/Clima/Drought/SPEI12_genlogistic_global_era5_moda_ref1991to2020_201102.nc,SPEI12_genlogistic_global_era5_moda_ref1991to2020_201102.nc,TRUE,TRUE,201102,2011,2
Data Raw/Clima/Drought/SPEI12_genlogistic_global_era5_moda_ref1991to2020_201103.nc,SPEI12_genlogistic_global_era5_moda_ref1991to2020_201103.nc,TRUE,TRUE,201103,2011,3
Data Raw/Clima/Drought/SPEI12_genlogistic_global_era5_moda_ref1991to2020_201104.nc,SPEI12_genlogistic_global_era5_moda_ref1991to2020_201104.nc,TRUE,TRUE,201104,2011,4
Data Raw/Clima/Drought/SPEI12_genlogistic_global_era5_moda_ref1991to2020_201105.nc,SPEI12_genlogistic_global_era5_moda_ref1991to2020_201105.nc,TRUE,TRUE,201105,2011,5
Data Raw/Clima/Drought/SPEI12_genlogistic_global_era5_moda_ref1991to2020_201106.nc,SPEI12_genlogistic_global_era5_moda_ref1991to2020_201106.nc,TRUE,TRUE,201106,2011,6
Data Raw/Clima/Drought/SPEI12_genlogistic_global_era5_moda_ref1991to2020_201107.nc,SPEI12_genlogistic_global_era5_moda_ref1991to2020_201107.nc,TRUE,TRUE,201107,2011,7
Data Raw/Clima/Drought/SPEI12_genlogistic_global_era5_moda_ref1991to2020_201108.nc,SPEI12_genlogistic_global_era5_moda_ref1991to2020_201108.nc,TRUE,TRUE,201108,2011,8
Data Raw/Clima/Drought/SPEI12_genlogistic_global_era5_moda_ref1991to2020_201109.nc,SPEI12_genlogistic_global_era5_moda_ref1991to2020_201109.nc,TRUE,TRUE,201109,2011,9
Data Raw/Clima/Drought/SPEI12_genlogistic_global_era5_moda_ref1991to2020_201110.nc,SPEI12_genlogistic_global_era5_moda_ref1991to2020_201110.nc,TRUE,TRUE,201110,2011,10
Data Raw/Clima/Drought/SPEI12_genlogistic_global_era5_moda_ref1991to2020_201111.nc,SPEI12_genlogistic_global_era5_moda_ref1991to2020_201111.nc,TRUE,TRUE,201111,2011,11
Data Raw/Clima/Drought/SPEI12_genlogistic_global_era5_moda_ref1991to2020_201112.nc,SPEI12_genlogistic_global_era5_moda_ref1991to2020_201112.nc,TRUE,TRUE,201112,2011,12
Data Raw/Clima/Drought/SPEI12_genlogistic_global_era5_moda_ref1991to2020_201201.nc,SPEI12_genlogistic_global_era5_moda_ref1991to2020_201201.nc,TRUE,TRUE,201201,2012,1
Data Raw/Clima/Drought/SPEI12_genlogistic_global_era5_moda_ref1991to2020_201202.nc,SPEI12_genlogistic_global_era5_moda_ref1991to2020_201202.nc,TRUE,TRUE,201202,2012,2
Data Raw/Clima/Drought/SPEI12_genlogistic_global_era5_moda_ref1991to2020_201203.nc,SPEI12_genlogistic_global_era5_moda_ref1991to2020_201203.nc,TRUE,TRUE,201203,2012,3
Data Raw/Clima/Drought/SPEI12_genlogistic_global_era5_moda_ref1991to2020_201204.nc,SPEI12_genlogistic_global_era5_moda_ref1991to2020_201204.nc,TRUE,TRUE,201204,2012,4
Data Raw/Clima/Drought/SPEI12_genlogistic_global_era5_moda_ref1991to2020_201205.nc,SPEI12_genlogistic_global_era5_moda_ref1991to2020_201205.nc,TRUE,TRUE,201205,2012,5
Data Raw/Clima/Drought/SPEI12_genlogistic_global_era5_moda_ref1991to2020_201206.nc,SPEI12_genlogistic_global_era5_moda_ref1991to2020_201206.nc,TRUE,TRUE,201206,2012,6
Data Raw/Clima/Drought/SPEI12_genlogistic_global_era5_moda_ref1991to2020_201207.nc,SPEI12_genlogistic_global_era5_moda_ref1991to2020_201207.nc,TRUE,TRUE,201207,2012,7
Data Raw/Clima/Drought/SPEI12_genlogistic_global_era5_moda_ref1991to2020_201208.nc,SPEI12_genlogistic_global_era5_moda_ref1991to2020_201208.nc,TRUE,TRUE,201208,2012,8
Data Raw/Clima/Drought/SPEI12_genlogistic_global_era5_moda_ref1991to2020_201209.nc,SPEI12_genlogistic_global_era5_moda_ref1991to2020_201209.nc,TRUE,TRUE,201209,2012,9
Data Raw/Clima/Drought/SPEI12_genlogistic_global_era5_moda_ref1991to2020_201210.nc,SPEI12_genlogistic_global_era5_moda_ref1991to2020_201210.nc,TRUE,TRUE,201210,2012,10
Data Raw/Clima/Drought/SPEI12_genlogistic_global_era5_moda_ref1991to2020_201211.nc,SPEI12_genlogistic_global_era5_moda_ref1991to2020_201211.nc,TRUE,TRUE,201211,2012,11
Data Raw/Clima/Drought/SPEI12_genlogistic_global_era5_moda_ref1991to2020_201212.nc,SPEI12_genlogistic_global_era5_moda_ref1991to2020_201212.nc,TRUE,TRUE,201212,2012,12
Data Raw/Clima/Drought/SPEI12_genlogistic_global_era5_moda_ref1991to2020_201301.nc,SPEI12_genlogistic_global_era5_moda_ref1991to2020_201301.nc,TRUE,TRUE,201301,2013,1
Data Raw/Clima/Drought/SPEI12_genlogistic_global_era5_moda_ref1991to2020_201302.nc,SPEI12_genlogistic_global_era5_moda_ref1991to2020_201302.nc,TRUE,TRUE,201302,2013,2
Data Raw/Clima/Drought/SPEI12_genlogistic_global_era5_moda_ref1991to2020_201303.nc,SPEI12_genlogistic_global_era5_moda_ref1991to2020_201303.nc,TRUE,TRUE,201303,2013,3
Data Raw/Clima/Drought/SPEI12_genlogistic_global_era5_moda_ref1991to2020_201304.nc,SPEI12_genlogistic_global_era5_moda_ref1991to2020_201304.nc,TRUE,TRUE,201304,2013,4
Data Raw/Clima/Drought/SPEI12_genlogistic_global_era5_moda_ref1991to2020_201305.nc,SPEI12_genlogistic_global_era5_moda_ref1991to2020_201305.nc,TRUE,TRUE,201305,2013,5
Data Raw/Clima/Drought/SPEI12_genlogistic_global_era5_moda_ref1991to2020_201306.nc,SPEI12_genlogistic_global_era5_moda_ref1991to2020_201306.nc,TRUE,TRUE,201306,2013,6
Data Raw/Clima/Drought/SPEI12_genlogistic_global_era5_moda_ref1991to2020_201307.nc,SPEI12_genlogistic_global_era5_moda_ref1991to2020_201307.nc,TRUE,TRUE,201307,2013,7
Data Raw/Clima/Drought/SPEI12_genlogistic_global_era5_moda_ref1991to2020_201308.nc,SPEI12_genlogistic_global_era5_moda_ref1991to2020_201308.nc,TRUE,TRUE,201308,2013,8
Data Raw/Clima/Drought/SPEI12_genlogistic_global_era5_moda_ref1991to2020_201309.nc,SPEI12_genlogistic_global_era5_moda_ref1991to2020_201309.nc,TRUE,TRUE,201309,2013,9
Data Raw/Clima/Drought/SPEI12_genlogistic_global_era5_moda_ref1991to2020_201310.nc,SPEI12_genlogistic_global_era5_moda_ref1991to2020_201310.nc,TRUE,TRUE,201310,2013,10
Data Raw/Clima/Drought/SPEI12_genlogistic_global_era5_moda_ref1991to2020_201311.nc,SPEI12_genlogistic_global_era5_moda_ref1991to2020_201311.nc,TRUE,TRUE,201311,2013,11
Data Raw/Clima/Drought/SPEI12_genlogistic_global_era5_moda_ref1991to2020_201312.nc,SPEI12_genlogistic_global_era5_moda_ref1991to2020_201312.nc,TRUE,TRUE,201312,2013,12
Data Raw/Clima/Drought/SPEI12_genlogistic_global_era5_moda_ref1991to2020_201401.nc,SPEI12_genlogistic_global_era5_moda_ref1991to2020_201401.nc,TRUE,TRUE,201401,2014,1
Data Raw/Clima/Drought/SPEI12_genlogistic_global_era5_moda_ref1991to2020_201402.nc,SPEI12_genlogistic_global_era5_moda_ref1991to2020_201402.nc,TRUE,TRUE,201402,2014,2
Data Raw/Clima/Drought/SPEI12_genlogistic_global_era5_moda_ref1991to2020_201403.nc,SPEI12_genlogistic_global_era5_moda_ref1991to2020_201403.nc,TRUE,TRUE,201403,2014,3
Data Raw/Clima/Drought/SPEI12_genlogistic_global_era5_moda_ref1991to2020_201404.nc,SPEI12_genlogistic_global_era5_moda_ref1991to2020_201404.nc,TRUE,TRUE,201404,2014,4
Data Raw/Clima/Drought/SPEI12_genlogistic_global_era5_moda_ref1991to2020_201405.nc,SPEI12_genlogistic_global_era5_moda_ref1991to2020_201405.nc,TRUE,TRUE,201405,2014,5
Data Raw/Clima/Drought/SPEI12_genlogistic_global_era5_moda_ref1991to2020_201406.nc,SPEI12_genlogistic_global_era5_moda_ref1991to2020_201406.nc,TRUE,TRUE,201406,2014,6
Data Raw/Clima/Drought/SPEI12_genlogistic_global_era5_moda_ref1991to2020_201407.nc,SPEI12_genlogistic_global_era5_moda_ref1991to2020_201407.nc,TRUE,TRUE,201407,2014,7
Data Raw/Clima/Drought/SPEI12_genlogistic_global_era5_moda_ref1991to2020_201408.nc,SPEI12_genlogistic_global_era5_moda_ref1991to2020_201408.nc,TRUE,TRUE,201408,2014,8
Data Raw/Clima/Drought/SPEI12_genlogistic_global_era5_moda_ref1991to2020_201409.nc,SPEI12_genlogistic_global_era5_moda_ref1991to2020_201409.nc,TRUE,TRUE,201409,2014,9
Data Raw/Clima/Drought/SPEI12_genlogistic_global_era5_moda_ref1991to2020_201410.nc,SPEI12_genlogistic_global_era5_moda_ref1991to2020_201410.nc,TRUE,TRUE,201410,2014,10
Data Raw/Clima/Drought/SPEI12_genlogistic_global_era5_moda_ref1991to2020_201411.nc,SPEI12_genlogistic_global_era5_moda_ref1991to2020_201411.nc,TRUE,TRUE,201411,2014,11
Data Raw/Clima/Drought/SPEI12_genlogistic_global_era5_moda_ref1991to2020_201412.nc,SPEI12_genlogistic_global_era5_moda_ref1991to2020_201412.nc,TRUE,TRUE,201412,2014,12
Data Raw/Clima/Drought/SPEI12_genlogistic_global_era5_moda_ref1991to2020_201501.nc,SPEI12_genlogistic_global_era5_moda_ref1991to2020_201501.nc,TRUE,TRUE,201501,2015,1
Data Raw/Clima/Drought/SPEI12_genlogistic_global_era5_moda_ref1991to2020_201502.nc,SPEI12_genlogistic_global_era5_moda_ref1991to2020_201502.nc,TRUE,TRUE,201502,2015,2
Data Raw/Clima/Drought/SPEI12_genlogistic_global_era5_moda_ref1991to2020_201503.nc,SPEI12_genlogistic_global_era5_moda_ref1991to2020_201503.nc,TRUE,TRUE,201503,2015,3
Data Raw/Clima/Drought/SPEI12_genlogistic_global_era5_moda_ref1991to2020_201504.nc,SPEI12_genlogistic_global_era5_moda_ref1991to2020_201504.nc,TRUE,TRUE,201504,2015,4
Data Raw/Clima/Drought/SPEI12_genlogistic_global_era5_moda_ref1991to2020_201505.nc,SPEI12_genlogistic_global_era5_moda_ref1991to2020_201505.nc,TRUE,TRUE,201505,2015,5
Data Raw/Clima/Drought/SPEI12_genlogistic_global_era5_moda_ref1991to2020_201506.nc,SPEI12_genlogistic_global_era5_moda_ref1991to2020_201506.nc,TRUE,TRUE,201506,2015,6
Data Raw/Clima/Drought/SPEI12_genlogistic_global_era5_moda_ref1991to2020_201507.nc,SPEI12_genlogistic_global_era5_moda_ref1991to2020_201507.nc,TRUE,TRUE,201507,2015,7
Data Raw/Clima/Drought/SPEI12_genlogistic_global_era5_moda_ref1991to2020_201508.nc,SPEI12_genlogistic_global_era5_moda_ref1991to2020_201508.nc,TRUE,TRUE,201508,2015,8
Data Raw/Clima/Drought/SPEI12_genlogistic_global_era5_moda_ref1991to2020_201509.nc,SPEI12_genlogistic_global_era5_moda_ref1991to2020_201509.nc,TRUE,TRUE,201509,2015,9
Data Raw/Clima/Drought/SPEI12_genlogistic_global_era5_moda_ref1991to2020_201510.nc,SPEI12_genlogistic_global_era5_moda_ref1991to2020_201510.nc,TRUE,TRUE,201510,2015,10
Data Raw/Clima/Drought/SPEI12_genlogistic_global_era5_moda_ref1991to2020_201511.nc,SPEI12_genlogistic_global_era5_moda_ref1991to2020_201511.nc,TRUE,TRUE,201511,2015,11
Data Raw/Clima/Drought/SPEI12_genlogistic_global_era5_moda_ref1991to2020_201512.nc,SPEI12_genlogistic_global_era5_moda_ref1991to2020_201512.nc,TRUE,TRUE,201512,2015,12
Data Raw/Clima/Drought/SPEI12_genlogistic_global_era5_moda_ref1991to2020_201601.nc,SPEI12_genlogistic_global_era5_moda_ref1991to2020_201601.nc,TRUE,TRUE,201601,2016,1
Data Raw/Clima/Drought/SPEI12_genlogistic_global_era5_moda_ref1991to2020_201602.nc,SPEI12_genlogistic_global_era5_moda_ref1991to2020_201602.nc,TRUE,TRUE,201602,2016,2
Data Raw/Clima/Drought/SPEI12_genlogistic_global_era5_moda_ref1991to2020_201603.nc,SPEI12_genlogistic_global_era5_moda_ref1991to2020_201603.nc,TRUE,TRUE,201603,2016,3
Data Raw/Clima/Drought/SPEI12_genlogistic_global_era5_moda_ref1991to2020_201604.nc,SPEI12_genlogistic_global_era5_moda_ref1991to2020_201604.nc,TRUE,TRUE,201604,2016,4
Data Raw/Clima/Drought/SPEI12_genlogistic_global_era5_moda_ref1991to2020_201605.nc,SPEI12_genlogistic_global_era5_moda_ref1991to2020_201605.nc,TRUE,TRUE,201605,2016,5
Data Raw/Clima/Drought/SPEI12_genlogistic_global_era5_moda_ref1991to2020_201606.nc,SPEI12_genlogistic_global_era5_moda_ref1991to2020_201606.nc,TRUE,TRUE,201606,2016,6
Data Raw/Clima/Drought/SPEI12_genlogistic_global_era5_moda_ref1991to2020_201607.nc,SPEI12_genlogistic_global_era5_moda_ref1991to2020_201607.nc,TRUE,TRUE,201607,2016,7
Data Raw/Clima/Drought/SPEI12_genlogistic_global_era5_moda_ref1991to2020_201608.nc,SPEI12_genlogistic_global_era5_moda_ref1991to2020_201608.nc,TRUE,TRUE,201608,2016,8
Data Raw/Clima/Drought/SPEI12_genlogistic_global_era5_moda_ref1991to2020_201609.nc,SPEI12_genlogistic_global_era5_moda_ref1991to2020_201609.nc,TRUE,TRUE,201609,2016,9
Data Raw/Clima/Drought/SPEI12_genlogistic_global_era5_moda_ref1991to2020_201610.nc,SPEI12_genlogistic_global_era5_moda_ref1991to2020_201610.nc,TRUE,TRUE,201610,2016,10
Data Raw/Clima/Drought/SPEI12_genlogistic_global_era5_moda_ref1991to2020_201611.nc,SPEI12_genlogistic_global_era5_moda_ref1991to2020_201611.nc,TRUE,TRUE,201611,2016,11
Data Raw/Clima/Drought/SPEI12_genlogistic_global_era5_moda_ref1991to2020_201612.nc,SPEI12_genlogistic_global_era5_moda_ref1991to2020_201612.nc,TRUE,TRUE,201612,2016,12
Data Raw/Clima/Drought/SPEI12_genlogistic_global_era5_moda_ref1991to2020_201701.nc,SPEI12_genlogistic_global_era5_moda_ref1991to2020_201701.nc,TRUE,TRUE,201701,2017,1
Data Raw/Clima/Drought/SPEI12_genlogistic_global_era5_moda_ref1991to2020_201702.nc,SPEI12_genlogistic_global_era5_moda_ref1991to2020_201702.nc,TRUE,TRUE,201702,2017,2
Data Raw/Clima/Drought/SPEI12_genlogistic_global_era5_moda_ref1991to2020_201703.nc,SPEI12_genlogistic_global_era5_moda_ref1991to2020_201703.nc,TRUE,TRUE,201703,2017,3
Data Raw/Clima/Drought/SPEI12_genlogistic_global_era5_moda_ref1991to2020_201704.nc,SPEI12_genlogistic_global_era5_moda_ref1991to2020_201704.nc,TRUE,TRUE,201704,2017,4
Data Raw/Clima/Drought/SPEI12_genlogistic_global_era5_moda_ref1991to2020_201705.nc,SPEI12_genlogistic_global_era5_moda_ref1991to2020_201705.nc,TRUE,TRUE,201705,2017,5
Data Raw/Clima/Drought/SPEI12_genlogistic_global_era5_moda_ref1991to2020_201706.nc,SPEI12_genlogistic_global_era5_moda_ref1991to2020_201706.nc,TRUE,TRUE,201706,2017,6
Data Raw/Clima/Drought/SPEI12_genlogistic_global_era5_moda_ref1991to2020_201707.nc,SPEI12_genlogistic_global_era5_moda_ref1991to2020_201707.nc,TRUE,TRUE,201707,2017,7
Data Raw/Clima/Drought/SPEI12_genlogistic_global_era5_moda_ref1991to2020_201708.nc,SPEI12_genlogistic_global_era5_moda_ref1991to2020_201708.nc,TRUE,TRUE,201708,2017,8
Data Raw/Clima/Drought/SPEI12_genlogistic_global_era5_moda_ref1991to2020_201709.nc,SPEI12_genlogistic_global_era5_moda_ref1991to2020_201709.nc,TRUE,TRUE,201709,2017,9
Data Raw/Clima/Drought/SPEI12_genlogistic_global_era5_moda_ref1991to2020_201710.nc,SPEI12_genlogistic_global_era5_moda_ref1991to2020_201710.nc,TRUE,TRUE,201710,2017,10
Data Raw/Clima/Drought/SPEI12_genlogistic_global_era5_moda_ref1991to2020_201711.nc,SPEI12_genlogistic_global_era5_moda_ref1991to2020_201711.nc,TRUE,TRUE,201711,2017,11
Data Raw/Clima/Drought/SPEI12_genlogistic_global_era5_moda_ref1991to2020_201712.nc,SPEI12_genlogistic_global_era5_moda_ref1991to2020_201712.nc,TRUE,TRUE,201712,2017,12
Data Raw/Clima/Drought/SPEI12_genlogistic_global_era5_moda_ref1991to2020_201801.nc,SPEI12_genlogistic_global_era5_moda_ref1991to2020_201801.nc,TRUE,TRUE,201801,2018,1
Data Raw/Clima/Drought/SPEI12_genlogistic_global_era5_moda_ref1991to2020_201802.nc,SPEI12_genlogistic_global_era5_moda_ref1991to2020_201802.nc,TRUE,TRUE,201802,2018,2
Data Raw/Clima/Drought/SPEI12_genlogistic_global_era5_moda_ref1991to2020_201803.nc,SPEI12_genlogistic_global_era5_moda_ref1991to2020_201803.nc,TRUE,TRUE,201803,2018,3
Data Raw/Clima/Drought/SPEI12_genlogistic_global_era5_moda_ref1991to2020_201804.nc,SPEI12_genlogistic_global_era5_moda_ref1991to2020_201804.nc,TRUE,TRUE,201804,2018,4
Data Raw/Clima/Drought/SPEI12_genlogistic_global_era5_moda_ref1991to2020_201805.nc,SPEI12_genlogistic_global_era5_moda_ref1991to2020_201805.nc,TRUE,TRUE,201805,2018,5
Data Raw/Clima/Drought/SPEI12_genlogistic_global_era5_moda_ref1991to2020_201806.nc,SPEI12_genlogistic_global_era5_moda_ref1991to2020_201806.nc,TRUE,TRUE,201806,2018,6
Data Raw/Clima/Drought/SPEI12_genlogistic_global_era5_moda_ref1991to2020_201807.nc,SPEI12_genlogistic_global_era5_moda_ref1991to2020_201807.nc,TRUE,TRUE,201807,2018,7
Data Raw/Clima/Drought/SPEI12_genlogistic_global_era5_moda_ref1991to2020_201808.nc,SPEI12_genlogistic_global_era5_moda_ref1991to2020_201808.nc,TRUE,TRUE,201808,2018,8
Data Raw/Clima/Drought/SPEI12_genlogistic_global_era5_moda_ref1991to2020_201809.nc,SPEI12_genlogistic_global_era5_moda_ref1991to2020_201809.nc,TRUE,TRUE,201809,2018,9
Data Raw/Clima/Drought/SPEI12_genlogistic_global_era5_moda_ref1991to2020_201810.nc,SPEI12_genlogistic_global_era5_moda_ref1991to2020_201810.nc,TRUE,TRUE,201810,2018,10
Data Raw/Clima/Drought/SPEI12_genlogistic_global_era5_moda_ref1991to2020_201811.nc,SPEI12_genlogistic_global_era5_moda_ref1991to2020_201811.nc,TRUE,TRUE,201811,2018,11
Data Raw/Clima/Drought/SPEI12_genlogistic_global_era5_moda_ref1991to2020_201812.nc,SPEI12_genlogistic_global_era5_moda_ref1991to2020_201812.nc,TRUE,TRUE,201812,2018,12
Data Raw/Clima/Drought/SPEI12_genlogistic_global_era5_moda_ref1991to2020_201901.nc,SPEI12_genlogistic_global_era5_moda_ref1991to2020_201901.nc,TRUE,TRUE,201901,2019,1
Data Raw/Clima/Drought/SPEI12_genlogistic_global_era5_moda_ref1991to2020_201902.nc,SPEI12_genlogistic_global_era5_moda_ref1991to2020_201902.nc,TRUE,TRUE,201902,2019,2
Data Raw/Clima/Drought/SPEI12_genlogistic_global_era5_moda_ref1991to2020_201903.nc,SPEI12_genlogistic_global_era5_moda_ref1991to2020_201903.nc,TRUE,TRUE,201903,2019,3
Data Raw/Clima/Drought/SPEI12_genlogistic_global_era5_moda_ref1991to2020_201904.nc,SPEI12_genlogistic_global_era5_moda_ref1991to2020_201904.nc,TRUE,TRUE,201904,2019,4
Data Raw/Clima/Drought/SPEI12_genlogistic_global_era5_moda_ref1991to2020_201905.nc,SPEI12_genlogistic_global_era5_moda_ref1991to2020_201905.nc,TRUE,TRUE,201905,2019,5
Data Raw/Clima/Drought/SPEI12_genlogistic_global_era5_moda_ref1991to2020_201906.nc,SPEI12_genlogistic_global_era5_moda_ref1991to2020_201906.nc,TRUE,TRUE,201906,2019,6
Data Raw/Clima/Drought/SPEI12_genlogistic_global_era5_moda_ref1991to2020_201907.nc,SPEI12_genlogistic_global_era5_moda_ref1991to2020_201907.nc,TRUE,TRUE,201907,2019,7
Data Raw/Clima/Drought/SPEI12_genlogistic_global_era5_moda_ref1991to2020_201908.nc,SPEI12_genlogistic_global_era5_moda_ref1991to2020_201908.nc,TRUE,TRUE,201908,2019,8
Data Raw/Clima/Drought/SPEI12_genlogistic_global_era5_moda_ref1991to2020_201909.nc,SPEI12_genlogistic_global_era5_moda_ref1991to2020_201909.nc,TRUE,TRUE,201909,2019,9
Data Raw/Clima/Drought/SPEI12_genlogistic_global_era5_moda_ref1991to2020_201910.nc,SPEI12_genlogistic_global_era5_moda_ref1991to2020_201910.nc,TRUE,TRUE,201910,2019,10
Data Raw/Clima/Drought/SPEI12_genlogistic_global_era5_moda_ref1991to2020_201911.nc,SPEI12_genlogistic_global_era5_moda_ref1991to2020_201911.nc,TRUE,TRUE,201911,2019,11
Data Raw/Clima/Drought/SPEI12_genlogistic_global_era5_moda_ref1991to2020_201912.nc,SPEI12_genlogistic_global_era5_moda_ref1991to2020_201912.nc,TRUE,TRUE,201912,2019,12
Data Raw/Clima/Drought/SPEI12_genlogistic_global_era5_moda_ref1991to2020_202001.nc,SPEI12_genlogistic_global_era5_moda_ref1991to2020_202001.nc,TRUE,TRUE,202001,2020,1
Data Raw/Clima/Drought/SPEI12_genlogistic_global_era5_moda_ref1991to2020_202002.nc,SPEI12_genlogistic_global_era5_moda_ref1991to2020_202002.nc,TRUE,TRUE,202002,2020,2
Data Raw/Clima/Drought/SPEI12_genlogistic_global_era5_moda_ref1991to2020_202003.nc,SPEI12_genlogistic_global_era5_moda_ref1991to2020_202003.nc,TRUE,TRUE,202003,2020,3
Data Raw/Clima/Drought/SPEI12_genlogistic_global_era5_moda_ref1991to2020_202004.nc,SPEI12_genlogistic_global_era5_moda_ref1991to2020_202004.nc,TRUE,TRUE,202004,2020,4
Data Raw/Clima/Drought/SPEI12_genlogistic_global_era5_moda_ref1991to2020_202005.nc,SPEI12_genlogistic_global_era5_moda_ref1991to2020_202005.nc,TRUE,TRUE,202005,2020,5
Data Raw/Clima/Drought/SPEI12_genlogistic_global_era5_moda_ref1991to2020_202006.nc,SPEI12_genlogistic_global_era5_moda_ref1991to2020_202006.nc,TRUE,TRUE,202006,2020,6
Data Raw/Clima/Drought/SPEI12_genlogistic_global_era5_moda_ref1991to2020_202007.nc,SPEI12_genlogistic_global_era5_moda_ref1991to2020_202007.nc,TRUE,TRUE,202007,2020,7
Data Raw/Clima/Drought/SPEI12_genlogistic_global_era5_moda_ref1991to2020_202008.nc,SPEI12_genlogistic_global_era5_moda_ref1991to2020_202008.nc,TRUE,TRUE,202008,2020,8
Data Raw/Clima/Drought/SPEI12_genlogistic_global_era5_moda_ref1991to2020_202009.nc,SPEI12_genlogistic_global_era5_moda_ref1991to2020_202009.nc,TRUE,TRUE,202009,2020,9
Data Raw/Clima/Drought/SPEI12_genlogistic_global_era5_moda_ref1991to2020_202010.nc,SPEI12_genlogistic_global_era5_moda_ref1991to2020_202010.nc,TRUE,TRUE,202010,2020,10
Data Raw/Clima/Drought/SPEI12_genlogistic_global_era5_moda_ref1991to2020_202011.nc,SPEI12_genlogistic_global_era5_moda_ref1991to2020_202011.nc,TRUE,TRUE,202011,2020,11
Data Raw/Clima/Drought/SPEI12_genlogistic_global_era5_moda_ref1991to2020_202012.nc,SPEI12_genlogistic_global_era5_moda_ref1991to2020_202012.nc,TRUE,TRUE,202012,2020,12
Data Raw/Clima/Drought/SPEI12_genlogistic_global_era5_moda_ref1991to2020_202101.nc,SPEI12_genlogistic_global_era5_moda_ref1991to2020_202101.nc,TRUE,TRUE,202101,2021,1
Data Raw/Clima/Drought/SPEI12_genlogistic_global_era5_moda_ref1991to2020_202102.nc,SPEI12_genlogistic_global_era5_moda_ref1991to2020_202102.nc,TRUE,TRUE,202102,2021,2
Data Raw/Clima/Drought/SPEI12_genlogistic_global_era5_moda_ref1991to2020_202103.nc,SPEI12_genlogistic_global_era5_moda_ref1991to2020_202103.nc,TRUE,TRUE,202103,2021,3
Data Raw/Clima/Drought/SPEI12_genlogistic_global_era5_moda_ref1991to2020_202104.nc,SPEI12_genlogistic_global_era5_moda_ref1991to2020_202104.nc,TRUE,TRUE,202104,2021,4
Data Raw/Clima/Drought/SPEI12_genlogistic_global_era5_moda_ref1991to2020_202105.nc,SPEI12_genlogistic_global_era5_moda_ref1991to2020_202105.nc,TRUE,TRUE,202105,2021,5
Data Raw/Clima/Drought/SPEI12_genlogistic_global_era5_moda_ref1991to2020_202106.nc,SPEI12_genlogistic_global_era5_moda_ref1991to2020_202106.nc,TRUE,TRUE,202106,2021,6
Data Raw/Clima/Drought/SPEI12_genlogistic_global_era5_moda_ref1991to2020_202107.nc,SPEI12_genlogistic_global_era5_moda_ref1991to2020_202107.nc,TRUE,TRUE,202107,2021,7
Data Raw/Clima/Drought/SPEI12_genlogistic_global_era5_moda_ref1991to2020_202108.nc,SPEI12_genlogistic_global_era5_moda_ref1991to2020_202108.nc,TRUE,TRUE,202108,2021,8
Data Raw/Clima/Drought/SPEI12_genlogistic_global_era5_moda_ref1991to2020_202109.nc,SPEI12_genlogistic_global_era5_moda_ref1991to2020_202109.nc,TRUE,TRUE,202109,2021,9
Data Raw/Clima/Drought/SPEI12_genlogistic_global_era5_moda_ref1991to2020_202110.nc,SPEI12_genlogistic_global_era5_moda_ref1991to2020_202110.nc,TRUE,TRUE,202110,2021,10
Data Raw/Clima/Drought/SPEI12_genlogistic_global_era5_moda_ref1991to2020_202111.nc,SPEI12_genlogistic_global_era5_moda_ref1991to2020_202111.nc,TRUE,TRUE,202111,2021,11
Data Raw/Clima/Drought/SPEI12_genlogistic_global_era5_moda_ref1991to2020_202112.nc,SPEI12_genlogistic_global_era5_moda_ref1991to2020_202112.nc,TRUE,TRUE,202112,2021,12
Data Raw/Clima/Drought/SPEI12_genlogistic_global_era5_moda_ref1991to2020_202201.nc,SPEI12_genlogistic_global_era5_moda_ref1991to2020_202201.nc,TRUE,TRUE,202201,2022,1
Data Raw/Clima/Drought/SPEI12_genlogistic_global_era5_moda_ref1991to2020_202202.nc,SPEI12_genlogistic_global_era5_moda_ref1991to2020_202202.nc,TRUE,TRUE,202202,2022,2
Data Raw/Clima/Drought/SPEI12_genlogistic_global_era5_moda_ref1991to2020_202203.nc,SPEI12_genlogistic_global_era5_moda_ref1991to2020_202203.nc,TRUE,TRUE,202203,2022,3
Data Raw/Clima/Drought/SPEI12_genlogistic_global_era5_moda_ref1991to2020_202204.nc,SPEI12_genlogistic_global_era5_moda_ref1991to2020_202204.nc,TRUE,TRUE,202204,2022,4
Data Raw/Clima/Drought/SPEI12_genlogistic_global_era5_moda_ref1991to2020_202205.nc,SPEI12_genlogistic_global_era5_moda_ref1991to2020_202205.nc,TRUE,TRUE,202205,2022,5
Data Raw/Clima/Drought/SPEI12_genlogistic_global_era5_moda_ref1991to2020_202206.nc,SPEI12_genlogistic_global_era5_moda_ref1991to2020_202206.nc,TRUE,TRUE,202206,2022,6
Data Raw/Clima/Drought/SPEI12_genlogistic_global_era5_moda_ref1991to2020_202207.nc,SPEI12_genlogistic_global_era5_moda_ref1991to2020_202207.nc,TRUE,TRUE,202207,2022,7
Data Raw/Clima/Drought/SPEI12_genlogistic_global_era5_moda_ref1991to2020_202208.nc,SPEI12_genlogistic_global_era5_moda_ref1991to2020_202208.nc,TRUE,TRUE,202208,2022,8
Data Raw/Clima/Drought/SPEI12_genlogistic_global_era5_moda_ref1991to2020_202209.nc,SPEI12_genlogistic_global_era5_moda_ref1991to2020_202209.nc,TRUE,TRUE,202209,2022,9
Data Raw/Clima/Drought/SPEI12_genlogistic_global_era5_moda_ref1991to2020_202210.nc,SPEI12_genlogistic_global_era5_moda_ref1991to2020_202210.nc,TRUE,TRUE,202210,2022,10
Data Raw/Clima/Drought/SPEI12_genlogistic_global_era5_moda_ref1991to2020_202211.nc,SPEI12_genlogistic_global_era5_moda_ref1991to2020_202211.nc,TRUE,TRUE,202211,2022,11
Data Raw/Clima/Drought/SPEI12_genlogistic_global_era5_moda_ref1991to2020_202212.nc,SPEI12_genlogistic_global_era5_moda_ref1991to2020_202212.nc,TRUE,TRUE,202212,2022,12
Data Raw/Clima/Drought/SPEI12_genlogistic_global_era5_moda_ref1991to2020_202301.nc,SPEI12_genlogistic_global_era5_moda_ref1991to2020_202301.nc,TRUE,TRUE,202301,2023,1
Data Raw/Clima/Drought/SPEI12_genlogistic_global_era5_moda_ref1991to2020_202302.nc,SPEI12_genlogistic_global_era5_moda_ref1991to2020_202302.nc,TRUE,TRUE,202302,2023,2
Data Raw/Clima/Drought/SPEI12_genlogistic_global_era5_moda_ref1991to2020_202303.nc,SPEI12_genlogistic_global_era5_moda_ref1991to2020_202303.nc,TRUE,TRUE,202303,2023,3
Data Raw/Clima/Drought/SPEI12_genlogistic_global_era5_moda_ref1991to2020_202304.nc,SPEI12_genlogistic_global_era5_moda_ref1991to2020_202304.nc,TRUE,TRUE,202304,2023,4
Data Raw/Clima/Drought/SPEI12_genlogistic_global_era5_moda_ref1991to2020_202305.nc,SPEI12_genlogistic_global_era5_moda_ref1991to2020_202305.nc,TRUE,TRUE,202305,2023,5
Data Raw/Clima/Drought/SPEI12_genlogistic_global_era5_moda_ref1991to2020_202306.nc,SPEI12_genlogistic_global_era5_moda_ref1991to2020_202306.nc,TRUE,TRUE,202306,2023,6
Data Raw/Clima/Drought/SPEI12_genlogistic_global_era5_moda_ref1991to2020_202307.nc,SPEI12_genlogistic_global_era5_moda_ref1991to2020_202307.nc,TRUE,TRUE,202307,2023,7
Data Raw/Clima/Drought/SPEI12_genlogistic_global_era5_moda_ref1991to2020_202308.nc,SPEI12_genlogistic_global_era5_moda_ref1991to2020_202308.nc,TRUE,TRUE,202308,2023,8
Data Raw/Clima/Drought/SPEI12_genlogistic_global_era5_moda_ref1991to2020_202309.nc,SPEI12_genlogistic_global_era5_moda_ref1991to2020_202309.nc,TRUE,TRUE,202309,2023,9
Data Raw/Clima/Drought/SPEI12_genlogistic_global_era5_moda_ref1991to2020_202310.nc,SPEI12_genlogistic_global_era5_moda_ref1991to2020_202310.nc,TRUE,TRUE,202310,2023,10
Data Raw/Clima/Drought/SPEI12_genlogistic_global_era5_moda_ref1991to2020_202311.nc,SPEI12_genlogistic_global_era5_moda_ref1991to2020_202311.nc,TRUE,TRUE,202311,2023,11
Data Raw/Clima/Drought/SPEI12_genlogistic_global_era5_moda_ref1991to2020_202312.nc,SPEI12_genlogistic_global_era5_moda_ref1991to2020_202312.nc,TRUE,TRUE,202312,2023,12
Data Raw/Clima/Drought/SPEI12_genlogistic_global_era5_moda_ref1991to2020_202401.nc,SPEI12_genlogistic_global_era5_moda_ref1991to2020_202401.nc,TRUE,TRUE,202401,2024,1
Data Raw/Clima/Drought/SPEI12_genlogistic_global_era5_moda_ref1991to2020_202402.nc,SPEI12_genlogistic_global_era5_moda_ref1991to2020_202402.nc,TRUE,TRUE,202402,2024,2
Data Raw/Clima/Drought/SPEI12_genlogistic_global_era5_moda_ref1991to2020_202403.nc,SPEI12_genlogistic_global_era5_moda_ref1991to2020_202403.nc,TRUE,TRUE,202403,2024,3
Data Raw/Clima/Drought/SPEI12_genlogistic_global_era5_moda_ref1991to2020_202404.nc,SPEI12_genlogistic_global_era5_moda_ref1991to2020_202404.nc,TRUE,TRUE,202404,2024,4
Data Raw/Clima/Drought/SPEI12_genlogistic_global_era5_moda_ref1991to2020_202405.nc,SPEI12_genlogistic_global_era5_moda_ref1991to2020_202405.nc,TRUE,TRUE,202405,2024,5
Data Raw/Clima/Drought/SPEI12_genlogistic_global_era5_moda_ref1991to2020_202406.nc,SPEI12_genlogistic_global_era5_moda_ref1991to2020_202406.nc,TRUE,TRUE,202406,2024,6
Data Raw/Clima/Drought/SPEI12_genlogistic_global_era5_moda_ref1991to2020_202407.nc,SPEI12_genlogistic_global_era5_moda_ref1991to2020_202407.nc,TRUE,TRUE,202407,2024,7
Data Raw/Clima/Drought/SPEI12_genlogistic_global_era5_moda_ref1991to2020_202408.nc,SPEI12_genlogistic_global_era5_moda_ref1991to2020_202408.nc,TRUE,TRUE,202408,2024,8
Data Raw/Clima/Drought/SPEI12_genlogistic_global_era5_moda_ref1991to2020_202409.nc,SPEI12_genlogistic_global_era5_moda_ref1991to2020_202409.nc,TRUE,TRUE,202409,2024,9
Data Raw/Clima/Drought/SPEI12_genlogistic_global_era5_moda_ref1991to2020_202410.nc,SPEI12_genlogistic_global_era5_moda_ref1991to2020_202410.nc,TRUE,TRUE,202410,2024,10
Data Raw/Clima/Drought/SPEI12_genlogistic_global_era5_moda_ref1991to2020_202411.nc,SPEI12_genlogistic_global_era5_moda_ref1991to2020_202411.nc,TRUE,TRUE,202411,2024,11
Data Raw/Clima/Drought/SPEI12_genlogistic_global_era5_moda_ref1991to2020_202412.nc,SPEI12_genlogistic_global_era5_moda_ref1991to2020_202412.nc,TRUE,TRUE,202412,2024,12
Data Raw/Clima/Drought/SPEI12_genlogistic_global_era5_moda_ref1991to2020_202501.nc,SPEI12_genlogistic_global_era5_moda_ref1991to2020_202501.nc,TRUE,TRUE,202501,2025,1
Data Raw/Clima/Drought/SPEI12_genlogistic_global_era5_moda_ref1991to2020_202502.nc,SPEI12_genlogistic_global_era5_moda_ref1991to2020_202502.nc,TRUE,TRUE,202502,2025,2
Data Raw/Clima/Drought/SPEI12_genlogistic_global_era5_moda_ref1991to2020_202503.nc,SPEI12_genlogistic_global_era5_moda_ref1991to2020_202503.nc,TRUE,TRUE,202503,2025,3
Data Raw/Clima/Drought/SPEI12_genlogistic_global_era5_moda_ref1991to2020_202504.nc,SPEI12_genlogistic_global_era5_moda_ref1991to2020_202504.nc,TRUE,TRUE,202504,2025,4
Data Raw/Clima/Drought/SPEI12_genlogistic_global_era5_moda_ref1991to2020_202505.nc,SPEI12_genlogistic_global_era5_moda_ref1991to2020_202505.nc,TRUE,TRUE,202505,2025,5
Data Raw/Clima/Drought/SPEI12_genlogistic_global_era5_moda_ref1991to2020_202506.nc,SPEI12_genlogistic_global_era5_moda_ref1991to2020_202506.nc,TRUE,TRUE,202506,2025,6
Data Raw/Clima/Drought/SPEI12_genlogistic_global_era5_moda_ref1991to2020_202507.nc,SPEI12_genlogistic_global_era5_moda_ref1991to2020_202507.nc,TRUE,TRUE,202507,2025,7
Data Raw/Clima/Drought/SPEI12_genlogistic_global_era5_moda_ref1991to2020_202508.nc,SPEI12_genlogistic_global_era5_moda_ref1991to2020_202508.nc,TRUE,TRUE,202508,2025,8
Data Raw/Clima/Drought/SPEI12_genlogistic_global_era5_moda_ref1991to2020_202509.nc,SPEI12_genlogistic_global_era5_moda_ref1991to2020_202509.nc,TRUE,TRUE,202509,2025,9
Data Raw/Clima/Drought/SPEI12_genlogistic_global_era5_moda_ref1991to2020_202510.nc,SPEI12_genlogistic_global_era5_moda_ref1991to2020_202510.nc,TRUE,TRUE,202510,2025,10
Data Raw/Clima/Drought/SPEI12_genlogistic_global_era5_moda_ref1991to2020_202511.nc,SPEI12_genlogistic_global_era5_moda_ref1991to2020_202511.nc,TRUE,TRUE,202511,2025,11
Data Raw/Clima/Drought/SPEI12_genlogistic_global_era5_moda_ref1991to2020_202512.nc,SPEI12_genlogistic_global_era5_moda_ref1991to2020_202512.nc,TRUE,TRUE,202512,2025,12
Data Raw/Clima/Drought/SPEI12_genlogistic_global_era5_moda_ref1991to2020_202601.nc,SPEI12_genlogistic_global_era5_moda_ref1991to2020_202601.nc,TRUE,TRUE,202601,2026,1
Data Raw/Clima/Drought/SPEI12_genlogistic_global_era5_moda_ref1991to2020_202602.nc,SPEI12_genlogistic_global_era5_moda_ref1991to2020_202602.nc,TRUE,TRUE,202602,2026,2
Data Raw/Clima/Drought/SPEI12_genlogistic_global_era5_moda_ref1991to2020_202603.nc,SPEI12_genlogistic_global_era5_moda_ref1991to2020_202603.nc,TRUE,TRUE,202603,2026,3
Data Raw/Clima/Drought/SPI12_gamma_global_era5_moda_ref1991to2020_194012.nc,SPI12_gamma_global_era5_moda_ref1991to2020_194012.nc,FALSE,TRUE,194012,1940,12
Data Raw/Clima/Drought/SPI12_gamma_global_era5_moda_ref1991to2020_194101.nc,SPI12_gamma_global_era5_moda_ref1991to2020_194101.nc,FALSE,TRUE,194101,1941,1
Data Raw/Clima/Drought/SPI12_gamma_global_era5_moda_ref1991to2020_194102.nc,SPI12_gamma_global_era5_moda_ref1991to2020_194102.nc,FALSE,TRUE,194102,1941,2
Data Raw/Clima/Drought/SPI12_gamma_global_era5_moda_ref1991to2020_194103.nc,SPI12_gamma_global_era5_moda_ref1991to2020_194103.nc,FALSE,TRUE,194103,1941,3
Data Raw/Clima/Drought/SPI12_gamma_global_era5_moda_ref1991to2020_194104.nc,SPI12_gamma_global_era5_moda_ref1991to2020_194104.nc,FALSE,TRUE,194104,1941,4
Data Raw/Clima/Drought/SPI12_gamma_global_era5_moda_ref1991to2020_194105.nc,SPI12_gamma_global_era5_moda_ref1991to2020_194105.nc,FALSE,TRUE,194105,1941,5
Data Raw/Clima/Drought/SPI12_gamma_global_era5_moda_ref1991to2020_194106.nc,SPI12_gamma_global_era5_moda_ref1991to2020_194106.nc,FALSE,TRUE,194106,1941,6
Data Raw/Clima/Drought/SPI12_gamma_global_era5_moda_ref1991to2020_194107.nc,SPI12_gamma_global_era5_moda_ref1991to2020_194107.nc,FALSE,TRUE,194107,1941,7
Data Raw/Clima/Drought/SPI12_gamma_global_era5_moda_ref1991to2020_194108.nc,SPI12_gamma_global_era5_moda_ref1991to2020_194108.nc,FALSE,TRUE,194108,1941,8
Data Raw/Clima/Drought/SPI12_gamma_global_era5_moda_ref1991to2020_194109.nc,SPI12_gamma_global_era5_moda_ref1991to2020_194109.nc,FALSE,TRUE,194109,1941,9
Data Raw/Clima/Drought/SPI12_gamma_global_era5_moda_ref1991to2020_194110.nc,SPI12_gamma_global_era5_moda_ref1991to2020_194110.nc,FALSE,TRUE,194110,1941,10
Data Raw/Clima/Drought/SPI12_gamma_global_era5_moda_ref1991to2020_194111.nc,SPI12_gamma_global_era5_moda_ref1991to2020_194111.nc,FALSE,TRUE,194111,1941,11
Data Raw/Clima/Drought/SPI12_gamma_global_era5_moda_ref1991to2020_194112.nc,SPI12_gamma_global_era5_moda_ref1991to2020_194112.nc,FALSE,TRUE,194112,1941,12
Data Raw/Clima/Drought/SPI12_gamma_global_era5_moda_ref1991to2020_194201.nc,SPI12_gamma_global_era5_moda_ref1991to2020_194201.nc,FALSE,TRUE,194201,1942,1
Data Raw/Clima/Drought/SPI12_gamma_global_era5_moda_ref1991to2020_194202.nc,SPI12_gamma_global_era5_moda_ref1991to2020_194202.nc,FALSE,TRUE,194202,1942,2
Data Raw/Clima/Drought/SPI12_gamma_global_era5_moda_ref1991to2020_194203.nc,SPI12_gamma_global_era5_moda_ref1991to2020_194203.nc,FALSE,TRUE,194203,1942,3
Data Raw/Clima/Drought/SPI12_gamma_global_era5_moda_ref1991to2020_194204.nc,SPI12_gamma_global_era5_moda_ref1991to2020_194204.nc,FALSE,TRUE,194204,1942,4
Data Raw/Clima/Drought/SPI12_gamma_global_era5_moda_ref1991to2020_194205.nc,SPI12_gamma_global_era5_moda_ref1991to2020_194205.nc,FALSE,TRUE,194205,1942,5
Data Raw/Clima/Drought/SPI12_gamma_global_era5_moda_ref1991to2020_194206.nc,SPI12_gamma_global_era5_moda_ref1991to2020_194206.nc,FALSE,TRUE,194206,1942,6
Data Raw/Clima/Drought/SPI12_gamma_global_era5_moda_ref1991to2020_194207.nc,SPI12_gamma_global_era5_moda_ref1991to2020_194207.nc,FALSE,TRUE,194207,1942,7
Data Raw/Clima/Drought/SPI12_gamma_global_era5_moda_ref1991to2020_194208.nc,SPI12_gamma_global_era5_moda_ref1991to2020_194208.nc,FALSE,TRUE,194208,1942,8
Data Raw/Clima/Drought/SPI12_gamma_global_era5_moda_ref1991to2020_194209.nc,SPI12_gamma_global_era5_moda_ref1991to2020_194209.nc,FALSE,TRUE,194209,1942,9
Data Raw/Clima/Drought/SPI12_gamma_global_era5_moda_ref1991to2020_194210.nc,SPI12_gamma_global_era5_moda_ref1991to2020_194210.nc,FALSE,TRUE,194210,1942,10
Data Raw/Clima/Drought/SPI12_gamma_global_era5_moda_ref1991to2020_194211.nc,SPI12_gamma_global_era5_moda_ref1991to2020_194211.nc,FALSE,TRUE,194211,1942,11
Data Raw/Clima/Drought/SPI12_gamma_global_era5_moda_ref1991to2020_194212.nc,SPI12_gamma_global_era5_moda_ref1991to2020_194212.nc,FALSE,TRUE,194212,1942,12
Data Raw/Clima/Drought/SPI12_gamma_global_era5_moda_ref1991to2020_194301.nc,SPI12_gamma_global_era5_moda_ref1991to2020_194301.nc,FALSE,TRUE,194301,1943,1
Data Raw/Clima/Drought/SPI12_gamma_global_era5_moda_ref1991to2020_194302.nc,SPI12_gamma_global_era5_moda_ref1991to2020_194302.nc,FALSE,TRUE,194302,1943,2
Data Raw/Clima/Drought/SPI12_gamma_global_era5_moda_ref1991to2020_194303.nc,SPI12_gamma_global_era5_moda_ref1991to2020_194303.nc,FALSE,TRUE,194303,1943,3
Data Raw/Clima/Drought/SPI12_gamma_global_era5_moda_ref1991to2020_194304.nc,SPI12_gamma_global_era5_moda_ref1991to2020_194304.nc,FALSE,TRUE,194304,1943,4
Data Raw/Clima/Drought/SPI12_gamma_global_era5_moda_ref1991to2020_194305.nc,SPI12_gamma_global_era5_moda_ref1991to2020_194305.nc,FALSE,TRUE,194305,1943,5
Data Raw/Clima/Drought/SPI12_gamma_global_era5_moda_ref1991to2020_194306.nc,SPI12_gamma_global_era5_moda_ref1991to2020_194306.nc,FALSE,TRUE,194306,1943,6
Data Raw/Clima/Drought/SPI12_gamma_global_era5_moda_ref1991to2020_194307.nc,SPI12_gamma_global_era5_moda_ref1991to2020_194307.nc,FALSE,TRUE,194307,1943,7
Data Raw/Clima/Drought/SPI12_gamma_global_era5_moda_ref1991to2020_194308.nc,SPI12_gamma_global_era5_moda_ref1991to2020_194308.nc,FALSE,TRUE,194308,1943,8
Data Raw/Clima/Drought/SPI12_gamma_global_era5_moda_ref1991to2020_194309.nc,SPI12_gamma_global_era5_moda_ref1991to2020_194309.nc,FALSE,TRUE,194309,1943,9
Data Raw/Clima/Drought/SPI12_gamma_global_era5_moda_ref1991to2020_194310.nc,SPI12_gamma_global_era5_moda_ref1991to2020_194310.nc,FALSE,TRUE,194310,1943,10
Data Raw/Clima/Drought/SPI12_gamma_global_era5_moda_ref1991to2020_194311.nc,SPI12_gamma_global_era5_moda_ref1991to2020_194311.nc,FALSE,TRUE,194311,1943,11
Data Raw/Clima/Drought/SPI12_gamma_global_era5_moda_ref1991to2020_194312.nc,SPI12_gamma_global_era5_moda_ref1991to2020_194312.nc,FALSE,TRUE,194312,1943,12
Data Raw/Clima/Drought/SPI12_gamma_global_era5_moda_ref1991to2020_194401.nc,SPI12_gamma_global_era5_moda_ref1991to2020_194401.nc,FALSE,TRUE,194401,1944,1
Data Raw/Clima/Drought/SPI12_gamma_global_era5_moda_ref1991to2020_194402.nc,SPI12_gamma_global_era5_moda_ref1991to2020_194402.nc,FALSE,TRUE,194402,1944,2
Data Raw/Clima/Drought/SPI12_gamma_global_era5_moda_ref1991to2020_194403.nc,SPI12_gamma_global_era5_moda_ref1991to2020_194403.nc,FALSE,TRUE,194403,1944,3
Data Raw/Clima/Drought/SPI12_gamma_global_era5_moda_ref1991to2020_194404.nc,SPI12_gamma_global_era5_moda_ref1991to2020_194404.nc,FALSE,TRUE,194404,1944,4
Data Raw/Clima/Drought/SPI12_gamma_global_era5_moda_ref1991to2020_194405.nc,SPI12_gamma_global_era5_moda_ref1991to2020_194405.nc,FALSE,TRUE,194405,1944,5
Data Raw/Clima/Drought/SPI12_gamma_global_era5_moda_ref1991to2020_194406.nc,SPI12_gamma_global_era5_moda_ref1991to2020_194406.nc,FALSE,TRUE,194406,1944,6
Data Raw/Clima/Drought/SPI12_gamma_global_era5_moda_ref1991to2020_194407.nc,SPI12_gamma_global_era5_moda_ref1991to2020_194407.nc,FALSE,TRUE,194407,1944,7
Data Raw/Clima/Drought/SPI12_gamma_global_era5_moda_ref1991to2020_194408.nc,SPI12_gamma_global_era5_moda_ref1991to2020_194408.nc,FALSE,TRUE,194408,1944,8
Data Raw/Clima/Drought/SPI12_gamma_global_era5_moda_ref1991to2020_194409.nc,SPI12_gamma_global_era5_moda_ref1991to2020_194409.nc,FALSE,TRUE,194409,1944,9
Data Raw/Clima/Drought/SPI12_gamma_global_era5_moda_ref1991to2020_194410.nc,SPI12_gamma_global_era5_moda_ref1991to2020_194410.nc,FALSE,TRUE,194410,1944,10
Data Raw/Clima/Drought/SPI12_gamma_global_era5_moda_ref1991to2020_194411.nc,SPI12_gamma_global_era5_moda_ref1991to2020_194411.nc,FALSE,TRUE,194411,1944,11
Data Raw/Clima/Drought/SPI12_gamma_global_era5_moda_ref1991to2020_194412.nc,SPI12_gamma_global_era5_moda_ref1991to2020_194412.nc,FALSE,TRUE,194412,1944,12
Data Raw/Clima/Drought/SPI12_gamma_global_era5_moda_ref1991to2020_194501.nc,SPI12_gamma_global_era5_moda_ref1991to2020_194501.nc,FALSE,TRUE,194501,1945,1
Data Raw/Clima/Drought/SPI12_gamma_global_era5_moda_ref1991to2020_194502.nc,SPI12_gamma_global_era5_moda_ref1991to2020_194502.nc,FALSE,TRUE,194502,1945,2
Data Raw/Clima/Drought/SPI12_gamma_global_era5_moda_ref1991to2020_194503.nc,SPI12_gamma_global_era5_moda_ref1991to2020_194503.nc,FALSE,TRUE,194503,1945,3
Data Raw/Clima/Drought/SPI12_gamma_global_era5_moda_ref1991to2020_194504.nc,SPI12_gamma_global_era5_moda_ref1991to2020_194504.nc,FALSE,TRUE,194504,1945,4
Data Raw/Clima/Drought/SPI12_gamma_global_era5_moda_ref1991to2020_194505.nc,SPI12_gamma_global_era5_moda_ref1991to2020_194505.nc,FALSE,TRUE,194505,1945,5
Data Raw/Clima/Drought/SPI12_gamma_global_era5_moda_ref1991to2020_194506.nc,SPI12_gamma_global_era5_moda_ref1991to2020_194506.nc,FALSE,TRUE,194506,1945,6
Data Raw/Clima/Drought/SPI12_gamma_global_era5_moda_ref1991to2020_194507.nc,SPI12_gamma_global_era5_moda_ref1991to2020_194507.nc,FALSE,TRUE,194507,1945,7
Data Raw/Clima/Drought/SPI12_gamma_global_era5_moda_ref1991to2020_194508.nc,SPI12_gamma_global_era5_moda_ref1991to2020_194508.nc,FALSE,TRUE,194508,1945,8
Data Raw/Clima/Drought/SPI12_gamma_global_era5_moda_ref1991to2020_194509.nc,SPI12_gamma_global_era5_moda_ref1991to2020_194509.nc,FALSE,TRUE,194509,1945,9
Data Raw/Clima/Drought/SPI12_gamma_global_era5_moda_ref1991to2020_194510.nc,SPI12_gamma_global_era5_moda_ref1991to2020_194510.nc,FALSE,TRUE,194510,1945,10
Data Raw/Clima/Drought/SPI12_gamma_global_era5_moda_ref1991to2020_194511.nc,SPI12_gamma_global_era5_moda_ref1991to2020_194511.nc,FALSE,TRUE,194511,1945,11
Data Raw/Clima/Drought/SPI12_gamma_global_era5_moda_ref1991to2020_194512.nc,SPI12_gamma_global_era5_moda_ref1991to2020_194512.nc,FALSE,TRUE,194512,1945,12
Data Raw/Clima/Drought/SPI12_gamma_global_era5_moda_ref1991to2020_194601.nc,SPI12_gamma_global_era5_moda_ref1991to2020_194601.nc,FALSE,TRUE,194601,1946,1
Data Raw/Clima/Drought/SPI12_gamma_global_era5_moda_ref1991to2020_194602.nc,SPI12_gamma_global_era5_moda_ref1991to2020_194602.nc,FALSE,TRUE,194602,1946,2
Data Raw/Clima/Drought/SPI12_gamma_global_era5_moda_ref1991to2020_194603.nc,SPI12_gamma_global_era5_moda_ref1991to2020_194603.nc,FALSE,TRUE,194603,1946,3
Data Raw/Clima/Drought/SPI12_gamma_global_era5_moda_ref1991to2020_194604.nc,SPI12_gamma_global_era5_moda_ref1991to2020_194604.nc,FALSE,TRUE,194604,1946,4
Data Raw/Clima/Drought/SPI12_gamma_global_era5_moda_ref1991to2020_194605.nc,SPI12_gamma_global_era5_moda_ref1991to2020_194605.nc,FALSE,TRUE,194605,1946,5
Data Raw/Clima/Drought/SPI12_gamma_global_era5_moda_ref1991to2020_194606.nc,SPI12_gamma_global_era5_moda_ref1991to2020_194606.nc,FALSE,TRUE,194606,1946,6
Data Raw/Clima/Drought/SPI12_gamma_global_era5_moda_ref1991to2020_194607.nc,SPI12_gamma_global_era5_moda_ref1991to2020_194607.nc,FALSE,TRUE,194607,1946,7
Data Raw/Clima/Drought/SPI12_gamma_global_era5_moda_ref1991to2020_194608.nc,SPI12_gamma_global_era5_moda_ref1991to2020_194608.nc,FALSE,TRUE,194608,1946,8
Data Raw/Clima/Drought/SPI12_gamma_global_era5_moda_ref1991to2020_194609.nc,SPI12_gamma_global_era5_moda_ref1991to2020_194609.nc,FALSE,TRUE,194609,1946,9
Data Raw/Clima/Drought/SPI12_gamma_global_era5_moda_ref1991to2020_194610.nc,SPI12_gamma_global_era5_moda_ref1991to2020_194610.nc,FALSE,TRUE,194610,1946,10
Data Raw/Clima/Drought/SPI12_gamma_global_era5_moda_ref1991to2020_194611.nc,SPI12_gamma_global_era5_moda_ref1991to2020_194611.nc,FALSE,TRUE,194611,1946,11
Data Raw/Clima/Drought/SPI12_gamma_global_era5_moda_ref1991to2020_194612.nc,SPI12_gamma_global_era5_moda_ref1991to2020_194612.nc,FALSE,TRUE,194612,1946,12
Data Raw/Clima/Drought/SPI12_gamma_global_era5_moda_ref1991to2020_194701.nc,SPI12_gamma_global_era5_moda_ref1991to2020_194701.nc,FALSE,TRUE,194701,1947,1
Data Raw/Clima/Drought/SPI12_gamma_global_era5_moda_ref1991to2020_194702.nc,SPI12_gamma_global_era5_moda_ref1991to2020_194702.nc,FALSE,TRUE,194702,1947,2
Data Raw/Clima/Drought/SPI12_gamma_global_era5_moda_ref1991to2020_194703.nc,SPI12_gamma_global_era5_moda_ref1991to2020_194703.nc,FALSE,TRUE,194703,1947,3
Data Raw/Clima/Drought/SPI12_gamma_global_era5_moda_ref1991to2020_194704.nc,SPI12_gamma_global_era5_moda_ref1991to2020_194704.nc,FALSE,TRUE,194704,1947,4
Data Raw/Clima/Drought/SPI12_gamma_global_era5_moda_ref1991to2020_194705.nc,SPI12_gamma_global_era5_moda_ref1991to2020_194705.nc,FALSE,TRUE,194705,1947,5
Data Raw/Clima/Drought/SPI12_gamma_global_era5_moda_ref1991to2020_194706.nc,SPI12_gamma_global_era5_moda_ref1991to2020_194706.nc,FALSE,TRUE,194706,1947,6
Data Raw/Clima/Drought/SPI12_gamma_global_era5_moda_ref1991to2020_194707.nc,SPI12_gamma_global_era5_moda_ref1991to2020_194707.nc,FALSE,TRUE,194707,1947,7
Data Raw/Clima/Drought/SPI12_gamma_global_era5_moda_ref1991to2020_194708.nc,SPI12_gamma_global_era5_moda_ref1991to2020_194708.nc,FALSE,TRUE,194708,1947,8
Data Raw/Clima/Drought/SPI12_gamma_global_era5_moda_ref1991to2020_194709.nc,SPI12_gamma_global_era5_moda_ref1991to2020_194709.nc,FALSE,TRUE,194709,1947,9
Data Raw/Clima/Drought/SPI12_gamma_global_era5_moda_ref1991to2020_194710.nc,SPI12_gamma_global_era5_moda_ref1991to2020_194710.nc,FALSE,TRUE,194710,1947,10
Data Raw/Clima/Drought/SPI12_gamma_global_era5_moda_ref1991to2020_194711.nc,SPI12_gamma_global_era5_moda_ref1991to2020_194711.nc,FALSE,TRUE,194711,1947,11
Data Raw/Clima/Drought/SPI12_gamma_global_era5_moda_ref1991to2020_194712.nc,SPI12_gamma_global_era5_moda_ref1991to2020_194712.nc,FALSE,TRUE,194712,1947,12
Data Raw/Clima/Drought/SPI12_gamma_global_era5_moda_ref1991to2020_194801.nc,SPI12_gamma_global_era5_moda_ref1991to2020_194801.nc,FALSE,TRUE,194801,1948,1
Data Raw/Clima/Drought/SPI12_gamma_global_era5_moda_ref1991to2020_194802.nc,SPI12_gamma_global_era5_moda_ref1991to2020_194802.nc,FALSE,TRUE,194802,1948,2
Data Raw/Clima/Drought/SPI12_gamma_global_era5_moda_ref1991to2020_194803.nc,SPI12_gamma_global_era5_moda_ref1991to2020_194803.nc,FALSE,TRUE,194803,1948,3
Data Raw/Clima/Drought/SPI12_gamma_global_era5_moda_ref1991to2020_194804.nc,SPI12_gamma_global_era5_moda_ref1991to2020_194804.nc,FALSE,TRUE,194804,1948,4
Data Raw/Clima/Drought/SPI12_gamma_global_era5_moda_ref1991to2020_194805.nc,SPI12_gamma_global_era5_moda_ref1991to2020_194805.nc,FALSE,TRUE,194805,1948,5
Data Raw/Clima/Drought/SPI12_gamma_global_era5_moda_ref1991to2020_194806.nc,SPI12_gamma_global_era5_moda_ref1991to2020_194806.nc,FALSE,TRUE,194806,1948,6
Data Raw/Clima/Drought/SPI12_gamma_global_era5_moda_ref1991to2020_194807.nc,SPI12_gamma_global_era5_moda_ref1991to2020_194807.nc,FALSE,TRUE,194807,1948,7
Data Raw/Clima/Drought/SPI12_gamma_global_era5_moda_ref1991to2020_194808.nc,SPI12_gamma_global_era5_moda_ref1991to2020_194808.nc,FALSE,TRUE,194808,1948,8
Data Raw/Clima/Drought/SPI12_gamma_global_era5_moda_ref1991to2020_194809.nc,SPI12_gamma_global_era5_moda_ref1991to2020_194809.nc,FALSE,TRUE,194809,1948,9
Data Raw/Clima/Drought/SPI12_gamma_global_era5_moda_ref1991to2020_194810.nc,SPI12_gamma_global_era5_moda_ref1991to2020_194810.nc,FALSE,TRUE,194810,1948,10
Data Raw/Clima/Drought/SPI12_gamma_global_era5_moda_ref1991to2020_194811.nc,SPI12_gamma_global_era5_moda_ref1991to2020_194811.nc,FALSE,TRUE,194811,1948,11
Data Raw/Clima/Drought/SPI12_gamma_global_era5_moda_ref1991to2020_194812.nc,SPI12_gamma_global_era5_moda_ref1991to2020_194812.nc,FALSE,TRUE,194812,1948,12
Data Raw/Clima/Drought/SPI12_gamma_global_era5_moda_ref1991to2020_194901.nc,SPI12_gamma_global_era5_moda_ref1991to2020_194901.nc,FALSE,TRUE,194901,1949,1
Data Raw/Clima/Drought/SPI12_gamma_global_era5_moda_ref1991to2020_194902.nc,SPI12_gamma_global_era5_moda_ref1991to2020_194902.nc,FALSE,TRUE,194902,1949,2
Data Raw/Clima/Drought/SPI12_gamma_global_era5_moda_ref1991to2020_194903.nc,SPI12_gamma_global_era5_moda_ref1991to2020_194903.nc,FALSE,TRUE,194903,1949,3
Data Raw/Clima/Drought/SPI12_gamma_global_era5_moda_ref1991to2020_194904.nc,SPI12_gamma_global_era5_moda_ref1991to2020_194904.nc,FALSE,TRUE,194904,1949,4
Data Raw/Clima/Drought/SPI12_gamma_global_era5_moda_ref1991to2020_194905.nc,SPI12_gamma_global_era5_moda_ref1991to2020_194905.nc,FALSE,TRUE,194905,1949,5
Data Raw/Clima/Drought/SPI12_gamma_global_era5_moda_ref1991to2020_194906.nc,SPI12_gamma_global_era5_moda_ref1991to2020_194906.nc,FALSE,TRUE,194906,1949,6
Data Raw/Clima/Drought/SPI12_gamma_global_era5_moda_ref1991to2020_194907.nc,SPI12_gamma_global_era5_moda_ref1991to2020_194907.nc,FALSE,TRUE,194907,1949,7
Data Raw/Clima/Drought/SPI12_gamma_global_era5_moda_ref1991to2020_194908.nc,SPI12_gamma_global_era5_moda_ref1991to2020_194908.nc,FALSE,TRUE,194908,1949,8
Data Raw/Clima/Drought/SPI12_gamma_global_era5_moda_ref1991to2020_194909.nc,SPI12_gamma_global_era5_moda_ref1991to2020_194909.nc,FALSE,TRUE,194909,1949,9
Data Raw/Clima/Drought/SPI12_gamma_global_era5_moda_ref1991to2020_194910.nc,SPI12_gamma_global_era5_moda_ref1991to2020_194910.nc,FALSE,TRUE,194910,1949,10
Data Raw/Clima/Drought/SPI12_gamma_global_era5_moda_ref1991to2020_194911.nc,SPI12_gamma_global_era5_moda_ref1991to2020_194911.nc,FALSE,TRUE,194911,1949,11
Data Raw/Clima/Drought/SPI12_gamma_global_era5_moda_ref1991to2020_194912.nc,SPI12_gamma_global_era5_moda_ref1991to2020_194912.nc,FALSE,TRUE,194912,1949,12
Data Raw/Clima/Drought/SPI12_gamma_global_era5_moda_ref1991to2020_195001.nc,SPI12_gamma_global_era5_moda_ref1991to2020_195001.nc,FALSE,TRUE,195001,1950,1
Data Raw/Clima/Drought/SPI12_gamma_global_era5_moda_ref1991to2020_195002.nc,SPI12_gamma_global_era5_moda_ref1991to2020_195002.nc,FALSE,TRUE,195002,1950,2
Data Raw/Clima/Drought/SPI12_gamma_global_era5_moda_ref1991to2020_195003.nc,SPI12_gamma_global_era5_moda_ref1991to2020_195003.nc,FALSE,TRUE,195003,1950,3
Data Raw/Clima/Drought/SPI12_gamma_global_era5_moda_ref1991to2020_195004.nc,SPI12_gamma_global_era5_moda_ref1991to2020_195004.nc,FALSE,TRUE,195004,1950,4
Data Raw/Clima/Drought/SPI12_gamma_global_era5_moda_ref1991to2020_195005.nc,SPI12_gamma_global_era5_moda_ref1991to2020_195005.nc,FALSE,TRUE,195005,1950,5
Data Raw/Clima/Drought/SPI12_gamma_global_era5_moda_ref1991to2020_195006.nc,SPI12_gamma_global_era5_moda_ref1991to2020_195006.nc,FALSE,TRUE,195006,1950,6
Data Raw/Clima/Drought/SPI12_gamma_global_era5_moda_ref1991to2020_195007.nc,SPI12_gamma_global_era5_moda_ref1991to2020_195007.nc,FALSE,TRUE,195007,1950,7
Data Raw/Clima/Drought/SPI12_gamma_global_era5_moda_ref1991to2020_195008.nc,SPI12_gamma_global_era5_moda_ref1991to2020_195008.nc,FALSE,TRUE,195008,1950,8
Data Raw/Clima/Drought/SPI12_gamma_global_era5_moda_ref1991to2020_195009.nc,SPI12_gamma_global_era5_moda_ref1991to2020_195009.nc,FALSE,TRUE,195009,1950,9
Data Raw/Clima/Drought/SPI12_gamma_global_era5_moda_ref1991to2020_195010.nc,SPI12_gamma_global_era5_moda_ref1991to2020_195010.nc,FALSE,TRUE,195010,1950,10
Data Raw/Clima/Drought/SPI12_gamma_global_era5_moda_ref1991to2020_195011.nc,SPI12_gamma_global_era5_moda_ref1991to2020_195011.nc,FALSE,TRUE,195011,1950,11
Data Raw/Clima/Drought/SPI12_gamma_global_era5_moda_ref1991to2020_195012.nc,SPI12_gamma_global_era5_moda_ref1991to2020_195012.nc,FALSE,TRUE,195012,1950,12
Data Raw/Clima/Drought/SPI12_gamma_global_era5_moda_ref1991to2020_195101.nc,SPI12_gamma_global_era5_moda_ref1991to2020_195101.nc,FALSE,TRUE,195101,1951,1
Data Raw/Clima/Drought/SPI12_gamma_global_era5_moda_ref1991to2020_195102.nc,SPI12_gamma_global_era5_moda_ref1991to2020_195102.nc,FALSE,TRUE,195102,1951,2
Data Raw/Clima/Drought/SPI12_gamma_global_era5_moda_ref1991to2020_195103.nc,SPI12_gamma_global_era5_moda_ref1991to2020_195103.nc,FALSE,TRUE,195103,1951,3
Data Raw/Clima/Drought/SPI12_gamma_global_era5_moda_ref1991to2020_195104.nc,SPI12_gamma_global_era5_moda_ref1991to2020_195104.nc,FALSE,TRUE,195104,1951,4
Data Raw/Clima/Drought/SPI12_gamma_global_era5_moda_ref1991to2020_195105.nc,SPI12_gamma_global_era5_moda_ref1991to2020_195105.nc,FALSE,TRUE,195105,1951,5
Data Raw/Clima/Drought/SPI12_gamma_global_era5_moda_ref1991to2020_195106.nc,SPI12_gamma_global_era5_moda_ref1991to2020_195106.nc,FALSE,TRUE,195106,1951,6
Data Raw/Clima/Drought/SPI12_gamma_global_era5_moda_ref1991to2020_195107.nc,SPI12_gamma_global_era5_moda_ref1991to2020_195107.nc,FALSE,TRUE,195107,1951,7
Data Raw/Clima/Drought/SPI12_gamma_global_era5_moda_ref1991to2020_195108.nc,SPI12_gamma_global_era5_moda_ref1991to2020_195108.nc,FALSE,TRUE,195108,1951,8
Data Raw/Clima/Drought/SPI12_gamma_global_era5_moda_ref1991to2020_195109.nc,SPI12_gamma_global_era5_moda_ref1991to2020_195109.nc,FALSE,TRUE,195109,1951,9
Data Raw/Clima/Drought/SPI12_gamma_global_era5_moda_ref1991to2020_195110.nc,SPI12_gamma_global_era5_moda_ref1991to2020_195110.nc,FALSE,TRUE,195110,1951,10
Data Raw/Clima/Drought/SPI12_gamma_global_era5_moda_ref1991to2020_195111.nc,SPI12_gamma_global_era5_moda_ref1991to2020_195111.nc,FALSE,TRUE,195111,1951,11
Data Raw/Clima/Drought/SPI12_gamma_global_era5_moda_ref1991to2020_195112.nc,SPI12_gamma_global_era5_moda_ref1991to2020_195112.nc,FALSE,TRUE,195112,1951,12
Data Raw/Clima/Drought/SPI12_gamma_global_era5_moda_ref1991to2020_195201.nc,SPI12_gamma_global_era5_moda_ref1991to2020_195201.nc,FALSE,TRUE,195201,1952,1
Data Raw/Clima/Drought/SPI12_gamma_global_era5_moda_ref1991to2020_195202.nc,SPI12_gamma_global_era5_moda_ref1991to2020_195202.nc,FALSE,TRUE,195202,1952,2
Data Raw/Clima/Drought/SPI12_gamma_global_era5_moda_ref1991to2020_195203.nc,SPI12_gamma_global_era5_moda_ref1991to2020_195203.nc,FALSE,TRUE,195203,1952,3
Data Raw/Clima/Drought/SPI12_gamma_global_era5_moda_ref1991to2020_195204.nc,SPI12_gamma_global_era5_moda_ref1991to2020_195204.nc,FALSE,TRUE,195204,1952,4
Data Raw/Clima/Drought/SPI12_gamma_global_era5_moda_ref1991to2020_195205.nc,SPI12_gamma_global_era5_moda_ref1991to2020_195205.nc,FALSE,TRUE,195205,1952,5
Data Raw/Clima/Drought/SPI12_gamma_global_era5_moda_ref1991to2020_195206.nc,SPI12_gamma_global_era5_moda_ref1991to2020_195206.nc,FALSE,TRUE,195206,1952,6
Data Raw/Clima/Drought/SPI12_gamma_global_era5_moda_ref1991to2020_195207.nc,SPI12_gamma_global_era5_moda_ref1991to2020_195207.nc,FALSE,TRUE,195207,1952,7
Data Raw/Clima/Drought/SPI12_gamma_global_era5_moda_ref1991to2020_195208.nc,SPI12_gamma_global_era5_moda_ref1991to2020_195208.nc,FALSE,TRUE,195208,1952,8
Data Raw/Clima/Drought/SPI12_gamma_global_era5_moda_ref1991to2020_195209.nc,SPI12_gamma_global_era5_moda_ref1991to2020_195209.nc,FALSE,TRUE,195209,1952,9
Data Raw/Clima/Drought/SPI12_gamma_global_era5_moda_ref1991to2020_195210.nc,SPI12_gamma_global_era5_moda_ref1991to2020_195210.nc,FALSE,TRUE,195210,1952,10
Data Raw/Clima/Drought/SPI12_gamma_global_era5_moda_ref1991to2020_195211.nc,SPI12_gamma_global_era5_moda_ref1991to2020_195211.nc,FALSE,TRUE,195211,1952,11
Data Raw/Clima/Drought/SPI12_gamma_global_era5_moda_ref1991to2020_195212.nc,SPI12_gamma_global_era5_moda_ref1991to2020_195212.nc,FALSE,TRUE,195212,1952,12
Data Raw/Clima/Drought/SPI12_gamma_global_era5_moda_ref1991to2020_195301.nc,SPI12_gamma_global_era5_moda_ref1991to2020_195301.nc,FALSE,TRUE,195301,1953,1
Data Raw/Clima/Drought/SPI12_gamma_global_era5_moda_ref1991to2020_195302.nc,SPI12_gamma_global_era5_moda_ref1991to2020_195302.nc,FALSE,TRUE,195302,1953,2
Data Raw/Clima/Drought/SPI12_gamma_global_era5_moda_ref1991to2020_195303.nc,SPI12_gamma_global_era5_moda_ref1991to2020_195303.nc,FALSE,TRUE,195303,1953,3
Data Raw/Clima/Drought/SPI12_gamma_global_era5_moda_ref1991to2020_195304.nc,SPI12_gamma_global_era5_moda_ref1991to2020_195304.nc,FALSE,TRUE,195304,1953,4
Data Raw/Clima/Drought/SPI12_gamma_global_era5_moda_ref1991to2020_195305.nc,SPI12_gamma_global_era5_moda_ref1991to2020_195305.nc,FALSE,TRUE,195305,1953,5
Data Raw/Clima/Drought/SPI12_gamma_global_era5_moda_ref1991to2020_195306.nc,SPI12_gamma_global_era5_moda_ref1991to2020_195306.nc,FALSE,TRUE,195306,1953,6
Data Raw/Clima/Drought/SPI12_gamma_global_era5_moda_ref1991to2020_195307.nc,SPI12_gamma_global_era5_moda_ref1991to2020_195307.nc,FALSE,TRUE,195307,1953,7
Data Raw/Clima/Drought/SPI12_gamma_global_era5_moda_ref1991to2020_195308.nc,SPI12_gamma_global_era5_moda_ref1991to2020_195308.nc,FALSE,TRUE,195308,1953,8
Data Raw/Clima/Drought/SPI12_gamma_global_era5_moda_ref1991to2020_195309.nc,SPI12_gamma_global_era5_moda_ref1991to2020_195309.nc,FALSE,TRUE,195309,1953,9
Data Raw/Clima/Drought/SPI12_gamma_global_era5_moda_ref1991to2020_195310.nc,SPI12_gamma_global_era5_moda_ref1991to2020_195310.nc,FALSE,TRUE,195310,1953,10
Data Raw/Clima/Drought/SPI12_gamma_global_era5_moda_ref1991to2020_195311.nc,SPI12_gamma_global_era5_moda_ref1991to2020_195311.nc,FALSE,TRUE,195311,1953,11
Data Raw/Clima/Drought/SPI12_gamma_global_era5_moda_ref1991to2020_195312.nc,SPI12_gamma_global_era5_moda_ref1991to2020_195312.nc,FALSE,TRUE,195312,1953,12
Data Raw/Clima/Drought/SPI12_gamma_global_era5_moda_ref1991to2020_195401.nc,SPI12_gamma_global_era5_moda_ref1991to2020_195401.nc,FALSE,TRUE,195401,1954,1
Data Raw/Clima/Drought/SPI12_gamma_global_era5_moda_ref1991to2020_195402.nc,SPI12_gamma_global_era5_moda_ref1991to2020_195402.nc,FALSE,TRUE,195402,1954,2
Data Raw/Clima/Drought/SPI12_gamma_global_era5_moda_ref1991to2020_195403.nc,SPI12_gamma_global_era5_moda_ref1991to2020_195403.nc,FALSE,TRUE,195403,1954,3
Data Raw/Clima/Drought/SPI12_gamma_global_era5_moda_ref1991to2020_195404.nc,SPI12_gamma_global_era5_moda_ref1991to2020_195404.nc,FALSE,TRUE,195404,1954,4
Data Raw/Clima/Drought/SPI12_gamma_global_era5_moda_ref1991to2020_195405.nc,SPI12_gamma_global_era5_moda_ref1991to2020_195405.nc,FALSE,TRUE,195405,1954,5
Data Raw/Clima/Drought/SPI12_gamma_global_era5_moda_ref1991to2020_195406.nc,SPI12_gamma_global_era5_moda_ref1991to2020_195406.nc,FALSE,TRUE,195406,1954,6
Data Raw/Clima/Drought/SPI12_gamma_global_era5_moda_ref1991to2020_195407.nc,SPI12_gamma_global_era5_moda_ref1991to2020_195407.nc,FALSE,TRUE,195407,1954,7
Data Raw/Clima/Drought/SPI12_gamma_global_era5_moda_ref1991to2020_195408.nc,SPI12_gamma_global_era5_moda_ref1991to2020_195408.nc,FALSE,TRUE,195408,1954,8
Data Raw/Clima/Drought/SPI12_gamma_global_era5_moda_ref1991to2020_195409.nc,SPI12_gamma_global_era5_moda_ref1991to2020_195409.nc,FALSE,TRUE,195409,1954,9
Data Raw/Clima/Drought/SPI12_gamma_global_era5_moda_ref1991to2020_195410.nc,SPI12_gamma_global_era5_moda_ref1991to2020_195410.nc,FALSE,TRUE,195410,1954,10
Data Raw/Clima/Drought/SPI12_gamma_global_era5_moda_ref1991to2020_195411.nc,SPI12_gamma_global_era5_moda_ref1991to2020_195411.nc,FALSE,TRUE,195411,1954,11
Data Raw/Clima/Drought/SPI12_gamma_global_era5_moda_ref1991to2020_195412.nc,SPI12_gamma_global_era5_moda_ref1991to2020_195412.nc,FALSE,TRUE,195412,1954,12
Data Raw/Clima/Drought/SPI12_gamma_global_era5_moda_ref1991to2020_195501.nc,SPI12_gamma_global_era5_moda_ref1991to2020_195501.nc,FALSE,TRUE,195501,1955,1
Data Raw/Clima/Drought/SPI12_gamma_global_era5_moda_ref1991to2020_195502.nc,SPI12_gamma_global_era5_moda_ref1991to2020_195502.nc,FALSE,TRUE,195502,1955,2
Data Raw/Clima/Drought/SPI12_gamma_global_era5_moda_ref1991to2020_195503.nc,SPI12_gamma_global_era5_moda_ref1991to2020_195503.nc,FALSE,TRUE,195503,1955,3
Data Raw/Clima/Drought/SPI12_gamma_global_era5_moda_ref1991to2020_195504.nc,SPI12_gamma_global_era5_moda_ref1991to2020_195504.nc,FALSE,TRUE,195504,1955,4
Data Raw/Clima/Drought/SPI12_gamma_global_era5_moda_ref1991to2020_195505.nc,SPI12_gamma_global_era5_moda_ref1991to2020_195505.nc,FALSE,TRUE,195505,1955,5
Data Raw/Clima/Drought/SPI12_gamma_global_era5_moda_ref1991to2020_195506.nc,SPI12_gamma_global_era5_moda_ref1991to2020_195506.nc,FALSE,TRUE,195506,1955,6
Data Raw/Clima/Drought/SPI12_gamma_global_era5_moda_ref1991to2020_195507.nc,SPI12_gamma_global_era5_moda_ref1991to2020_195507.nc,FALSE,TRUE,195507,1955,7
Data Raw/Clima/Drought/SPI12_gamma_global_era5_moda_ref1991to2020_195508.nc,SPI12_gamma_global_era5_moda_ref1991to2020_195508.nc,FALSE,TRUE,195508,1955,8
Data Raw/Clima/Drought/SPI12_gamma_global_era5_moda_ref1991to2020_195509.nc,SPI12_gamma_global_era5_moda_ref1991to2020_195509.nc,FALSE,TRUE,195509,1955,9
Data Raw/Clima/Drought/SPI12_gamma_global_era5_moda_ref1991to2020_195510.nc,SPI12_gamma_global_era5_moda_ref1991to2020_195510.nc,FALSE,TRUE,195510,1955,10
Data Raw/Clima/Drought/SPI12_gamma_global_era5_moda_ref1991to2020_195511.nc,SPI12_gamma_global_era5_moda_ref1991to2020_195511.nc,FALSE,TRUE,195511,1955,11
Data Raw/Clima/Drought/SPI12_gamma_global_era5_moda_ref1991to2020_195512.nc,SPI12_gamma_global_era5_moda_ref1991to2020_195512.nc,FALSE,TRUE,195512,1955,12
Data Raw/Clima/Drought/SPI12_gamma_global_era5_moda_ref1991to2020_195601.nc,SPI12_gamma_global_era5_moda_ref1991to2020_195601.nc,FALSE,TRUE,195601,1956,1
Data Raw/Clima/Drought/SPI12_gamma_global_era5_moda_ref1991to2020_195602.nc,SPI12_gamma_global_era5_moda_ref1991to2020_195602.nc,FALSE,TRUE,195602,1956,2
Data Raw/Clima/Drought/SPI12_gamma_global_era5_moda_ref1991to2020_195603.nc,SPI12_gamma_global_era5_moda_ref1991to2020_195603.nc,FALSE,TRUE,195603,1956,3
Data Raw/Clima/Drought/SPI12_gamma_global_era5_moda_ref1991to2020_195604.nc,SPI12_gamma_global_era5_moda_ref1991to2020_195604.nc,FALSE,TRUE,195604,1956,4
Data Raw/Clima/Drought/SPI12_gamma_global_era5_moda_ref1991to2020_195605.nc,SPI12_gamma_global_era5_moda_ref1991to2020_195605.nc,FALSE,TRUE,195605,1956,5
Data Raw/Clima/Drought/SPI12_gamma_global_era5_moda_ref1991to2020_195606.nc,SPI12_gamma_global_era5_moda_ref1991to2020_195606.nc,FALSE,TRUE,195606,1956,6
Data Raw/Clima/Drought/SPI12_gamma_global_era5_moda_ref1991to2020_195607.nc,SPI12_gamma_global_era5_moda_ref1991to2020_195607.nc,FALSE,TRUE,195607,1956,7
Data Raw/Clima/Drought/SPI12_gamma_global_era5_moda_ref1991to2020_195608.nc,SPI12_gamma_global_era5_moda_ref1991to2020_195608.nc,FALSE,TRUE,195608,1956,8
Data Raw/Clima/Drought/SPI12_gamma_global_era5_moda_ref1991to2020_195609.nc,SPI12_gamma_global_era5_moda_ref1991to2020_195609.nc,FALSE,TRUE,195609,1956,9
Data Raw/Clima/Drought/SPI12_gamma_global_era5_moda_ref1991to2020_195610.nc,SPI12_gamma_global_era5_moda_ref1991to2020_195610.nc,FALSE,TRUE,195610,1956,10
Data Raw/Clima/Drought/SPI12_gamma_global_era5_moda_ref1991to2020_195611.nc,SPI12_gamma_global_era5_moda_ref1991to2020_195611.nc,FALSE,TRUE,195611,1956,11
Data Raw/Clima/Drought/SPI12_gamma_global_era5_moda_ref1991to2020_195612.nc,SPI12_gamma_global_era5_moda_ref1991to2020_195612.nc,FALSE,TRUE,195612,1956,12
Data Raw/Clima/Drought/SPI12_gamma_global_era5_moda_ref1991to2020_195701.nc,SPI12_gamma_global_era5_moda_ref1991to2020_195701.nc,FALSE,TRUE,195701,1957,1
Data Raw/Clima/Drought/SPI12_gamma_global_era5_moda_ref1991to2020_195702.nc,SPI12_gamma_global_era5_moda_ref1991to2020_195702.nc,FALSE,TRUE,195702,1957,2
Data Raw/Clima/Drought/SPI12_gamma_global_era5_moda_ref1991to2020_195703.nc,SPI12_gamma_global_era5_moda_ref1991to2020_195703.nc,FALSE,TRUE,195703,1957,3
Data Raw/Clima/Drought/SPI12_gamma_global_era5_moda_ref1991to2020_195704.nc,SPI12_gamma_global_era5_moda_ref1991to2020_195704.nc,FALSE,TRUE,195704,1957,4
Data Raw/Clima/Drought/SPI12_gamma_global_era5_moda_ref1991to2020_195705.nc,SPI12_gamma_global_era5_moda_ref1991to2020_195705.nc,FALSE,TRUE,195705,1957,5
Data Raw/Clima/Drought/SPI12_gamma_global_era5_moda_ref1991to2020_195706.nc,SPI12_gamma_global_era5_moda_ref1991to2020_195706.nc,FALSE,TRUE,195706,1957,6
Data Raw/Clima/Drought/SPI12_gamma_global_era5_moda_ref1991to2020_195707.nc,SPI12_gamma_global_era5_moda_ref1991to2020_195707.nc,FALSE,TRUE,195707,1957,7
Data Raw/Clima/Drought/SPI12_gamma_global_era5_moda_ref1991to2020_195708.nc,SPI12_gamma_global_era5_moda_ref1991to2020_195708.nc,FALSE,TRUE,195708,1957,8
Data Raw/Clima/Drought/SPI12_gamma_global_era5_moda_ref1991to2020_195709.nc,SPI12_gamma_global_era5_moda_ref1991to2020_195709.nc,FALSE,TRUE,195709,1957,9
Data Raw/Clima/Drought/SPI12_gamma_global_era5_moda_ref1991to2020_195710.nc,SPI12_gamma_global_era5_moda_ref1991to2020_195710.nc,FALSE,TRUE,195710,1957,10
Data Raw/Clima/Drought/SPI12_gamma_global_era5_moda_ref1991to2020_195711.nc,SPI12_gamma_global_era5_moda_ref1991to2020_195711.nc,FALSE,TRUE,195711,1957,11
Data Raw/Clima/Drought/SPI12_gamma_global_era5_moda_ref1991to2020_195712.nc,SPI12_gamma_global_era5_moda_ref1991to2020_195712.nc,FALSE,TRUE,195712,1957,12
Data Raw/Clima/Drought/SPI12_gamma_global_era5_moda_ref1991to2020_195801.nc,SPI12_gamma_global_era5_moda_ref1991to2020_195801.nc,FALSE,TRUE,195801,1958,1
Data Raw/Clima/Drought/SPI12_gamma_global_era5_moda_ref1991to2020_195802.nc,SPI12_gamma_global_era5_moda_ref1991to2020_195802.nc,FALSE,TRUE,195802,1958,2
Data Raw/Clima/Drought/SPI12_gamma_global_era5_moda_ref1991to2020_195803.nc,SPI12_gamma_global_era5_moda_ref1991to2020_195803.nc,FALSE,TRUE,195803,1958,3
Data Raw/Clima/Drought/SPI12_gamma_global_era5_moda_ref1991to2020_195804.nc,SPI12_gamma_global_era5_moda_ref1991to2020_195804.nc,FALSE,TRUE,195804,1958,4
Data Raw/Clima/Drought/SPI12_gamma_global_era5_moda_ref1991to2020_195805.nc,SPI12_gamma_global_era5_moda_ref1991to2020_195805.nc,FALSE,TRUE,195805,1958,5
Data Raw/Clima/Drought/SPI12_gamma_global_era5_moda_ref1991to2020_195806.nc,SPI12_gamma_global_era5_moda_ref1991to2020_195806.nc,FALSE,TRUE,195806,1958,6
Data Raw/Clima/Drought/SPI12_gamma_global_era5_moda_ref1991to2020_195807.nc,SPI12_gamma_global_era5_moda_ref1991to2020_195807.nc,FALSE,TRUE,195807,1958,7
Data Raw/Clima/Drought/SPI12_gamma_global_era5_moda_ref1991to2020_195808.nc,SPI12_gamma_global_era5_moda_ref1991to2020_195808.nc,FALSE,TRUE,195808,1958,8
Data Raw/Clima/Drought/SPI12_gamma_global_era5_moda_ref1991to2020_195809.nc,SPI12_gamma_global_era5_moda_ref1991to2020_195809.nc,FALSE,TRUE,195809,1958,9
Data Raw/Clima/Drought/SPI12_gamma_global_era5_moda_ref1991to2020_195810.nc,SPI12_gamma_global_era5_moda_ref1991to2020_195810.nc,FALSE,TRUE,195810,1958,10
Data Raw/Clima/Drought/SPI12_gamma_global_era5_moda_ref1991to2020_195811.nc,SPI12_gamma_global_era5_moda_ref1991to2020_195811.nc,FALSE,TRUE,195811,1958,11
Data Raw/Clima/Drought/SPI12_gamma_global_era5_moda_ref1991to2020_195812.nc,SPI12_gamma_global_era5_moda_ref1991to2020_195812.nc,FALSE,TRUE,195812,1958,12
Data Raw/Clima/Drought/SPI12_gamma_global_era5_moda_ref1991to2020_195901.nc,SPI12_gamma_global_era5_moda_ref1991to2020_195901.nc,FALSE,TRUE,195901,1959,1
Data Raw/Clima/Drought/SPI12_gamma_global_era5_moda_ref1991to2020_195902.nc,SPI12_gamma_global_era5_moda_ref1991to2020_195902.nc,FALSE,TRUE,195902,1959,2
Data Raw/Clima/Drought/SPI12_gamma_global_era5_moda_ref1991to2020_195903.nc,SPI12_gamma_global_era5_moda_ref1991to2020_195903.nc,FALSE,TRUE,195903,1959,3
Data Raw/Clima/Drought/SPI12_gamma_global_era5_moda_ref1991to2020_195904.nc,SPI12_gamma_global_era5_moda_ref1991to2020_195904.nc,FALSE,TRUE,195904,1959,4
Data Raw/Clima/Drought/SPI12_gamma_global_era5_moda_ref1991to2020_195905.nc,SPI12_gamma_global_era5_moda_ref1991to2020_195905.nc,FALSE,TRUE,195905,1959,5
Data Raw/Clima/Drought/SPI12_gamma_global_era5_moda_ref1991to2020_195906.nc,SPI12_gamma_global_era5_moda_ref1991to2020_195906.nc,FALSE,TRUE,195906,1959,6
Data Raw/Clima/Drought/SPI12_gamma_global_era5_moda_ref1991to2020_195907.nc,SPI12_gamma_global_era5_moda_ref1991to2020_195907.nc,FALSE,TRUE,195907,1959,7
Data Raw/Clima/Drought/SPI12_gamma_global_era5_moda_ref1991to2020_195908.nc,SPI12_gamma_global_era5_moda_ref1991to2020_195908.nc,FALSE,TRUE,195908,1959,8
Data Raw/Clima/Drought/SPI12_gamma_global_era5_moda_ref1991to2020_195909.nc,SPI12_gamma_global_era5_moda_ref1991to2020_195909.nc,FALSE,TRUE,195909,1959,9
Data Raw/Clima/Drought/SPI12_gamma_global_era5_moda_ref1991to2020_195910.nc,SPI12_gamma_global_era5_moda_ref1991to2020_195910.nc,FALSE,TRUE,195910,1959,10
Data Raw/Clima/Drought/SPI12_gamma_global_era5_moda_ref1991to2020_195911.nc,SPI12_gamma_global_era5_moda_ref1991to2020_195911.nc,FALSE,TRUE,195911,1959,11
Data Raw/Clima/Drought/SPI12_gamma_global_era5_moda_ref1991to2020_195912.nc,SPI12_gamma_global_era5_moda_ref1991to2020_195912.nc,FALSE,TRUE,195912,1959,12
Data Raw/Clima/Drought/SPI12_gamma_global_era5_moda_ref1991to2020_196001.nc,SPI12_gamma_global_era5_moda_ref1991to2020_196001.nc,FALSE,TRUE,196001,1960,1
Data Raw/Clima/Drought/SPI12_gamma_global_era5_moda_ref1991to2020_196002.nc,SPI12_gamma_global_era5_moda_ref1991to2020_196002.nc,FALSE,TRUE,196002,1960,2
Data Raw/Clima/Drought/SPI12_gamma_global_era5_moda_ref1991to2020_196003.nc,SPI12_gamma_global_era5_moda_ref1991to2020_196003.nc,FALSE,TRUE,196003,1960,3
Data Raw/Clima/Drought/SPI12_gamma_global_era5_moda_ref1991to2020_196004.nc,SPI12_gamma_global_era5_moda_ref1991to2020_196004.nc,FALSE,TRUE,196004,1960,4
Data Raw/Clima/Drought/SPI12_gamma_global_era5_moda_ref1991to2020_196005.nc,SPI12_gamma_global_era5_moda_ref1991to2020_196005.nc,FALSE,TRUE,196005,1960,5
Data Raw/Clima/Drought/SPI12_gamma_global_era5_moda_ref1991to2020_196006.nc,SPI12_gamma_global_era5_moda_ref1991to2020_196006.nc,FALSE,TRUE,196006,1960,6
Data Raw/Clima/Drought/SPI12_gamma_global_era5_moda_ref1991to2020_196007.nc,SPI12_gamma_global_era5_moda_ref1991to2020_196007.nc,FALSE,TRUE,196007,1960,7
Data Raw/Clima/Drought/SPI12_gamma_global_era5_moda_ref1991to2020_196008.nc,SPI12_gamma_global_era5_moda_ref1991to2020_196008.nc,FALSE,TRUE,196008,1960,8
Data Raw/Clima/Drought/SPI12_gamma_global_era5_moda_ref1991to2020_196009.nc,SPI12_gamma_global_era5_moda_ref1991to2020_196009.nc,FALSE,TRUE,196009,1960,9
Data Raw/Clima/Drought/SPI12_gamma_global_era5_moda_ref1991to2020_196010.nc,SPI12_gamma_global_era5_moda_ref1991to2020_196010.nc,FALSE,TRUE,196010,1960,10
Data Raw/Clima/Drought/SPI12_gamma_global_era5_moda_ref1991to2020_196011.nc,SPI12_gamma_global_era5_moda_ref1991to2020_196011.nc,FALSE,TRUE,196011,1960,11
Data Raw/Clima/Drought/SPI12_gamma_global_era5_moda_ref1991to2020_196012.nc,SPI12_gamma_global_era5_moda_ref1991to2020_196012.nc,FALSE,TRUE,196012,1960,12
Data Raw/Clima/Drought/SPI12_gamma_global_era5_moda_ref1991to2020_196101.nc,SPI12_gamma_global_era5_moda_ref1991to2020_196101.nc,FALSE,TRUE,196101,1961,1
Data Raw/Clima/Drought/SPI12_gamma_global_era5_moda_ref1991to2020_196102.nc,SPI12_gamma_global_era5_moda_ref1991to2020_196102.nc,FALSE,TRUE,196102,1961,2
Data Raw/Clima/Drought/SPI12_gamma_global_era5_moda_ref1991to2020_196103.nc,SPI12_gamma_global_era5_moda_ref1991to2020_196103.nc,FALSE,TRUE,196103,1961,3
Data Raw/Clima/Drought/SPI12_gamma_global_era5_moda_ref1991to2020_196104.nc,SPI12_gamma_global_era5_moda_ref1991to2020_196104.nc,FALSE,TRUE,196104,1961,4
Data Raw/Clima/Drought/SPI12_gamma_global_era5_moda_ref1991to2020_196105.nc,SPI12_gamma_global_era5_moda_ref1991to2020_196105.nc,FALSE,TRUE,196105,1961,5
Data Raw/Clima/Drought/SPI12_gamma_global_era5_moda_ref1991to2020_196106.nc,SPI12_gamma_global_era5_moda_ref1991to2020_196106.nc,FALSE,TRUE,196106,1961,6
Data Raw/Clima/Drought/SPI12_gamma_global_era5_moda_ref1991to2020_196107.nc,SPI12_gamma_global_era5_moda_ref1991to2020_196107.nc,FALSE,TRUE,196107,1961,7
Data Raw/Clima/Drought/SPI12_gamma_global_era5_moda_ref1991to2020_196108.nc,SPI12_gamma_global_era5_moda_ref1991to2020_196108.nc,FALSE,TRUE,196108,1961,8
Data Raw/Clima/Drought/SPI12_gamma_global_era5_moda_ref1991to2020_196109.nc,SPI12_gamma_global_era5_moda_ref1991to2020_196109.nc,FALSE,TRUE,196109,1961,9
Data Raw/Clima/Drought/SPI12_gamma_global_era5_moda_ref1991to2020_196110.nc,SPI12_gamma_global_era5_moda_ref1991to2020_196110.nc,FALSE,TRUE,196110,1961,10
Data Raw/Clima/Drought/SPI12_gamma_global_era5_moda_ref1991to2020_196111.nc,SPI12_gamma_global_era5_moda_ref1991to2020_196111.nc,FALSE,TRUE,196111,1961,11
Data Raw/Clima/Drought/SPI12_gamma_global_era5_moda_ref1991to2020_196112.nc,SPI12_gamma_global_era5_moda_ref1991to2020_196112.nc,FALSE,TRUE,196112,1961,12
Data Raw/Clima/Drought/SPI12_gamma_global_era5_moda_ref1991to2020_196201.nc,SPI12_gamma_global_era5_moda_ref1991to2020_196201.nc,FALSE,TRUE,196201,1962,1
Data Raw/Clima/Drought/SPI12_gamma_global_era5_moda_ref1991to2020_196202.nc,SPI12_gamma_global_era5_moda_ref1991to2020_196202.nc,FALSE,TRUE,196202,1962,2
Data Raw/Clima/Drought/SPI12_gamma_global_era5_moda_ref1991to2020_196203.nc,SPI12_gamma_global_era5_moda_ref1991to2020_196203.nc,FALSE,TRUE,196203,1962,3
Data Raw/Clima/Drought/SPI12_gamma_global_era5_moda_ref1991to2020_196204.nc,SPI12_gamma_global_era5_moda_ref1991to2020_196204.nc,FALSE,TRUE,196204,1962,4
Data Raw/Clima/Drought/SPI12_gamma_global_era5_moda_ref1991to2020_196205.nc,SPI12_gamma_global_era5_moda_ref1991to2020_196205.nc,FALSE,TRUE,196205,1962,5
Data Raw/Clima/Drought/SPI12_gamma_global_era5_moda_ref1991to2020_196206.nc,SPI12_gamma_global_era5_moda_ref1991to2020_196206.nc,FALSE,TRUE,196206,1962,6
Data Raw/Clima/Drought/SPI12_gamma_global_era5_moda_ref1991to2020_196207.nc,SPI12_gamma_global_era5_moda_ref1991to2020_196207.nc,FALSE,TRUE,196207,1962,7
Data Raw/Clima/Drought/SPI12_gamma_global_era5_moda_ref1991to2020_196208.nc,SPI12_gamma_global_era5_moda_ref1991to2020_196208.nc,FALSE,TRUE,196208,1962,8
Data Raw/Clima/Drought/SPI12_gamma_global_era5_moda_ref1991to2020_196209.nc,SPI12_gamma_global_era5_moda_ref1991to2020_196209.nc,FALSE,TRUE,196209,1962,9
Data Raw/Clima/Drought/SPI12_gamma_global_era5_moda_ref1991to2020_196210.nc,SPI12_gamma_global_era5_moda_ref1991to2020_196210.nc,FALSE,TRUE,196210,1962,10
Data Raw/Clima/Drought/SPI12_gamma_global_era5_moda_ref1991to2020_196211.nc,SPI12_gamma_global_era5_moda_ref1991to2020_196211.nc,FALSE,TRUE,196211,1962,11
Data Raw/Clima/Drought/SPI12_gamma_global_era5_moda_ref1991to2020_196212.nc,SPI12_gamma_global_era5_moda_ref1991to2020_196212.nc,FALSE,TRUE,196212,1962,12
Data Raw/Clima/Drought/SPI12_gamma_global_era5_moda_ref1991to2020_196301.nc,SPI12_gamma_global_era5_moda_ref1991to2020_196301.nc,FALSE,TRUE,196301,1963,1
Data Raw/Clima/Drought/SPI12_gamma_global_era5_moda_ref1991to2020_196302.nc,SPI12_gamma_global_era5_moda_ref1991to2020_196302.nc,FALSE,TRUE,196302,1963,2
Data Raw/Clima/Drought/SPI12_gamma_global_era5_moda_ref1991to2020_196303.nc,SPI12_gamma_global_era5_moda_ref1991to2020_196303.nc,FALSE,TRUE,196303,1963,3
Data Raw/Clima/Drought/SPI12_gamma_global_era5_moda_ref1991to2020_196304.nc,SPI12_gamma_global_era5_moda_ref1991to2020_196304.nc,FALSE,TRUE,196304,1963,4
Data Raw/Clima/Drought/SPI12_gamma_global_era5_moda_ref1991to2020_196305.nc,SPI12_gamma_global_era5_moda_ref1991to2020_196305.nc,FALSE,TRUE,196305,1963,5
Data Raw/Clima/Drought/SPI12_gamma_global_era5_moda_ref1991to2020_196306.nc,SPI12_gamma_global_era5_moda_ref1991to2020_196306.nc,FALSE,TRUE,196306,1963,6
Data Raw/Clima/Drought/SPI12_gamma_global_era5_moda_ref1991to2020_196307.nc,SPI12_gamma_global_era5_moda_ref1991to2020_196307.nc,FALSE,TRUE,196307,1963,7
Data Raw/Clima/Drought/SPI12_gamma_global_era5_moda_ref1991to2020_196308.nc,SPI12_gamma_global_era5_moda_ref1991to2020_196308.nc,FALSE,TRUE,196308,1963,8
Data Raw/Clima/Drought/SPI12_gamma_global_era5_moda_ref1991to2020_196309.nc,SPI12_gamma_global_era5_moda_ref1991to2020_196309.nc,FALSE,TRUE,196309,1963,9
Data Raw/Clima/Drought/SPI12_gamma_global_era5_moda_ref1991to2020_196310.nc,SPI12_gamma_global_era5_moda_ref1991to2020_196310.nc,FALSE,TRUE,196310,1963,10
Data Raw/Clima/Drought/SPI12_gamma_global_era5_moda_ref1991to2020_196311.nc,SPI12_gamma_global_era5_moda_ref1991to2020_196311.nc,FALSE,TRUE,196311,1963,11
Data Raw/Clima/Drought/SPI12_gamma_global_era5_moda_ref1991to2020_196312.nc,SPI12_gamma_global_era5_moda_ref1991to2020_196312.nc,FALSE,TRUE,196312,1963,12
Data Raw/Clima/Drought/SPI12_gamma_global_era5_moda_ref1991to2020_196401.nc,SPI12_gamma_global_era5_moda_ref1991to2020_196401.nc,FALSE,TRUE,196401,1964,1
Data Raw/Clima/Drought/SPI12_gamma_global_era5_moda_ref1991to2020_196402.nc,SPI12_gamma_global_era5_moda_ref1991to2020_196402.nc,FALSE,TRUE,196402,1964,2
Data Raw/Clima/Drought/SPI12_gamma_global_era5_moda_ref1991to2020_196403.nc,SPI12_gamma_global_era5_moda_ref1991to2020_196403.nc,FALSE,TRUE,196403,1964,3
Data Raw/Clima/Drought/SPI12_gamma_global_era5_moda_ref1991to2020_196404.nc,SPI12_gamma_global_era5_moda_ref1991to2020_196404.nc,FALSE,TRUE,196404,1964,4
Data Raw/Clima/Drought/SPI12_gamma_global_era5_moda_ref1991to2020_196405.nc,SPI12_gamma_global_era5_moda_ref1991to2020_196405.nc,FALSE,TRUE,196405,1964,5
Data Raw/Clima/Drought/SPI12_gamma_global_era5_moda_ref1991to2020_196406.nc,SPI12_gamma_global_era5_moda_ref1991to2020_196406.nc,FALSE,TRUE,196406,1964,6
Data Raw/Clima/Drought/SPI12_gamma_global_era5_moda_ref1991to2020_196407.nc,SPI12_gamma_global_era5_moda_ref1991to2020_196407.nc,FALSE,TRUE,196407,1964,7
Data Raw/Clima/Drought/SPI12_gamma_global_era5_moda_ref1991to2020_196408.nc,SPI12_gamma_global_era5_moda_ref1991to2020_196408.nc,FALSE,TRUE,196408,1964,8
Data Raw/Clima/Drought/SPI12_gamma_global_era5_moda_ref1991to2020_196409.nc,SPI12_gamma_global_era5_moda_ref1991to2020_196409.nc,FALSE,TRUE,196409,1964,9
Data Raw/Clima/Drought/SPI12_gamma_global_era5_moda_ref1991to2020_196410.nc,SPI12_gamma_global_era5_moda_ref1991to2020_196410.nc,FALSE,TRUE,196410,1964,10
Data Raw/Clima/Drought/SPI12_gamma_global_era5_moda_ref1991to2020_196411.nc,SPI12_gamma_global_era5_moda_ref1991to2020_196411.nc,FALSE,TRUE,196411,1964,11
Data Raw/Clima/Drought/SPI12_gamma_global_era5_moda_ref1991to2020_196412.nc,SPI12_gamma_global_era5_moda_ref1991to2020_196412.nc,FALSE,TRUE,196412,1964,12
Data Raw/Clima/Drought/SPI12_gamma_global_era5_moda_ref1991to2020_196501.nc,SPI12_gamma_global_era5_moda_ref1991to2020_196501.nc,FALSE,TRUE,196501,1965,1
Data Raw/Clima/Drought/SPI12_gamma_global_era5_moda_ref1991to2020_196502.nc,SPI12_gamma_global_era5_moda_ref1991to2020_196502.nc,FALSE,TRUE,196502,1965,2
Data Raw/Clima/Drought/SPI12_gamma_global_era5_moda_ref1991to2020_196503.nc,SPI12_gamma_global_era5_moda_ref1991to2020_196503.nc,FALSE,TRUE,196503,1965,3
Data Raw/Clima/Drought/SPI12_gamma_global_era5_moda_ref1991to2020_196504.nc,SPI12_gamma_global_era5_moda_ref1991to2020_196504.nc,FALSE,TRUE,196504,1965,4
Data Raw/Clima/Drought/SPI12_gamma_global_era5_moda_ref1991to2020_196505.nc,SPI12_gamma_global_era5_moda_ref1991to2020_196505.nc,FALSE,TRUE,196505,1965,5
Data Raw/Clima/Drought/SPI12_gamma_global_era5_moda_ref1991to2020_196506.nc,SPI12_gamma_global_era5_moda_ref1991to2020_196506.nc,FALSE,TRUE,196506,1965,6
Data Raw/Clima/Drought/SPI12_gamma_global_era5_moda_ref1991to2020_196507.nc,SPI12_gamma_global_era5_moda_ref1991to2020_196507.nc,FALSE,TRUE,196507,1965,7
Data Raw/Clima/Drought/SPI12_gamma_global_era5_moda_ref1991to2020_196508.nc,SPI12_gamma_global_era5_moda_ref1991to2020_196508.nc,FALSE,TRUE,196508,1965,8
Data Raw/Clima/Drought/SPI12_gamma_global_era5_moda_ref1991to2020_196509.nc,SPI12_gamma_global_era5_moda_ref1991to2020_196509.nc,FALSE,TRUE,196509,1965,9
Data Raw/Clima/Drought/SPI12_gamma_global_era5_moda_ref1991to2020_196510.nc,SPI12_gamma_global_era5_moda_ref1991to2020_196510.nc,FALSE,TRUE,196510,1965,10
Data Raw/Clima/Drought/SPI12_gamma_global_era5_moda_ref1991to2020_196511.nc,SPI12_gamma_global_era5_moda_ref1991to2020_196511.nc,FALSE,TRUE,196511,1965,11
Data Raw/Clima/Drought/SPI12_gamma_global_era5_moda_ref1991to2020_196512.nc,SPI12_gamma_global_era5_moda_ref1991to2020_196512.nc,FALSE,TRUE,196512,1965,12
Data Raw/Clima/Drought/SPI12_gamma_global_era5_moda_ref1991to2020_196601.nc,SPI12_gamma_global_era5_moda_ref1991to2020_196601.nc,FALSE,TRUE,196601,1966,1
Data Raw/Clima/Drought/SPI12_gamma_global_era5_moda_ref1991to2020_196602.nc,SPI12_gamma_global_era5_moda_ref1991to2020_196602.nc,FALSE,TRUE,196602,1966,2
Data Raw/Clima/Drought/SPI12_gamma_global_era5_moda_ref1991to2020_196603.nc,SPI12_gamma_global_era5_moda_ref1991to2020_196603.nc,FALSE,TRUE,196603,1966,3
Data Raw/Clima/Drought/SPI12_gamma_global_era5_moda_ref1991to2020_196604.nc,SPI12_gamma_global_era5_moda_ref1991to2020_196604.nc,FALSE,TRUE,196604,1966,4
Data Raw/Clima/Drought/SPI12_gamma_global_era5_moda_ref1991to2020_196605.nc,SPI12_gamma_global_era5_moda_ref1991to2020_196605.nc,FALSE,TRUE,196605,1966,5
Data Raw/Clima/Drought/SPI12_gamma_global_era5_moda_ref1991to2020_196606.nc,SPI12_gamma_global_era5_moda_ref1991to2020_196606.nc,FALSE,TRUE,196606,1966,6
Data Raw/Clima/Drought/SPI12_gamma_global_era5_moda_ref1991to2020_196607.nc,SPI12_gamma_global_era5_moda_ref1991to2020_196607.nc,FALSE,TRUE,196607,1966,7
Data Raw/Clima/Drought/SPI12_gamma_global_era5_moda_ref1991to2020_196608.nc,SPI12_gamma_global_era5_moda_ref1991to2020_196608.nc,FALSE,TRUE,196608,1966,8
Data Raw/Clima/Drought/SPI12_gamma_global_era5_moda_ref1991to2020_196609.nc,SPI12_gamma_global_era5_moda_ref1991to2020_196609.nc,FALSE,TRUE,196609,1966,9
Data Raw/Clima/Drought/SPI12_gamma_global_era5_moda_ref1991to2020_196610.nc,SPI12_gamma_global_era5_moda_ref1991to2020_196610.nc,FALSE,TRUE,196610,1966,10
Data Raw/Clima/Drought/SPI12_gamma_global_era5_moda_ref1991to2020_196611.nc,SPI12_gamma_global_era5_moda_ref1991to2020_196611.nc,FALSE,TRUE,196611,1966,11
Data Raw/Clima/Drought/SPI12_gamma_global_era5_moda_ref1991to2020_196612.nc,SPI12_gamma_global_era5_moda_ref1991to2020_196612.nc,FALSE,TRUE,196612,1966,12
Data Raw/Clima/Drought/SPI12_gamma_global_era5_moda_ref1991to2020_196701.nc,SPI12_gamma_global_era5_moda_ref1991to2020_196701.nc,FALSE,TRUE,196701,1967,1
Data Raw/Clima/Drought/SPI12_gamma_global_era5_moda_ref1991to2020_196702.nc,SPI12_gamma_global_era5_moda_ref1991to2020_196702.nc,FALSE,TRUE,196702,1967,2
Data Raw/Clima/Drought/SPI12_gamma_global_era5_moda_ref1991to2020_196703.nc,SPI12_gamma_global_era5_moda_ref1991to2020_196703.nc,FALSE,TRUE,196703,1967,3
Data Raw/Clima/Drought/SPI12_gamma_global_era5_moda_ref1991to2020_196704.nc,SPI12_gamma_global_era5_moda_ref1991to2020_196704.nc,FALSE,TRUE,196704,1967,4
Data Raw/Clima/Drought/SPI12_gamma_global_era5_moda_ref1991to2020_196705.nc,SPI12_gamma_global_era5_moda_ref1991to2020_196705.nc,FALSE,TRUE,196705,1967,5
Data Raw/Clima/Drought/SPI12_gamma_global_era5_moda_ref1991to2020_196706.nc,SPI12_gamma_global_era5_moda_ref1991to2020_196706.nc,FALSE,TRUE,196706,1967,6
Data Raw/Clima/Drought/SPI12_gamma_global_era5_moda_ref1991to2020_196707.nc,SPI12_gamma_global_era5_moda_ref1991to2020_196707.nc,FALSE,TRUE,196707,1967,7
Data Raw/Clima/Drought/SPI12_gamma_global_era5_moda_ref1991to2020_196708.nc,SPI12_gamma_global_era5_moda_ref1991to2020_196708.nc,FALSE,TRUE,196708,1967,8
Data Raw/Clima/Drought/SPI12_gamma_global_era5_moda_ref1991to2020_196709.nc,SPI12_gamma_global_era5_moda_ref1991to2020_196709.nc,FALSE,TRUE,196709,1967,9
Data Raw/Clima/Drought/SPI12_gamma_global_era5_moda_ref1991to2020_196710.nc,SPI12_gamma_global_era5_moda_ref1991to2020_196710.nc,FALSE,TRUE,196710,1967,10
Data Raw/Clima/Drought/SPI12_gamma_global_era5_moda_ref1991to2020_196711.nc,SPI12_gamma_global_era5_moda_ref1991to2020_196711.nc,FALSE,TRUE,196711,1967,11
Data Raw/Clima/Drought/SPI12_gamma_global_era5_moda_ref1991to2020_196712.nc,SPI12_gamma_global_era5_moda_ref1991to2020_196712.nc,FALSE,TRUE,196712,1967,12
Data Raw/Clima/Drought/SPI12_gamma_global_era5_moda_ref1991to2020_196801.nc,SPI12_gamma_global_era5_moda_ref1991to2020_196801.nc,FALSE,TRUE,196801,1968,1
Data Raw/Clima/Drought/SPI12_gamma_global_era5_moda_ref1991to2020_196802.nc,SPI12_gamma_global_era5_moda_ref1991to2020_196802.nc,FALSE,TRUE,196802,1968,2
Data Raw/Clima/Drought/SPI12_gamma_global_era5_moda_ref1991to2020_196803.nc,SPI12_gamma_global_era5_moda_ref1991to2020_196803.nc,FALSE,TRUE,196803,1968,3
Data Raw/Clima/Drought/SPI12_gamma_global_era5_moda_ref1991to2020_196804.nc,SPI12_gamma_global_era5_moda_ref1991to2020_196804.nc,FALSE,TRUE,196804,1968,4
Data Raw/Clima/Drought/SPI12_gamma_global_era5_moda_ref1991to2020_196805.nc,SPI12_gamma_global_era5_moda_ref1991to2020_196805.nc,FALSE,TRUE,196805,1968,5
Data Raw/Clima/Drought/SPI12_gamma_global_era5_moda_ref1991to2020_196806.nc,SPI12_gamma_global_era5_moda_ref1991to2020_196806.nc,FALSE,TRUE,196806,1968,6
Data Raw/Clima/Drought/SPI12_gamma_global_era5_moda_ref1991to2020_196807.nc,SPI12_gamma_global_era5_moda_ref1991to2020_196807.nc,FALSE,TRUE,196807,1968,7
Data Raw/Clima/Drought/SPI12_gamma_global_era5_moda_ref1991to2020_196808.nc,SPI12_gamma_global_era5_moda_ref1991to2020_196808.nc,FALSE,TRUE,196808,1968,8
Data Raw/Clima/Drought/SPI12_gamma_global_era5_moda_ref1991to2020_196809.nc,SPI12_gamma_global_era5_moda_ref1991to2020_196809.nc,FALSE,TRUE,196809,1968,9
Data Raw/Clima/Drought/SPI12_gamma_global_era5_moda_ref1991to2020_196810.nc,SPI12_gamma_global_era5_moda_ref1991to2020_196810.nc,FALSE,TRUE,196810,1968,10
Data Raw/Clima/Drought/SPI12_gamma_global_era5_moda_ref1991to2020_196811.nc,SPI12_gamma_global_era5_moda_ref1991to2020_196811.nc,FALSE,TRUE,196811,1968,11
Data Raw/Clima/Drought/SPI12_gamma_global_era5_moda_ref1991to2020_196812.nc,SPI12_gamma_global_era5_moda_ref1991to2020_196812.nc,FALSE,TRUE,196812,1968,12
Data Raw/Clima/Drought/SPI12_gamma_global_era5_moda_ref1991to2020_196901.nc,SPI12_gamma_global_era5_moda_ref1991to2020_196901.nc,FALSE,TRUE,196901,1969,1
Data Raw/Clima/Drought/SPI12_gamma_global_era5_moda_ref1991to2020_196902.nc,SPI12_gamma_global_era5_moda_ref1991to2020_196902.nc,FALSE,TRUE,196902,1969,2
Data Raw/Clima/Drought/SPI12_gamma_global_era5_moda_ref1991to2020_196903.nc,SPI12_gamma_global_era5_moda_ref1991to2020_196903.nc,FALSE,TRUE,196903,1969,3
Data Raw/Clima/Drought/SPI12_gamma_global_era5_moda_ref1991to2020_196904.nc,SPI12_gamma_global_era5_moda_ref1991to2020_196904.nc,FALSE,TRUE,196904,1969,4
Data Raw/Clima/Drought/SPI12_gamma_global_era5_moda_ref1991to2020_196905.nc,SPI12_gamma_global_era5_moda_ref1991to2020_196905.nc,FALSE,TRUE,196905,1969,5
Data Raw/Clima/Drought/SPI12_gamma_global_era5_moda_ref1991to2020_196906.nc,SPI12_gamma_global_era5_moda_ref1991to2020_196906.nc,FALSE,TRUE,196906,1969,6
Data Raw/Clima/Drought/SPI12_gamma_global_era5_moda_ref1991to2020_196907.nc,SPI12_gamma_global_era5_moda_ref1991to2020_196907.nc,FALSE,TRUE,196907,1969,7
Data Raw/Clima/Drought/SPI12_gamma_global_era5_moda_ref1991to2020_196908.nc,SPI12_gamma_global_era5_moda_ref1991to2020_196908.nc,FALSE,TRUE,196908,1969,8
Data Raw/Clima/Drought/SPI12_gamma_global_era5_moda_ref1991to2020_196909.nc,SPI12_gamma_global_era5_moda_ref1991to2020_196909.nc,FALSE,TRUE,196909,1969,9
Data Raw/Clima/Drought/SPI12_gamma_global_era5_moda_ref1991to2020_196910.nc,SPI12_gamma_global_era5_moda_ref1991to2020_196910.nc,FALSE,TRUE,196910,1969,10
Data Raw/Clima/Drought/SPI12_gamma_global_era5_moda_ref1991to2020_196911.nc,SPI12_gamma_global_era5_moda_ref1991to2020_196911.nc,FALSE,TRUE,196911,1969,11
Data Raw/Clima/Drought/SPI12_gamma_global_era5_moda_ref1991to2020_196912.nc,SPI12_gamma_global_era5_moda_ref1991to2020_196912.nc,FALSE,TRUE,196912,1969,12
Data Raw/Clima/Drought/SPI12_gamma_global_era5_moda_ref1991to2020_197001.nc,SPI12_gamma_global_era5_moda_ref1991to2020_197001.nc,FALSE,TRUE,197001,1970,1
Data Raw/Clima/Drought/SPI12_gamma_global_era5_moda_ref1991to2020_197002.nc,SPI12_gamma_global_era5_moda_ref1991to2020_197002.nc,FALSE,TRUE,197002,1970,2
Data Raw/Clima/Drought/SPI12_gamma_global_era5_moda_ref1991to2020_197003.nc,SPI12_gamma_global_era5_moda_ref1991to2020_197003.nc,FALSE,TRUE,197003,1970,3
Data Raw/Clima/Drought/SPI12_gamma_global_era5_moda_ref1991to2020_197004.nc,SPI12_gamma_global_era5_moda_ref1991to2020_197004.nc,FALSE,TRUE,197004,1970,4
Data Raw/Clima/Drought/SPI12_gamma_global_era5_moda_ref1991to2020_197005.nc,SPI12_gamma_global_era5_moda_ref1991to2020_197005.nc,FALSE,TRUE,197005,1970,5
Data Raw/Clima/Drought/SPI12_gamma_global_era5_moda_ref1991to2020_197006.nc,SPI12_gamma_global_era5_moda_ref1991to2020_197006.nc,FALSE,TRUE,197006,1970,6
Data Raw/Clima/Drought/SPI12_gamma_global_era5_moda_ref1991to2020_197007.nc,SPI12_gamma_global_era5_moda_ref1991to2020_197007.nc,FALSE,TRUE,197007,1970,7
Data Raw/Clima/Drought/SPI12_gamma_global_era5_moda_ref1991to2020_197008.nc,SPI12_gamma_global_era5_moda_ref1991to2020_197008.nc,FALSE,TRUE,197008,1970,8
Data Raw/Clima/Drought/SPI12_gamma_global_era5_moda_ref1991to2020_197009.nc,SPI12_gamma_global_era5_moda_ref1991to2020_197009.nc,FALSE,TRUE,197009,1970,9
Data Raw/Clima/Drought/SPI12_gamma_global_era5_moda_ref1991to2020_197010.nc,SPI12_gamma_global_era5_moda_ref1991to2020_197010.nc,FALSE,TRUE,197010,1970,10
Data Raw/Clima/Drought/SPI12_gamma_global_era5_moda_ref1991to2020_197011.nc,SPI12_gamma_global_era5_moda_ref1991to2020_197011.nc,FALSE,TRUE,197011,1970,11
Data Raw/Clima/Drought/SPI12_gamma_global_era5_moda_ref1991to2020_197012.nc,SPI12_gamma_global_era5_moda_ref1991to2020_197012.nc,FALSE,TRUE,197012,1970,12
Data Raw/Clima/Drought/SPI12_gamma_global_era5_moda_ref1991to2020_197101.nc,SPI12_gamma_global_era5_moda_ref1991to2020_197101.nc,FALSE,TRUE,197101,1971,1
Data Raw/Clima/Drought/SPI12_gamma_global_era5_moda_ref1991to2020_197102.nc,SPI12_gamma_global_era5_moda_ref1991to2020_197102.nc,FALSE,TRUE,197102,1971,2
Data Raw/Clima/Drought/SPI12_gamma_global_era5_moda_ref1991to2020_197103.nc,SPI12_gamma_global_era5_moda_ref1991to2020_197103.nc,FALSE,TRUE,197103,1971,3
Data Raw/Clima/Drought/SPI12_gamma_global_era5_moda_ref1991to2020_197104.nc,SPI12_gamma_global_era5_moda_ref1991to2020_197104.nc,FALSE,TRUE,197104,1971,4
Data Raw/Clima/Drought/SPI12_gamma_global_era5_moda_ref1991to2020_197105.nc,SPI12_gamma_global_era5_moda_ref1991to2020_197105.nc,FALSE,TRUE,197105,1971,5
Data Raw/Clima/Drought/SPI12_gamma_global_era5_moda_ref1991to2020_197106.nc,SPI12_gamma_global_era5_moda_ref1991to2020_197106.nc,FALSE,TRUE,197106,1971,6
Data Raw/Clima/Drought/SPI12_gamma_global_era5_moda_ref1991to2020_197107.nc,SPI12_gamma_global_era5_moda_ref1991to2020_197107.nc,FALSE,TRUE,197107,1971,7
Data Raw/Clima/Drought/SPI12_gamma_global_era5_moda_ref1991to2020_197108.nc,SPI12_gamma_global_era5_moda_ref1991to2020_197108.nc,FALSE,TRUE,197108,1971,8
Data Raw/Clima/Drought/SPI12_gamma_global_era5_moda_ref1991to2020_197109.nc,SPI12_gamma_global_era5_moda_ref1991to2020_197109.nc,FALSE,TRUE,197109,1971,9
Data Raw/Clima/Drought/SPI12_gamma_global_era5_moda_ref1991to2020_197110.nc,SPI12_gamma_global_era5_moda_ref1991to2020_197110.nc,FALSE,TRUE,197110,1971,10
Data Raw/Clima/Drought/SPI12_gamma_global_era5_moda_ref1991to2020_197111.nc,SPI12_gamma_global_era5_moda_ref1991to2020_197111.nc,FALSE,TRUE,197111,1971,11
Data Raw/Clima/Drought/SPI12_gamma_global_era5_moda_ref1991to2020_197112.nc,SPI12_gamma_global_era5_moda_ref1991to2020_197112.nc,FALSE,TRUE,197112,1971,12
Data Raw/Clima/Drought/SPI12_gamma_global_era5_moda_ref1991to2020_197201.nc,SPI12_gamma_global_era5_moda_ref1991to2020_197201.nc,FALSE,TRUE,197201,1972,1
Data Raw/Clima/Drought/SPI12_gamma_global_era5_moda_ref1991to2020_197202.nc,SPI12_gamma_global_era5_moda_ref1991to2020_197202.nc,FALSE,TRUE,197202,1972,2
Data Raw/Clima/Drought/SPI12_gamma_global_era5_moda_ref1991to2020_197203.nc,SPI12_gamma_global_era5_moda_ref1991to2020_197203.nc,FALSE,TRUE,197203,1972,3
Data Raw/Clima/Drought/SPI12_gamma_global_era5_moda_ref1991to2020_197204.nc,SPI12_gamma_global_era5_moda_ref1991to2020_197204.nc,FALSE,TRUE,197204,1972,4
Data Raw/Clima/Drought/SPI12_gamma_global_era5_moda_ref1991to2020_197205.nc,SPI12_gamma_global_era5_moda_ref1991to2020_197205.nc,FALSE,TRUE,197205,1972,5
Data Raw/Clima/Drought/SPI12_gamma_global_era5_moda_ref1991to2020_197206.nc,SPI12_gamma_global_era5_moda_ref1991to2020_197206.nc,FALSE,TRUE,197206,1972,6
Data Raw/Clima/Drought/SPI12_gamma_global_era5_moda_ref1991to2020_197207.nc,SPI12_gamma_global_era5_moda_ref1991to2020_197207.nc,FALSE,TRUE,197207,1972,7
Data Raw/Clima/Drought/SPI12_gamma_global_era5_moda_ref1991to2020_197208.nc,SPI12_gamma_global_era5_moda_ref1991to2020_197208.nc,FALSE,TRUE,197208,1972,8
Data Raw/Clima/Drought/SPI12_gamma_global_era5_moda_ref1991to2020_197209.nc,SPI12_gamma_global_era5_moda_ref1991to2020_197209.nc,FALSE,TRUE,197209,1972,9
Data Raw/Clima/Drought/SPI12_gamma_global_era5_moda_ref1991to2020_197210.nc,SPI12_gamma_global_era5_moda_ref1991to2020_197210.nc,FALSE,TRUE,197210,1972,10
Data Raw/Clima/Drought/SPI12_gamma_global_era5_moda_ref1991to2020_197211.nc,SPI12_gamma_global_era5_moda_ref1991to2020_197211.nc,FALSE,TRUE,197211,1972,11
Data Raw/Clima/Drought/SPI12_gamma_global_era5_moda_ref1991to2020_197212.nc,SPI12_gamma_global_era5_moda_ref1991to2020_197212.nc,FALSE,TRUE,197212,1972,12
Data Raw/Clima/Drought/SPI12_gamma_global_era5_moda_ref1991to2020_197301.nc,SPI12_gamma_global_era5_moda_ref1991to2020_197301.nc,FALSE,TRUE,197301,1973,1
Data Raw/Clima/Drought/SPI12_gamma_global_era5_moda_ref1991to2020_197302.nc,SPI12_gamma_global_era5_moda_ref1991to2020_197302.nc,FALSE,TRUE,197302,1973,2
Data Raw/Clima/Drought/SPI12_gamma_global_era5_moda_ref1991to2020_197303.nc,SPI12_gamma_global_era5_moda_ref1991to2020_197303.nc,FALSE,TRUE,197303,1973,3
Data Raw/Clima/Drought/SPI12_gamma_global_era5_moda_ref1991to2020_197304.nc,SPI12_gamma_global_era5_moda_ref1991to2020_197304.nc,FALSE,TRUE,197304,1973,4
Data Raw/Clima/Drought/SPI12_gamma_global_era5_moda_ref1991to2020_197305.nc,SPI12_gamma_global_era5_moda_ref1991to2020_197305.nc,FALSE,TRUE,197305,1973,5
Data Raw/Clima/Drought/SPI12_gamma_global_era5_moda_ref1991to2020_197306.nc,SPI12_gamma_global_era5_moda_ref1991to2020_197306.nc,FALSE,TRUE,197306,1973,6
Data Raw/Clima/Drought/SPI12_gamma_global_era5_moda_ref1991to2020_197307.nc,SPI12_gamma_global_era5_moda_ref1991to2020_197307.nc,FALSE,TRUE,197307,1973,7
Data Raw/Clima/Drought/SPI12_gamma_global_era5_moda_ref1991to2020_197308.nc,SPI12_gamma_global_era5_moda_ref1991to2020_197308.nc,FALSE,TRUE,197308,1973,8
Data Raw/Clima/Drought/SPI12_gamma_global_era5_moda_ref1991to2020_197309.nc,SPI12_gamma_global_era5_moda_ref1991to2020_197309.nc,FALSE,TRUE,197309,1973,9
Data Raw/Clima/Drought/SPI12_gamma_global_era5_moda_ref1991to2020_197310.nc,SPI12_gamma_global_era5_moda_ref1991to2020_197310.nc,FALSE,TRUE,197310,1973,10
Data Raw/Clima/Drought/SPI12_gamma_global_era5_moda_ref1991to2020_197311.nc,SPI12_gamma_global_era5_moda_ref1991to2020_197311.nc,FALSE,TRUE,197311,1973,11
Data Raw/Clima/Drought/SPI12_gamma_global_era5_moda_ref1991to2020_197312.nc,SPI12_gamma_global_era5_moda_ref1991to2020_197312.nc,FALSE,TRUE,197312,1973,12
Data Raw/Clima/Drought/SPI12_gamma_global_era5_moda_ref1991to2020_197401.nc,SPI12_gamma_global_era5_moda_ref1991to2020_197401.nc,FALSE,TRUE,197401,1974,1
Data Raw/Clima/Drought/SPI12_gamma_global_era5_moda_ref1991to2020_197402.nc,SPI12_gamma_global_era5_moda_ref1991to2020_197402.nc,FALSE,TRUE,197402,1974,2
Data Raw/Clima/Drought/SPI12_gamma_global_era5_moda_ref1991to2020_197403.nc,SPI12_gamma_global_era5_moda_ref1991to2020_197403.nc,FALSE,TRUE,197403,1974,3
Data Raw/Clima/Drought/SPI12_gamma_global_era5_moda_ref1991to2020_197404.nc,SPI12_gamma_global_era5_moda_ref1991to2020_197404.nc,FALSE,TRUE,197404,1974,4
Data Raw/Clima/Drought/SPI12_gamma_global_era5_moda_ref1991to2020_197405.nc,SPI12_gamma_global_era5_moda_ref1991to2020_197405.nc,FALSE,TRUE,197405,1974,5
Data Raw/Clima/Drought/SPI12_gamma_global_era5_moda_ref1991to2020_197406.nc,SPI12_gamma_global_era5_moda_ref1991to2020_197406.nc,FALSE,TRUE,197406,1974,6
Data Raw/Clima/Drought/SPI12_gamma_global_era5_moda_ref1991to2020_197407.nc,SPI12_gamma_global_era5_moda_ref1991to2020_197407.nc,FALSE,TRUE,197407,1974,7
Data Raw/Clima/Drought/SPI12_gamma_global_era5_moda_ref1991to2020_197408.nc,SPI12_gamma_global_era5_moda_ref1991to2020_197408.nc,FALSE,TRUE,197408,1974,8
Data Raw/Clima/Drought/SPI12_gamma_global_era5_moda_ref1991to2020_197409.nc,SPI12_gamma_global_era5_moda_ref1991to2020_197409.nc,FALSE,TRUE,197409,1974,9
Data Raw/Clima/Drought/SPI12_gamma_global_era5_moda_ref1991to2020_197410.nc,SPI12_gamma_global_era5_moda_ref1991to2020_197410.nc,FALSE,TRUE,197410,1974,10
Data Raw/Clima/Drought/SPI12_gamma_global_era5_moda_ref1991to2020_197411.nc,SPI12_gamma_global_era5_moda_ref1991to2020_197411.nc,FALSE,TRUE,197411,1974,11
Data Raw/Clima/Drought/SPI12_gamma_global_era5_moda_ref1991to2020_197412.nc,SPI12_gamma_global_era5_moda_ref1991to2020_197412.nc,FALSE,TRUE,197412,1974,12
Data Raw/Clima/Drought/SPI12_gamma_global_era5_moda_ref1991to2020_197501.nc,SPI12_gamma_global_era5_moda_ref1991to2020_197501.nc,FALSE,TRUE,197501,1975,1
Data Raw/Clima/Drought/SPI12_gamma_global_era5_moda_ref1991to2020_197502.nc,SPI12_gamma_global_era5_moda_ref1991to2020_197502.nc,FALSE,TRUE,197502,1975,2
Data Raw/Clima/Drought/SPI12_gamma_global_era5_moda_ref1991to2020_197503.nc,SPI12_gamma_global_era5_moda_ref1991to2020_197503.nc,FALSE,TRUE,197503,1975,3
Data Raw/Clima/Drought/SPI12_gamma_global_era5_moda_ref1991to2020_197504.nc,SPI12_gamma_global_era5_moda_ref1991to2020_197504.nc,FALSE,TRUE,197504,1975,4
Data Raw/Clima/Drought/SPI12_gamma_global_era5_moda_ref1991to2020_197505.nc,SPI12_gamma_global_era5_moda_ref1991to2020_197505.nc,FALSE,TRUE,197505,1975,5
Data Raw/Clima/Drought/SPI12_gamma_global_era5_moda_ref1991to2020_197506.nc,SPI12_gamma_global_era5_moda_ref1991to2020_197506.nc,FALSE,TRUE,197506,1975,6
Data Raw/Clima/Drought/SPI12_gamma_global_era5_moda_ref1991to2020_197507.nc,SPI12_gamma_global_era5_moda_ref1991to2020_197507.nc,FALSE,TRUE,197507,1975,7
Data Raw/Clima/Drought/SPI12_gamma_global_era5_moda_ref1991to2020_197508.nc,SPI12_gamma_global_era5_moda_ref1991to2020_197508.nc,FALSE,TRUE,197508,1975,8
Data Raw/Clima/Drought/SPI12_gamma_global_era5_moda_ref1991to2020_197509.nc,SPI12_gamma_global_era5_moda_ref1991to2020_197509.nc,FALSE,TRUE,197509,1975,9
Data Raw/Clima/Drought/SPI12_gamma_global_era5_moda_ref1991to2020_197510.nc,SPI12_gamma_global_era5_moda_ref1991to2020_197510.nc,FALSE,TRUE,197510,1975,10
Data Raw/Clima/Drought/SPI12_gamma_global_era5_moda_ref1991to2020_197511.nc,SPI12_gamma_global_era5_moda_ref1991to2020_197511.nc,FALSE,TRUE,197511,1975,11
Data Raw/Clima/Drought/SPI12_gamma_global_era5_moda_ref1991to2020_197512.nc,SPI12_gamma_global_era5_moda_ref1991to2020_197512.nc,FALSE,TRUE,197512,1975,12
Data Raw/Clima/Drought/SPI12_gamma_global_era5_moda_ref1991to2020_197601.nc,SPI12_gamma_global_era5_moda_ref1991to2020_197601.nc,FALSE,TRUE,197601,1976,1
Data Raw/Clima/Drought/SPI12_gamma_global_era5_moda_ref1991to2020_197602.nc,SPI12_gamma_global_era5_moda_ref1991to2020_197602.nc,FALSE,TRUE,197602,1976,2
Data Raw/Clima/Drought/SPI12_gamma_global_era5_moda_ref1991to2020_197603.nc,SPI12_gamma_global_era5_moda_ref1991to2020_197603.nc,FALSE,TRUE,197603,1976,3
Data Raw/Clima/Drought/SPI12_gamma_global_era5_moda_ref1991to2020_197604.nc,SPI12_gamma_global_era5_moda_ref1991to2020_197604.nc,FALSE,TRUE,197604,1976,4
Data Raw/Clima/Drought/SPI12_gamma_global_era5_moda_ref1991to2020_197605.nc,SPI12_gamma_global_era5_moda_ref1991to2020_197605.nc,FALSE,TRUE,197605,1976,5
Data Raw/Clima/Drought/SPI12_gamma_global_era5_moda_ref1991to2020_197606.nc,SPI12_gamma_global_era5_moda_ref1991to2020_197606.nc,FALSE,TRUE,197606,1976,6
Data Raw/Clima/Drought/SPI12_gamma_global_era5_moda_ref1991to2020_197607.nc,SPI12_gamma_global_era5_moda_ref1991to2020_197607.nc,FALSE,TRUE,197607,1976,7
Data Raw/Clima/Drought/SPI12_gamma_global_era5_moda_ref1991to2020_197608.nc,SPI12_gamma_global_era5_moda_ref1991to2020_197608.nc,FALSE,TRUE,197608,1976,8
Data Raw/Clima/Drought/SPI12_gamma_global_era5_moda_ref1991to2020_197609.nc,SPI12_gamma_global_era5_moda_ref1991to2020_197609.nc,FALSE,TRUE,197609,1976,9
Data Raw/Clima/Drought/SPI12_gamma_global_era5_moda_ref1991to2020_197610.nc,SPI12_gamma_global_era5_moda_ref1991to2020_197610.nc,FALSE,TRUE,197610,1976,10
Data Raw/Clima/Drought/SPI12_gamma_global_era5_moda_ref1991to2020_197611.nc,SPI12_gamma_global_era5_moda_ref1991to2020_197611.nc,FALSE,TRUE,197611,1976,11
Data Raw/Clima/Drought/SPI12_gamma_global_era5_moda_ref1991to2020_197612.nc,SPI12_gamma_global_era5_moda_ref1991to2020_197612.nc,FALSE,TRUE,197612,1976,12
Data Raw/Clima/Drought/SPI12_gamma_global_era5_moda_ref1991to2020_197701.nc,SPI12_gamma_global_era5_moda_ref1991to2020_197701.nc,FALSE,TRUE,197701,1977,1
Data Raw/Clima/Drought/SPI12_gamma_global_era5_moda_ref1991to2020_197702.nc,SPI12_gamma_global_era5_moda_ref1991to2020_197702.nc,FALSE,TRUE,197702,1977,2
Data Raw/Clima/Drought/SPI12_gamma_global_era5_moda_ref1991to2020_197703.nc,SPI12_gamma_global_era5_moda_ref1991to2020_197703.nc,FALSE,TRUE,197703,1977,3
Data Raw/Clima/Drought/SPI12_gamma_global_era5_moda_ref1991to2020_197704.nc,SPI12_gamma_global_era5_moda_ref1991to2020_197704.nc,FALSE,TRUE,197704,1977,4
Data Raw/Clima/Drought/SPI12_gamma_global_era5_moda_ref1991to2020_197705.nc,SPI12_gamma_global_era5_moda_ref1991to2020_197705.nc,FALSE,TRUE,197705,1977,5
Data Raw/Clima/Drought/SPI12_gamma_global_era5_moda_ref1991to2020_197706.nc,SPI12_gamma_global_era5_moda_ref1991to2020_197706.nc,FALSE,TRUE,197706,1977,6
Data Raw/Clima/Drought/SPI12_gamma_global_era5_moda_ref1991to2020_197707.nc,SPI12_gamma_global_era5_moda_ref1991to2020_197707.nc,FALSE,TRUE,197707,1977,7
Data Raw/Clima/Drought/SPI12_gamma_global_era5_moda_ref1991to2020_197708.nc,SPI12_gamma_global_era5_moda_ref1991to2020_197708.nc,FALSE,TRUE,197708,1977,8
Data Raw/Clima/Drought/SPI12_gamma_global_era5_moda_ref1991to2020_197709.nc,SPI12_gamma_global_era5_moda_ref1991to2020_197709.nc,FALSE,TRUE,197709,1977,9
Data Raw/Clima/Drought/SPI12_gamma_global_era5_moda_ref1991to2020_197710.nc,SPI12_gamma_global_era5_moda_ref1991to2020_197710.nc,FALSE,TRUE,197710,1977,10
Data Raw/Clima/Drought/SPI12_gamma_global_era5_moda_ref1991to2020_197711.nc,SPI12_gamma_global_era5_moda_ref1991to2020_197711.nc,FALSE,TRUE,197711,1977,11
Data Raw/Clima/Drought/SPI12_gamma_global_era5_moda_ref1991to2020_197712.nc,SPI12_gamma_global_era5_moda_ref1991to2020_197712.nc,FALSE,TRUE,197712,1977,12
Data Raw/Clima/Drought/SPI12_gamma_global_era5_moda_ref1991to2020_197801.nc,SPI12_gamma_global_era5_moda_ref1991to2020_197801.nc,FALSE,TRUE,197801,1978,1
Data Raw/Clima/Drought/SPI12_gamma_global_era5_moda_ref1991to2020_197802.nc,SPI12_gamma_global_era5_moda_ref1991to2020_197802.nc,FALSE,TRUE,197802,1978,2
Data Raw/Clima/Drought/SPI12_gamma_global_era5_moda_ref1991to2020_197803.nc,SPI12_gamma_global_era5_moda_ref1991to2020_197803.nc,FALSE,TRUE,197803,1978,3
Data Raw/Clima/Drought/SPI12_gamma_global_era5_moda_ref1991to2020_197804.nc,SPI12_gamma_global_era5_moda_ref1991to2020_197804.nc,FALSE,TRUE,197804,1978,4
Data Raw/Clima/Drought/SPI12_gamma_global_era5_moda_ref1991to2020_197805.nc,SPI12_gamma_global_era5_moda_ref1991to2020_197805.nc,FALSE,TRUE,197805,1978,5
Data Raw/Clima/Drought/SPI12_gamma_global_era5_moda_ref1991to2020_197806.nc,SPI12_gamma_global_era5_moda_ref1991to2020_197806.nc,FALSE,TRUE,197806,1978,6
Data Raw/Clima/Drought/SPI12_gamma_global_era5_moda_ref1991to2020_197807.nc,SPI12_gamma_global_era5_moda_ref1991to2020_197807.nc,FALSE,TRUE,197807,1978,7
Data Raw/Clima/Drought/SPI12_gamma_global_era5_moda_ref1991to2020_197808.nc,SPI12_gamma_global_era5_moda_ref1991to2020_197808.nc,FALSE,TRUE,197808,1978,8
Data Raw/Clima/Drought/SPI12_gamma_global_era5_moda_ref1991to2020_197809.nc,SPI12_gamma_global_era5_moda_ref1991to2020_197809.nc,FALSE,TRUE,197809,1978,9
Data Raw/Clima/Drought/SPI12_gamma_global_era5_moda_ref1991to2020_197810.nc,SPI12_gamma_global_era5_moda_ref1991to2020_197810.nc,FALSE,TRUE,197810,1978,10
Data Raw/Clima/Drought/SPI12_gamma_global_era5_moda_ref1991to2020_197811.nc,SPI12_gamma_global_era5_moda_ref1991to2020_197811.nc,FALSE,TRUE,197811,1978,11
Data Raw/Clima/Drought/SPI12_gamma_global_era5_moda_ref1991to2020_197812.nc,SPI12_gamma_global_era5_moda_ref1991to2020_197812.nc,FALSE,TRUE,197812,1978,12
Data Raw/Clima/Drought/SPI12_gamma_global_era5_moda_ref1991to2020_197901.nc,SPI12_gamma_global_era5_moda_ref1991to2020_197901.nc,FALSE,TRUE,197901,1979,1
Data Raw/Clima/Drought/SPI12_gamma_global_era5_moda_ref1991to2020_197902.nc,SPI12_gamma_global_era5_moda_ref1991to2020_197902.nc,FALSE,TRUE,197902,1979,2
Data Raw/Clima/Drought/SPI12_gamma_global_era5_moda_ref1991to2020_197903.nc,SPI12_gamma_global_era5_moda_ref1991to2020_197903.nc,FALSE,TRUE,197903,1979,3
Data Raw/Clima/Drought/SPI12_gamma_global_era5_moda_ref1991to2020_197904.nc,SPI12_gamma_global_era5_moda_ref1991to2020_197904.nc,FALSE,TRUE,197904,1979,4
Data Raw/Clima/Drought/SPI12_gamma_global_era5_moda_ref1991to2020_197905.nc,SPI12_gamma_global_era5_moda_ref1991to2020_197905.nc,FALSE,TRUE,197905,1979,5
Data Raw/Clima/Drought/SPI12_gamma_global_era5_moda_ref1991to2020_197906.nc,SPI12_gamma_global_era5_moda_ref1991to2020_197906.nc,FALSE,TRUE,197906,1979,6
Data Raw/Clima/Drought/SPI12_gamma_global_era5_moda_ref1991to2020_197907.nc,SPI12_gamma_global_era5_moda_ref1991to2020_197907.nc,FALSE,TRUE,197907,1979,7
Data Raw/Clima/Drought/SPI12_gamma_global_era5_moda_ref1991to2020_197908.nc,SPI12_gamma_global_era5_moda_ref1991to2020_197908.nc,FALSE,TRUE,197908,1979,8
Data Raw/Clima/Drought/SPI12_gamma_global_era5_moda_ref1991to2020_197909.nc,SPI12_gamma_global_era5_moda_ref1991to2020_197909.nc,FALSE,TRUE,197909,1979,9
Data Raw/Clima/Drought/SPI12_gamma_global_era5_moda_ref1991to2020_197910.nc,SPI12_gamma_global_era5_moda_ref1991to2020_197910.nc,FALSE,TRUE,197910,1979,10
Data Raw/Clima/Drought/SPI12_gamma_global_era5_moda_ref1991to2020_197911.nc,SPI12_gamma_global_era5_moda_ref1991to2020_197911.nc,FALSE,TRUE,197911,1979,11
Data Raw/Clima/Drought/SPI12_gamma_global_era5_moda_ref1991to2020_197912.nc,SPI12_gamma_global_era5_moda_ref1991to2020_197912.nc,FALSE,TRUE,197912,1979,12
Data Raw/Clima/Drought/SPI12_gamma_global_era5_moda_ref1991to2020_198001.nc,SPI12_gamma_global_era5_moda_ref1991to2020_198001.nc,FALSE,TRUE,198001,1980,1
Data Raw/Clima/Drought/SPI12_gamma_global_era5_moda_ref1991to2020_198002.nc,SPI12_gamma_global_era5_moda_ref1991to2020_198002.nc,FALSE,TRUE,198002,1980,2
Data Raw/Clima/Drought/SPI12_gamma_global_era5_moda_ref1991to2020_198003.nc,SPI12_gamma_global_era5_moda_ref1991to2020_198003.nc,FALSE,TRUE,198003,1980,3
Data Raw/Clima/Drought/SPI12_gamma_global_era5_moda_ref1991to2020_198004.nc,SPI12_gamma_global_era5_moda_ref1991to2020_198004.nc,FALSE,TRUE,198004,1980,4
Data Raw/Clima/Drought/SPI12_gamma_global_era5_moda_ref1991to2020_198005.nc,SPI12_gamma_global_era5_moda_ref1991to2020_198005.nc,FALSE,TRUE,198005,1980,5
Data Raw/Clima/Drought/SPI12_gamma_global_era5_moda_ref1991to2020_198006.nc,SPI12_gamma_global_era5_moda_ref1991to2020_198006.nc,FALSE,TRUE,198006,1980,6
Data Raw/Clima/Drought/SPI12_gamma_global_era5_moda_ref1991to2020_198007.nc,SPI12_gamma_global_era5_moda_ref1991to2020_198007.nc,FALSE,TRUE,198007,1980,7
Data Raw/Clima/Drought/SPI12_gamma_global_era5_moda_ref1991to2020_198008.nc,SPI12_gamma_global_era5_moda_ref1991to2020_198008.nc,FALSE,TRUE,198008,1980,8
Data Raw/Clima/Drought/SPI12_gamma_global_era5_moda_ref1991to2020_198009.nc,SPI12_gamma_global_era5_moda_ref1991to2020_198009.nc,FALSE,TRUE,198009,1980,9
Data Raw/Clima/Drought/SPI12_gamma_global_era5_moda_ref1991to2020_198010.nc,SPI12_gamma_global_era5_moda_ref1991to2020_198010.nc,FALSE,TRUE,198010,1980,10
Data Raw/Clima/Drought/SPI12_gamma_global_era5_moda_ref1991to2020_198011.nc,SPI12_gamma_global_era5_moda_ref1991to2020_198011.nc,FALSE,TRUE,198011,1980,11
Data Raw/Clima/Drought/SPI12_gamma_global_era5_moda_ref1991to2020_198012.nc,SPI12_gamma_global_era5_moda_ref1991to2020_198012.nc,FALSE,TRUE,198012,1980,12
Data Raw/Clima/Drought/SPI12_gamma_global_era5_moda_ref1991to2020_198101.nc,SPI12_gamma_global_era5_moda_ref1991to2020_198101.nc,FALSE,TRUE,198101,1981,1
Data Raw/Clima/Drought/SPI12_gamma_global_era5_moda_ref1991to2020_198102.nc,SPI12_gamma_global_era5_moda_ref1991to2020_198102.nc,FALSE,TRUE,198102,1981,2
Data Raw/Clima/Drought/SPI12_gamma_global_era5_moda_ref1991to2020_198103.nc,SPI12_gamma_global_era5_moda_ref1991to2020_198103.nc,FALSE,TRUE,198103,1981,3
Data Raw/Clima/Drought/SPI12_gamma_global_era5_moda_ref1991to2020_198104.nc,SPI12_gamma_global_era5_moda_ref1991to2020_198104.nc,FALSE,TRUE,198104,1981,4
Data Raw/Clima/Drought/SPI12_gamma_global_era5_moda_ref1991to2020_198105.nc,SPI12_gamma_global_era5_moda_ref1991to2020_198105.nc,FALSE,TRUE,198105,1981,5
Data Raw/Clima/Drought/SPI12_gamma_global_era5_moda_ref1991to2020_198106.nc,SPI12_gamma_global_era5_moda_ref1991to2020_198106.nc,FALSE,TRUE,198106,1981,6
Data Raw/Clima/Drought/SPI12_gamma_global_era5_moda_ref1991to2020_198107.nc,SPI12_gamma_global_era5_moda_ref1991to2020_198107.nc,FALSE,TRUE,198107,1981,7
Data Raw/Clima/Drought/SPI12_gamma_global_era5_moda_ref1991to2020_198108.nc,SPI12_gamma_global_era5_moda_ref1991to2020_198108.nc,FALSE,TRUE,198108,1981,8
Data Raw/Clima/Drought/SPI12_gamma_global_era5_moda_ref1991to2020_198109.nc,SPI12_gamma_global_era5_moda_ref1991to2020_198109.nc,FALSE,TRUE,198109,1981,9
Data Raw/Clima/Drought/SPI12_gamma_global_era5_moda_ref1991to2020_198110.nc,SPI12_gamma_global_era5_moda_ref1991to2020_198110.nc,FALSE,TRUE,198110,1981,10
Data Raw/Clima/Drought/SPI12_gamma_global_era5_moda_ref1991to2020_198111.nc,SPI12_gamma_global_era5_moda_ref1991to2020_198111.nc,FALSE,TRUE,198111,1981,11
Data Raw/Clima/Drought/SPI12_gamma_global_era5_moda_ref1991to2020_198112.nc,SPI12_gamma_global_era5_moda_ref1991to2020_198112.nc,FALSE,TRUE,198112,1981,12
Data Raw/Clima/Drought/SPI12_gamma_global_era5_moda_ref1991to2020_198201.nc,SPI12_gamma_global_era5_moda_ref1991to2020_198201.nc,FALSE,TRUE,198201,1982,1
Data Raw/Clima/Drought/SPI12_gamma_global_era5_moda_ref1991to2020_198202.nc,SPI12_gamma_global_era5_moda_ref1991to2020_198202.nc,FALSE,TRUE,198202,1982,2
Data Raw/Clima/Drought/SPI12_gamma_global_era5_moda_ref1991to2020_198203.nc,SPI12_gamma_global_era5_moda_ref1991to2020_198203.nc,FALSE,TRUE,198203,1982,3
Data Raw/Clima/Drought/SPI12_gamma_global_era5_moda_ref1991to2020_198204.nc,SPI12_gamma_global_era5_moda_ref1991to2020_198204.nc,FALSE,TRUE,198204,1982,4
Data Raw/Clima/Drought/SPI12_gamma_global_era5_moda_ref1991to2020_198205.nc,SPI12_gamma_global_era5_moda_ref1991to2020_198205.nc,FALSE,TRUE,198205,1982,5
Data Raw/Clima/Drought/SPI12_gamma_global_era5_moda_ref1991to2020_198206.nc,SPI12_gamma_global_era5_moda_ref1991to2020_198206.nc,FALSE,TRUE,198206,1982,6
Data Raw/Clima/Drought/SPI12_gamma_global_era5_moda_ref1991to2020_198207.nc,SPI12_gamma_global_era5_moda_ref1991to2020_198207.nc,FALSE,TRUE,198207,1982,7
Data Raw/Clima/Drought/SPI12_gamma_global_era5_moda_ref1991to2020_198208.nc,SPI12_gamma_global_era5_moda_ref1991to2020_198208.nc,FALSE,TRUE,198208,1982,8
Data Raw/Clima/Drought/SPI12_gamma_global_era5_moda_ref1991to2020_198209.nc,SPI12_gamma_global_era5_moda_ref1991to2020_198209.nc,FALSE,TRUE,198209,1982,9
Data Raw/Clima/Drought/SPI12_gamma_global_era5_moda_ref1991to2020_198210.nc,SPI12_gamma_global_era5_moda_ref1991to2020_198210.nc,FALSE,TRUE,198210,1982,10
Data Raw/Clima/Drought/SPI12_gamma_global_era5_moda_ref1991to2020_198211.nc,SPI12_gamma_global_era5_moda_ref1991to2020_198211.nc,FALSE,TRUE,198211,1982,11
Data Raw/Clima/Drought/SPI12_gamma_global_era5_moda_ref1991to2020_198212.nc,SPI12_gamma_global_era5_moda_ref1991to2020_198212.nc,FALSE,TRUE,198212,1982,12
Data Raw/Clima/Drought/SPI12_gamma_global_era5_moda_ref1991to2020_198301.nc,SPI12_gamma_global_era5_moda_ref1991to2020_198301.nc,FALSE,TRUE,198301,1983,1
Data Raw/Clima/Drought/SPI12_gamma_global_era5_moda_ref1991to2020_198302.nc,SPI12_gamma_global_era5_moda_ref1991to2020_198302.nc,FALSE,TRUE,198302,1983,2
Data Raw/Clima/Drought/SPI12_gamma_global_era5_moda_ref1991to2020_198303.nc,SPI12_gamma_global_era5_moda_ref1991to2020_198303.nc,FALSE,TRUE,198303,1983,3
Data Raw/Clima/Drought/SPI12_gamma_global_era5_moda_ref1991to2020_198304.nc,SPI12_gamma_global_era5_moda_ref1991to2020_198304.nc,FALSE,TRUE,198304,1983,4
Data Raw/Clima/Drought/SPI12_gamma_global_era5_moda_ref1991to2020_198305.nc,SPI12_gamma_global_era5_moda_ref1991to2020_198305.nc,FALSE,TRUE,198305,1983,5
Data Raw/Clima/Drought/SPI12_gamma_global_era5_moda_ref1991to2020_198306.nc,SPI12_gamma_global_era5_moda_ref1991to2020_198306.nc,FALSE,TRUE,198306,1983,6
Data Raw/Clima/Drought/SPI12_gamma_global_era5_moda_ref1991to2020_198307.nc,SPI12_gamma_global_era5_moda_ref1991to2020_198307.nc,FALSE,TRUE,198307,1983,7
Data Raw/Clima/Drought/SPI12_gamma_global_era5_moda_ref1991to2020_198308.nc,SPI12_gamma_global_era5_moda_ref1991to2020_198308.nc,FALSE,TRUE,198308,1983,8
Data Raw/Clima/Drought/SPI12_gamma_global_era5_moda_ref1991to2020_198309.nc,SPI12_gamma_global_era5_moda_ref1991to2020_198309.nc,FALSE,TRUE,198309,1983,9
Data Raw/Clima/Drought/SPI12_gamma_global_era5_moda_ref1991to2020_198310.nc,SPI12_gamma_global_era5_moda_ref1991to2020_198310.nc,FALSE,TRUE,198310,1983,10
Data Raw/Clima/Drought/SPI12_gamma_global_era5_moda_ref1991to2020_198311.nc,SPI12_gamma_global_era5_moda_ref1991to2020_198311.nc,FALSE,TRUE,198311,1983,11
Data Raw/Clima/Drought/SPI12_gamma_global_era5_moda_ref1991to2020_198312.nc,SPI12_gamma_global_era5_moda_ref1991to2020_198312.nc,FALSE,TRUE,198312,1983,12
Data Raw/Clima/Drought/SPI12_gamma_global_era5_moda_ref1991to2020_198401.nc,SPI12_gamma_global_era5_moda_ref1991to2020_198401.nc,FALSE,TRUE,198401,1984,1
Data Raw/Clima/Drought/SPI12_gamma_global_era5_moda_ref1991to2020_198402.nc,SPI12_gamma_global_era5_moda_ref1991to2020_198402.nc,FALSE,TRUE,198402,1984,2
Data Raw/Clima/Drought/SPI12_gamma_global_era5_moda_ref1991to2020_198403.nc,SPI12_gamma_global_era5_moda_ref1991to2020_198403.nc,FALSE,TRUE,198403,1984,3
Data Raw/Clima/Drought/SPI12_gamma_global_era5_moda_ref1991to2020_198404.nc,SPI12_gamma_global_era5_moda_ref1991to2020_198404.nc,FALSE,TRUE,198404,1984,4
Data Raw/Clima/Drought/SPI12_gamma_global_era5_moda_ref1991to2020_198405.nc,SPI12_gamma_global_era5_moda_ref1991to2020_198405.nc,FALSE,TRUE,198405,1984,5
Data Raw/Clima/Drought/SPI12_gamma_global_era5_moda_ref1991to2020_198406.nc,SPI12_gamma_global_era5_moda_ref1991to2020_198406.nc,FALSE,TRUE,198406,1984,6
Data Raw/Clima/Drought/SPI12_gamma_global_era5_moda_ref1991to2020_198407.nc,SPI12_gamma_global_era5_moda_ref1991to2020_198407.nc,FALSE,TRUE,198407,1984,7
Data Raw/Clima/Drought/SPI12_gamma_global_era5_moda_ref1991to2020_198408.nc,SPI12_gamma_global_era5_moda_ref1991to2020_198408.nc,FALSE,TRUE,198408,1984,8
Data Raw/Clima/Drought/SPI12_gamma_global_era5_moda_ref1991to2020_198409.nc,SPI12_gamma_global_era5_moda_ref1991to2020_198409.nc,FALSE,TRUE,198409,1984,9
Data Raw/Clima/Drought/SPI12_gamma_global_era5_moda_ref1991to2020_198410.nc,SPI12_gamma_global_era5_moda_ref1991to2020_198410.nc,FALSE,TRUE,198410,1984,10
Data Raw/Clima/Drought/SPI12_gamma_global_era5_moda_ref1991to2020_198411.nc,SPI12_gamma_global_era5_moda_ref1991to2020_198411.nc,FALSE,TRUE,198411,1984,11
Data Raw/Clima/Drought/SPI12_gamma_global_era5_moda_ref1991to2020_198412.nc,SPI12_gamma_global_era5_moda_ref1991to2020_198412.nc,FALSE,TRUE,198412,1984,12
Data Raw/Clima/Drought/SPI12_gamma_global_era5_moda_ref1991to2020_198501.nc,SPI12_gamma_global_era5_moda_ref1991to2020_198501.nc,FALSE,TRUE,198501,1985,1
Data Raw/Clima/Drought/SPI12_gamma_global_era5_moda_ref1991to2020_198502.nc,SPI12_gamma_global_era5_moda_ref1991to2020_198502.nc,FALSE,TRUE,198502,1985,2
Data Raw/Clima/Drought/SPI12_gamma_global_era5_moda_ref1991to2020_198503.nc,SPI12_gamma_global_era5_moda_ref1991to2020_198503.nc,FALSE,TRUE,198503,1985,3
Data Raw/Clima/Drought/SPI12_gamma_global_era5_moda_ref1991to2020_198504.nc,SPI12_gamma_global_era5_moda_ref1991to2020_198504.nc,FALSE,TRUE,198504,1985,4
Data Raw/Clima/Drought/SPI12_gamma_global_era5_moda_ref1991to2020_198505.nc,SPI12_gamma_global_era5_moda_ref1991to2020_198505.nc,FALSE,TRUE,198505,1985,5
Data Raw/Clima/Drought/SPI12_gamma_global_era5_moda_ref1991to2020_198506.nc,SPI12_gamma_global_era5_moda_ref1991to2020_198506.nc,FALSE,TRUE,198506,1985,6
Data Raw/Clima/Drought/SPI12_gamma_global_era5_moda_ref1991to2020_198507.nc,SPI12_gamma_global_era5_moda_ref1991to2020_198507.nc,FALSE,TRUE,198507,1985,7
Data Raw/Clima/Drought/SPI12_gamma_global_era5_moda_ref1991to2020_198508.nc,SPI12_gamma_global_era5_moda_ref1991to2020_198508.nc,FALSE,TRUE,198508,1985,8
Data Raw/Clima/Drought/SPI12_gamma_global_era5_moda_ref1991to2020_198509.nc,SPI12_gamma_global_era5_moda_ref1991to2020_198509.nc,FALSE,TRUE,198509,1985,9
Data Raw/Clima/Drought/SPI12_gamma_global_era5_moda_ref1991to2020_198510.nc,SPI12_gamma_global_era5_moda_ref1991to2020_198510.nc,FALSE,TRUE,198510,1985,10
Data Raw/Clima/Drought/SPI12_gamma_global_era5_moda_ref1991to2020_198511.nc,SPI12_gamma_global_era5_moda_ref1991to2020_198511.nc,FALSE,TRUE,198511,1985,11
Data Raw/Clima/Drought/SPI12_gamma_global_era5_moda_ref1991to2020_198512.nc,SPI12_gamma_global_era5_moda_ref1991to2020_198512.nc,FALSE,TRUE,198512,1985,12
Data Raw/Clima/Drought/SPI12_gamma_global_era5_moda_ref1991to2020_198601.nc,SPI12_gamma_global_era5_moda_ref1991to2020_198601.nc,FALSE,TRUE,198601,1986,1
Data Raw/Clima/Drought/SPI12_gamma_global_era5_moda_ref1991to2020_198602.nc,SPI12_gamma_global_era5_moda_ref1991to2020_198602.nc,FALSE,TRUE,198602,1986,2
Data Raw/Clima/Drought/SPI12_gamma_global_era5_moda_ref1991to2020_198603.nc,SPI12_gamma_global_era5_moda_ref1991to2020_198603.nc,FALSE,TRUE,198603,1986,3
Data Raw/Clima/Drought/SPI12_gamma_global_era5_moda_ref1991to2020_198604.nc,SPI12_gamma_global_era5_moda_ref1991to2020_198604.nc,FALSE,TRUE,198604,1986,4
Data Raw/Clima/Drought/SPI12_gamma_global_era5_moda_ref1991to2020_198605.nc,SPI12_gamma_global_era5_moda_ref1991to2020_198605.nc,FALSE,TRUE,198605,1986,5
Data Raw/Clima/Drought/SPI12_gamma_global_era5_moda_ref1991to2020_198606.nc,SPI12_gamma_global_era5_moda_ref1991to2020_198606.nc,FALSE,TRUE,198606,1986,6
Data Raw/Clima/Drought/SPI12_gamma_global_era5_moda_ref1991to2020_198607.nc,SPI12_gamma_global_era5_moda_ref1991to2020_198607.nc,FALSE,TRUE,198607,1986,7
Data Raw/Clima/Drought/SPI12_gamma_global_era5_moda_ref1991to2020_198608.nc,SPI12_gamma_global_era5_moda_ref1991to2020_198608.nc,FALSE,TRUE,198608,1986,8
Data Raw/Clima/Drought/SPI12_gamma_global_era5_moda_ref1991to2020_198609.nc,SPI12_gamma_global_era5_moda_ref1991to2020_198609.nc,FALSE,TRUE,198609,1986,9
Data Raw/Clima/Drought/SPI12_gamma_global_era5_moda_ref1991to2020_198610.nc,SPI12_gamma_global_era5_moda_ref1991to2020_198610.nc,FALSE,TRUE,198610,1986,10
Data Raw/Clima/Drought/SPI12_gamma_global_era5_moda_ref1991to2020_198611.nc,SPI12_gamma_global_era5_moda_ref1991to2020_198611.nc,FALSE,TRUE,198611,1986,11
Data Raw/Clima/Drought/SPI12_gamma_global_era5_moda_ref1991to2020_198612.nc,SPI12_gamma_global_era5_moda_ref1991to2020_198612.nc,FALSE,TRUE,198612,1986,12
Data Raw/Clima/Drought/SPI12_gamma_global_era5_moda_ref1991to2020_198701.nc,SPI12_gamma_global_era5_moda_ref1991to2020_198701.nc,FALSE,TRUE,198701,1987,1
Data Raw/Clima/Drought/SPI12_gamma_global_era5_moda_ref1991to2020_198702.nc,SPI12_gamma_global_era5_moda_ref1991to2020_198702.nc,FALSE,TRUE,198702,1987,2
Data Raw/Clima/Drought/SPI12_gamma_global_era5_moda_ref1991to2020_198703.nc,SPI12_gamma_global_era5_moda_ref1991to2020_198703.nc,FALSE,TRUE,198703,1987,3
Data Raw/Clima/Drought/SPI12_gamma_global_era5_moda_ref1991to2020_198704.nc,SPI12_gamma_global_era5_moda_ref1991to2020_198704.nc,FALSE,TRUE,198704,1987,4
Data Raw/Clima/Drought/SPI12_gamma_global_era5_moda_ref1991to2020_198705.nc,SPI12_gamma_global_era5_moda_ref1991to2020_198705.nc,FALSE,TRUE,198705,1987,5
Data Raw/Clima/Drought/SPI12_gamma_global_era5_moda_ref1991to2020_198706.nc,SPI12_gamma_global_era5_moda_ref1991to2020_198706.nc,FALSE,TRUE,198706,1987,6
Data Raw/Clima/Drought/SPI12_gamma_global_era5_moda_ref1991to2020_198707.nc,SPI12_gamma_global_era5_moda_ref1991to2020_198707.nc,FALSE,TRUE,198707,1987,7
Data Raw/Clima/Drought/SPI12_gamma_global_era5_moda_ref1991to2020_198708.nc,SPI12_gamma_global_era5_moda_ref1991to2020_198708.nc,FALSE,TRUE,198708,1987,8
Data Raw/Clima/Drought/SPI12_gamma_global_era5_moda_ref1991to2020_198709.nc,SPI12_gamma_global_era5_moda_ref1991to2020_198709.nc,FALSE,TRUE,198709,1987,9
Data Raw/Clima/Drought/SPI12_gamma_global_era5_moda_ref1991to2020_198710.nc,SPI12_gamma_global_era5_moda_ref1991to2020_198710.nc,FALSE,TRUE,198710,1987,10
Data Raw/Clima/Drought/SPI12_gamma_global_era5_moda_ref1991to2020_198711.nc,SPI12_gamma_global_era5_moda_ref1991to2020_198711.nc,FALSE,TRUE,198711,1987,11
Data Raw/Clima/Drought/SPI12_gamma_global_era5_moda_ref1991to2020_198712.nc,SPI12_gamma_global_era5_moda_ref1991to2020_198712.nc,FALSE,TRUE,198712,1987,12
Data Raw/Clima/Drought/SPI12_gamma_global_era5_moda_ref1991to2020_198801.nc,SPI12_gamma_global_era5_moda_ref1991to2020_198801.nc,FALSE,TRUE,198801,1988,1
Data Raw/Clima/Drought/SPI12_gamma_global_era5_moda_ref1991to2020_198802.nc,SPI12_gamma_global_era5_moda_ref1991to2020_198802.nc,FALSE,TRUE,198802,1988,2
Data Raw/Clima/Drought/SPI12_gamma_global_era5_moda_ref1991to2020_198803.nc,SPI12_gamma_global_era5_moda_ref1991to2020_198803.nc,FALSE,TRUE,198803,1988,3
Data Raw/Clima/Drought/SPI12_gamma_global_era5_moda_ref1991to2020_198804.nc,SPI12_gamma_global_era5_moda_ref1991to2020_198804.nc,FALSE,TRUE,198804,1988,4
Data Raw/Clima/Drought/SPI12_gamma_global_era5_moda_ref1991to2020_198805.nc,SPI12_gamma_global_era5_moda_ref1991to2020_198805.nc,FALSE,TRUE,198805,1988,5
Data Raw/Clima/Drought/SPI12_gamma_global_era5_moda_ref1991to2020_198806.nc,SPI12_gamma_global_era5_moda_ref1991to2020_198806.nc,FALSE,TRUE,198806,1988,6
Data Raw/Clima/Drought/SPI12_gamma_global_era5_moda_ref1991to2020_198807.nc,SPI12_gamma_global_era5_moda_ref1991to2020_198807.nc,FALSE,TRUE,198807,1988,7
Data Raw/Clima/Drought/SPI12_gamma_global_era5_moda_ref1991to2020_198808.nc,SPI12_gamma_global_era5_moda_ref1991to2020_198808.nc,FALSE,TRUE,198808,1988,8
Data Raw/Clima/Drought/SPI12_gamma_global_era5_moda_ref1991to2020_198809.nc,SPI12_gamma_global_era5_moda_ref1991to2020_198809.nc,FALSE,TRUE,198809,1988,9
Data Raw/Clima/Drought/SPI12_gamma_global_era5_moda_ref1991to2020_198810.nc,SPI12_gamma_global_era5_moda_ref1991to2020_198810.nc,FALSE,TRUE,198810,1988,10
Data Raw/Clima/Drought/SPI12_gamma_global_era5_moda_ref1991to2020_198811.nc,SPI12_gamma_global_era5_moda_ref1991to2020_198811.nc,FALSE,TRUE,198811,1988,11
Data Raw/Clima/Drought/SPI12_gamma_global_era5_moda_ref1991to2020_198812.nc,SPI12_gamma_global_era5_moda_ref1991to2020_198812.nc,FALSE,TRUE,198812,1988,12
Data Raw/Clima/Drought/SPI12_gamma_global_era5_moda_ref1991to2020_198901.nc,SPI12_gamma_global_era5_moda_ref1991to2020_198901.nc,FALSE,TRUE,198901,1989,1
Data Raw/Clima/Drought/SPI12_gamma_global_era5_moda_ref1991to2020_198902.nc,SPI12_gamma_global_era5_moda_ref1991to2020_198902.nc,FALSE,TRUE,198902,1989,2
Data Raw/Clima/Drought/SPI12_gamma_global_era5_moda_ref1991to2020_198903.nc,SPI12_gamma_global_era5_moda_ref1991to2020_198903.nc,FALSE,TRUE,198903,1989,3
Data Raw/Clima/Drought/SPI12_gamma_global_era5_moda_ref1991to2020_198904.nc,SPI12_gamma_global_era5_moda_ref1991to2020_198904.nc,FALSE,TRUE,198904,1989,4
Data Raw/Clima/Drought/SPI12_gamma_global_era5_moda_ref1991to2020_198905.nc,SPI12_gamma_global_era5_moda_ref1991to2020_198905.nc,FALSE,TRUE,198905,1989,5
Data Raw/Clima/Drought/SPI12_gamma_global_era5_moda_ref1991to2020_198906.nc,SPI12_gamma_global_era5_moda_ref1991to2020_198906.nc,FALSE,TRUE,198906,1989,6
Data Raw/Clima/Drought/SPI12_gamma_global_era5_moda_ref1991to2020_198907.nc,SPI12_gamma_global_era5_moda_ref1991to2020_198907.nc,FALSE,TRUE,198907,1989,7
Data Raw/Clima/Drought/SPI12_gamma_global_era5_moda_ref1991to2020_198908.nc,SPI12_gamma_global_era5_moda_ref1991to2020_198908.nc,FALSE,TRUE,198908,1989,8
Data Raw/Clima/Drought/SPI12_gamma_global_era5_moda_ref1991to2020_198909.nc,SPI12_gamma_global_era5_moda_ref1991to2020_198909.nc,FALSE,TRUE,198909,1989,9
Data Raw/Clima/Drought/SPI12_gamma_global_era5_moda_ref1991to2020_198910.nc,SPI12_gamma_global_era5_moda_ref1991to2020_198910.nc,FALSE,TRUE,198910,1989,10
Data Raw/Clima/Drought/SPI12_gamma_global_era5_moda_ref1991to2020_198911.nc,SPI12_gamma_global_era5_moda_ref1991to2020_198911.nc,FALSE,TRUE,198911,1989,11
Data Raw/Clima/Drought/SPI12_gamma_global_era5_moda_ref1991to2020_198912.nc,SPI12_gamma_global_era5_moda_ref1991to2020_198912.nc,FALSE,TRUE,198912,1989,12
Data Raw/Clima/Drought/SPI12_gamma_global_era5_moda_ref1991to2020_199001.nc,SPI12_gamma_global_era5_moda_ref1991to2020_199001.nc,FALSE,TRUE,199001,1990,1
Data Raw/Clima/Drought/SPI12_gamma_global_era5_moda_ref1991to2020_199002.nc,SPI12_gamma_global_era5_moda_ref1991to2020_199002.nc,FALSE,TRUE,199002,1990,2
Data Raw/Clima/Drought/SPI12_gamma_global_era5_moda_ref1991to2020_199003.nc,SPI12_gamma_global_era5_moda_ref1991to2020_199003.nc,FALSE,TRUE,199003,1990,3
Data Raw/Clima/Drought/SPI12_gamma_global_era5_moda_ref1991to2020_199004.nc,SPI12_gamma_global_era5_moda_ref1991to2020_199004.nc,FALSE,TRUE,199004,1990,4
Data Raw/Clima/Drought/SPI12_gamma_global_era5_moda_ref1991to2020_199005.nc,SPI12_gamma_global_era5_moda_ref1991to2020_199005.nc,FALSE,TRUE,199005,1990,5
Data Raw/Clima/Drought/SPI12_gamma_global_era5_moda_ref1991to2020_199006.nc,SPI12_gamma_global_era5_moda_ref1991to2020_199006.nc,FALSE,TRUE,199006,1990,6
Data Raw/Clima/Drought/SPI12_gamma_global_era5_moda_ref1991to2020_199007.nc,SPI12_gamma_global_era5_moda_ref1991to2020_199007.nc,FALSE,TRUE,199007,1990,7
Data Raw/Clima/Drought/SPI12_gamma_global_era5_moda_ref1991to2020_199008.nc,SPI12_gamma_global_era5_moda_ref1991to2020_199008.nc,FALSE,TRUE,199008,1990,8
Data Raw/Clima/Drought/SPI12_gamma_global_era5_moda_ref1991to2020_199009.nc,SPI12_gamma_global_era5_moda_ref1991to2020_199009.nc,FALSE,TRUE,199009,1990,9
Data Raw/Clima/Drought/SPI12_gamma_global_era5_moda_ref1991to2020_199010.nc,SPI12_gamma_global_era5_moda_ref1991to2020_199010.nc,FALSE,TRUE,199010,1990,10
Data Raw/Clima/Drought/SPI12_gamma_global_era5_moda_ref1991to2020_199011.nc,SPI12_gamma_global_era5_moda_ref1991to2020_199011.nc,FALSE,TRUE,199011,1990,11
Data Raw/Clima/Drought/SPI12_gamma_global_era5_moda_ref1991to2020_199012.nc,SPI12_gamma_global_era5_moda_ref1991to2020_199012.nc,FALSE,TRUE,199012,1990,12
Data Raw/Clima/Drought/SPI12_gamma_global_era5_moda_ref1991to2020_199101.nc,SPI12_gamma_global_era5_moda_ref1991to2020_199101.nc,FALSE,TRUE,199101,1991,1
Data Raw/Clima/Drought/SPI12_gamma_global_era5_moda_ref1991to2020_199102.nc,SPI12_gamma_global_era5_moda_ref1991to2020_199102.nc,FALSE,TRUE,199102,1991,2
Data Raw/Clima/Drought/SPI12_gamma_global_era5_moda_ref1991to2020_199103.nc,SPI12_gamma_global_era5_moda_ref1991to2020_199103.nc,FALSE,TRUE,199103,1991,3
Data Raw/Clima/Drought/SPI12_gamma_global_era5_moda_ref1991to2020_199104.nc,SPI12_gamma_global_era5_moda_ref1991to2020_199104.nc,FALSE,TRUE,199104,1991,4
Data Raw/Clima/Drought/SPI12_gamma_global_era5_moda_ref1991to2020_199105.nc,SPI12_gamma_global_era5_moda_ref1991to2020_199105.nc,FALSE,TRUE,199105,1991,5
Data Raw/Clima/Drought/SPI12_gamma_global_era5_moda_ref1991to2020_199106.nc,SPI12_gamma_global_era5_moda_ref1991to2020_199106.nc,FALSE,TRUE,199106,1991,6
Data Raw/Clima/Drought/SPI12_gamma_global_era5_moda_ref1991to2020_199107.nc,SPI12_gamma_global_era5_moda_ref1991to2020_199107.nc,FALSE,TRUE,199107,1991,7
Data Raw/Clima/Drought/SPI12_gamma_global_era5_moda_ref1991to2020_199108.nc,SPI12_gamma_global_era5_moda_ref1991to2020_199108.nc,FALSE,TRUE,199108,1991,8
Data Raw/Clima/Drought/SPI12_gamma_global_era5_moda_ref1991to2020_199109.nc,SPI12_gamma_global_era5_moda_ref1991to2020_199109.nc,FALSE,TRUE,199109,1991,9
Data Raw/Clima/Drought/SPI12_gamma_global_era5_moda_ref1991to2020_199110.nc,SPI12_gamma_global_era5_moda_ref1991to2020_199110.nc,FALSE,TRUE,199110,1991,10
Data Raw/Clima/Drought/SPI12_gamma_global_era5_moda_ref1991to2020_199111.nc,SPI12_gamma_global_era5_moda_ref1991to2020_199111.nc,FALSE,TRUE,199111,1991,11
Data Raw/Clima/Drought/SPI12_gamma_global_era5_moda_ref1991to2020_199112.nc,SPI12_gamma_global_era5_moda_ref1991to2020_199112.nc,FALSE,TRUE,199112,1991,12
Data Raw/Clima/Drought/SPI12_gamma_global_era5_moda_ref1991to2020_199201.nc,SPI12_gamma_global_era5_moda_ref1991to2020_199201.nc,FALSE,TRUE,199201,1992,1
Data Raw/Clima/Drought/SPI12_gamma_global_era5_moda_ref1991to2020_199202.nc,SPI12_gamma_global_era5_moda_ref1991to2020_199202.nc,FALSE,TRUE,199202,1992,2
Data Raw/Clima/Drought/SPI12_gamma_global_era5_moda_ref1991to2020_199203.nc,SPI12_gamma_global_era5_moda_ref1991to2020_199203.nc,FALSE,TRUE,199203,1992,3
Data Raw/Clima/Drought/SPI12_gamma_global_era5_moda_ref1991to2020_199204.nc,SPI12_gamma_global_era5_moda_ref1991to2020_199204.nc,FALSE,TRUE,199204,1992,4
Data Raw/Clima/Drought/SPI12_gamma_global_era5_moda_ref1991to2020_199205.nc,SPI12_gamma_global_era5_moda_ref1991to2020_199205.nc,FALSE,TRUE,199205,1992,5
Data Raw/Clima/Drought/SPI12_gamma_global_era5_moda_ref1991to2020_199206.nc,SPI12_gamma_global_era5_moda_ref1991to2020_199206.nc,FALSE,TRUE,199206,1992,6
Data Raw/Clima/Drought/SPI12_gamma_global_era5_moda_ref1991to2020_199207.nc,SPI12_gamma_global_era5_moda_ref1991to2020_199207.nc,FALSE,TRUE,199207,1992,7
Data Raw/Clima/Drought/SPI12_gamma_global_era5_moda_ref1991to2020_199208.nc,SPI12_gamma_global_era5_moda_ref1991to2020_199208.nc,FALSE,TRUE,199208,1992,8
Data Raw/Clima/Drought/SPI12_gamma_global_era5_moda_ref1991to2020_199209.nc,SPI12_gamma_global_era5_moda_ref1991to2020_199209.nc,FALSE,TRUE,199209,1992,9
Data Raw/Clima/Drought/SPI12_gamma_global_era5_moda_ref1991to2020_199210.nc,SPI12_gamma_global_era5_moda_ref1991to2020_199210.nc,FALSE,TRUE,199210,1992,10
Data Raw/Clima/Drought/SPI12_gamma_global_era5_moda_ref1991to2020_199211.nc,SPI12_gamma_global_era5_moda_ref1991to2020_199211.nc,FALSE,TRUE,199211,1992,11
Data Raw/Clima/Drought/SPI12_gamma_global_era5_moda_ref1991to2020_199212.nc,SPI12_gamma_global_era5_moda_ref1991to2020_199212.nc,FALSE,TRUE,199212,1992,12
Data Raw/Clima/Drought/SPI12_gamma_global_era5_moda_ref1991to2020_199301.nc,SPI12_gamma_global_era5_moda_ref1991to2020_199301.nc,FALSE,TRUE,199301,1993,1
Data Raw/Clima/Drought/SPI12_gamma_global_era5_moda_ref1991to2020_199302.nc,SPI12_gamma_global_era5_moda_ref1991to2020_199302.nc,FALSE,TRUE,199302,1993,2
Data Raw/Clima/Drought/SPI12_gamma_global_era5_moda_ref1991to2020_199303.nc,SPI12_gamma_global_era5_moda_ref1991to2020_199303.nc,FALSE,TRUE,199303,1993,3
Data Raw/Clima/Drought/SPI12_gamma_global_era5_moda_ref1991to2020_199304.nc,SPI12_gamma_global_era5_moda_ref1991to2020_199304.nc,FALSE,TRUE,199304,1993,4
Data Raw/Clima/Drought/SPI12_gamma_global_era5_moda_ref1991to2020_199305.nc,SPI12_gamma_global_era5_moda_ref1991to2020_199305.nc,FALSE,TRUE,199305,1993,5
Data Raw/Clima/Drought/SPI12_gamma_global_era5_moda_ref1991to2020_199306.nc,SPI12_gamma_global_era5_moda_ref1991to2020_199306.nc,FALSE,TRUE,199306,1993,6
Data Raw/Clima/Drought/SPI12_gamma_global_era5_moda_ref1991to2020_199307.nc,SPI12_gamma_global_era5_moda_ref1991to2020_199307.nc,FALSE,TRUE,199307,1993,7
Data Raw/Clima/Drought/SPI12_gamma_global_era5_moda_ref1991to2020_199308.nc,SPI12_gamma_global_era5_moda_ref1991to2020_199308.nc,FALSE,TRUE,199308,1993,8
Data Raw/Clima/Drought/SPI12_gamma_global_era5_moda_ref1991to2020_199309.nc,SPI12_gamma_global_era5_moda_ref1991to2020_199309.nc,FALSE,TRUE,199309,1993,9
Data Raw/Clima/Drought/SPI12_gamma_global_era5_moda_ref1991to2020_199310.nc,SPI12_gamma_global_era5_moda_ref1991to2020_199310.nc,FALSE,TRUE,199310,1993,10
Data Raw/Clima/Drought/SPI12_gamma_global_era5_moda_ref1991to2020_199311.nc,SPI12_gamma_global_era5_moda_ref1991to2020_199311.nc,FALSE,TRUE,199311,1993,11
Data Raw/Clima/Drought/SPI12_gamma_global_era5_moda_ref1991to2020_199312.nc,SPI12_gamma_global_era5_moda_ref1991to2020_199312.nc,FALSE,TRUE,199312,1993,12
Data Raw/Clima/Drought/SPI12_gamma_global_era5_moda_ref1991to2020_199401.nc,SPI12_gamma_global_era5_moda_ref1991to2020_199401.nc,FALSE,TRUE,199401,1994,1
Data Raw/Clima/Drought/SPI12_gamma_global_era5_moda_ref1991to2020_199402.nc,SPI12_gamma_global_era5_moda_ref1991to2020_199402.nc,FALSE,TRUE,199402,1994,2
Data Raw/Clima/Drought/SPI12_gamma_global_era5_moda_ref1991to2020_199403.nc,SPI12_gamma_global_era5_moda_ref1991to2020_199403.nc,FALSE,TRUE,199403,1994,3
Data Raw/Clima/Drought/SPI12_gamma_global_era5_moda_ref1991to2020_199404.nc,SPI12_gamma_global_era5_moda_ref1991to2020_199404.nc,FALSE,TRUE,199404,1994,4
Data Raw/Clima/Drought/SPI12_gamma_global_era5_moda_ref1991to2020_199405.nc,SPI12_gamma_global_era5_moda_ref1991to2020_199405.nc,FALSE,TRUE,199405,1994,5
Data Raw/Clima/Drought/SPI12_gamma_global_era5_moda_ref1991to2020_199406.nc,SPI12_gamma_global_era5_moda_ref1991to2020_199406.nc,FALSE,TRUE,199406,1994,6
Data Raw/Clima/Drought/SPI12_gamma_global_era5_moda_ref1991to2020_199407.nc,SPI12_gamma_global_era5_moda_ref1991to2020_199407.nc,FALSE,TRUE,199407,1994,7
Data Raw/Clima/Drought/SPI12_gamma_global_era5_moda_ref1991to2020_199408.nc,SPI12_gamma_global_era5_moda_ref1991to2020_199408.nc,FALSE,TRUE,199408,1994,8
Data Raw/Clima/Drought/SPI12_gamma_global_era5_moda_ref1991to2020_199409.nc,SPI12_gamma_global_era5_moda_ref1991to2020_199409.nc,FALSE,TRUE,199409,1994,9
Data Raw/Clima/Drought/SPI12_gamma_global_era5_moda_ref1991to2020_199410.nc,SPI12_gamma_global_era5_moda_ref1991to2020_199410.nc,FALSE,TRUE,199410,1994,10
Data Raw/Clima/Drought/SPI12_gamma_global_era5_moda_ref1991to2020_199411.nc,SPI12_gamma_global_era5_moda_ref1991to2020_199411.nc,FALSE,TRUE,199411,1994,11
Data Raw/Clima/Drought/SPI12_gamma_global_era5_moda_ref1991to2020_199412.nc,SPI12_gamma_global_era5_moda_ref1991to2020_199412.nc,FALSE,TRUE,199412,1994,12
Data Raw/Clima/Drought/SPI12_gamma_global_era5_moda_ref1991to2020_199501.nc,SPI12_gamma_global_era5_moda_ref1991to2020_199501.nc,FALSE,TRUE,199501,1995,1
Data Raw/Clima/Drought/SPI12_gamma_global_era5_moda_ref1991to2020_199502.nc,SPI12_gamma_global_era5_moda_ref1991to2020_199502.nc,FALSE,TRUE,199502,1995,2
Data Raw/Clima/Drought/SPI12_gamma_global_era5_moda_ref1991to2020_199503.nc,SPI12_gamma_global_era5_moda_ref1991to2020_199503.nc,FALSE,TRUE,199503,1995,3
Data Raw/Clima/Drought/SPI12_gamma_global_era5_moda_ref1991to2020_199504.nc,SPI12_gamma_global_era5_moda_ref1991to2020_199504.nc,FALSE,TRUE,199504,1995,4
Data Raw/Clima/Drought/SPI12_gamma_global_era5_moda_ref1991to2020_199505.nc,SPI12_gamma_global_era5_moda_ref1991to2020_199505.nc,FALSE,TRUE,199505,1995,5
Data Raw/Clima/Drought/SPI12_gamma_global_era5_moda_ref1991to2020_199506.nc,SPI12_gamma_global_era5_moda_ref1991to2020_199506.nc,FALSE,TRUE,199506,1995,6
Data Raw/Clima/Drought/SPI12_gamma_global_era5_moda_ref1991to2020_199507.nc,SPI12_gamma_global_era5_moda_ref1991to2020_199507.nc,FALSE,TRUE,199507,1995,7
Data Raw/Clima/Drought/SPI12_gamma_global_era5_moda_ref1991to2020_199508.nc,SPI12_gamma_global_era5_moda_ref1991to2020_199508.nc,FALSE,TRUE,199508,1995,8
Data Raw/Clima/Drought/SPI12_gamma_global_era5_moda_ref1991to2020_199509.nc,SPI12_gamma_global_era5_moda_ref1991to2020_199509.nc,FALSE,TRUE,199509,1995,9
Data Raw/Clima/Drought/SPI12_gamma_global_era5_moda_ref1991to2020_199510.nc,SPI12_gamma_global_era5_moda_ref1991to2020_199510.nc,FALSE,TRUE,199510,1995,10
Data Raw/Clima/Drought/SPI12_gamma_global_era5_moda_ref1991to2020_199511.nc,SPI12_gamma_global_era5_moda_ref1991to2020_199511.nc,FALSE,TRUE,199511,1995,11
Data Raw/Clima/Drought/SPI12_gamma_global_era5_moda_ref1991to2020_199512.nc,SPI12_gamma_global_era5_moda_ref1991to2020_199512.nc,FALSE,TRUE,199512,1995,12
Data Raw/Clima/Drought/SPI12_gamma_global_era5_moda_ref1991to2020_199601.nc,SPI12_gamma_global_era5_moda_ref1991to2020_199601.nc,FALSE,TRUE,199601,1996,1
Data Raw/Clima/Drought/SPI12_gamma_global_era5_moda_ref1991to2020_199602.nc,SPI12_gamma_global_era5_moda_ref1991to2020_199602.nc,FALSE,TRUE,199602,1996,2
Data Raw/Clima/Drought/SPI12_gamma_global_era5_moda_ref1991to2020_199603.nc,SPI12_gamma_global_era5_moda_ref1991to2020_199603.nc,FALSE,TRUE,199603,1996,3
Data Raw/Clima/Drought/SPI12_gamma_global_era5_moda_ref1991to2020_199604.nc,SPI12_gamma_global_era5_moda_ref1991to2020_199604.nc,FALSE,TRUE,199604,1996,4
Data Raw/Clima/Drought/SPI12_gamma_global_era5_moda_ref1991to2020_199605.nc,SPI12_gamma_global_era5_moda_ref1991to2020_199605.nc,FALSE,TRUE,199605,1996,5
Data Raw/Clima/Drought/SPI12_gamma_global_era5_moda_ref1991to2020_199606.nc,SPI12_gamma_global_era5_moda_ref1991to2020_199606.nc,FALSE,TRUE,199606,1996,6
Data Raw/Clima/Drought/SPI12_gamma_global_era5_moda_ref1991to2020_199607.nc,SPI12_gamma_global_era5_moda_ref1991to2020_199607.nc,FALSE,TRUE,199607,1996,7
Data Raw/Clima/Drought/SPI12_gamma_global_era5_moda_ref1991to2020_199608.nc,SPI12_gamma_global_era5_moda_ref1991to2020_199608.nc,FALSE,TRUE,199608,1996,8
Data Raw/Clima/Drought/SPI12_gamma_global_era5_moda_ref1991to2020_199609.nc,SPI12_gamma_global_era5_moda_ref1991to2020_199609.nc,FALSE,TRUE,199609,1996,9
Data Raw/Clima/Drought/SPI12_gamma_global_era5_moda_ref1991to2020_199610.nc,SPI12_gamma_global_era5_moda_ref1991to2020_199610.nc,FALSE,TRUE,199610,1996,10
Data Raw/Clima/Drought/SPI12_gamma_global_era5_moda_ref1991to2020_199611.nc,SPI12_gamma_global_era5_moda_ref1991to2020_199611.nc,FALSE,TRUE,199611,1996,11
Data Raw/Clima/Drought/SPI12_gamma_global_era5_moda_ref1991to2020_199612.nc,SPI12_gamma_global_era5_moda_ref1991to2020_199612.nc,FALSE,TRUE,199612,1996,12
Data Raw/Clima/Drought/SPI12_gamma_global_era5_moda_ref1991to2020_199701.nc,SPI12_gamma_global_era5_moda_ref1991to2020_199701.nc,FALSE,TRUE,199701,1997,1
Data Raw/Clima/Drought/SPI12_gamma_global_era5_moda_ref1991to2020_199702.nc,SPI12_gamma_global_era5_moda_ref1991to2020_199702.nc,FALSE,TRUE,199702,1997,2
Data Raw/Clima/Drought/SPI12_gamma_global_era5_moda_ref1991to2020_199703.nc,SPI12_gamma_global_era5_moda_ref1991to2020_199703.nc,FALSE,TRUE,199703,1997,3
Data Raw/Clima/Drought/SPI12_gamma_global_era5_moda_ref1991to2020_199704.nc,SPI12_gamma_global_era5_moda_ref1991to2020_199704.nc,FALSE,TRUE,199704,1997,4
Data Raw/Clima/Drought/SPI12_gamma_global_era5_moda_ref1991to2020_199705.nc,SPI12_gamma_global_era5_moda_ref1991to2020_199705.nc,FALSE,TRUE,199705,1997,5
Data Raw/Clima/Drought/SPI12_gamma_global_era5_moda_ref1991to2020_199706.nc,SPI12_gamma_global_era5_moda_ref1991to2020_199706.nc,FALSE,TRUE,199706,1997,6
Data Raw/Clima/Drought/SPI12_gamma_global_era5_moda_ref1991to2020_199707.nc,SPI12_gamma_global_era5_moda_ref1991to2020_199707.nc,FALSE,TRUE,199707,1997,7
Data Raw/Clima/Drought/SPI12_gamma_global_era5_moda_ref1991to2020_199708.nc,SPI12_gamma_global_era5_moda_ref1991to2020_199708.nc,FALSE,TRUE,199708,1997,8
Data Raw/Clima/Drought/SPI12_gamma_global_era5_moda_ref1991to2020_199709.nc,SPI12_gamma_global_era5_moda_ref1991to2020_199709.nc,FALSE,TRUE,199709,1997,9
Data Raw/Clima/Drought/SPI12_gamma_global_era5_moda_ref1991to2020_199710.nc,SPI12_gamma_global_era5_moda_ref1991to2020_199710.nc,FALSE,TRUE,199710,1997,10
Data Raw/Clima/Drought/SPI12_gamma_global_era5_moda_ref1991to2020_199711.nc,SPI12_gamma_global_era5_moda_ref1991to2020_199711.nc,FALSE,TRUE,199711,1997,11
Data Raw/Clima/Drought/SPI12_gamma_global_era5_moda_ref1991to2020_199712.nc,SPI12_gamma_global_era5_moda_ref1991to2020_199712.nc,FALSE,TRUE,199712,1997,12
Data Raw/Clima/Drought/SPI12_gamma_global_era5_moda_ref1991to2020_199801.nc,SPI12_gamma_global_era5_moda_ref1991to2020_199801.nc,FALSE,TRUE,199801,1998,1
Data Raw/Clima/Drought/SPI12_gamma_global_era5_moda_ref1991to2020_199802.nc,SPI12_gamma_global_era5_moda_ref1991to2020_199802.nc,FALSE,TRUE,199802,1998,2
Data Raw/Clima/Drought/SPI12_gamma_global_era5_moda_ref1991to2020_199803.nc,SPI12_gamma_global_era5_moda_ref1991to2020_199803.nc,FALSE,TRUE,199803,1998,3
Data Raw/Clima/Drought/SPI12_gamma_global_era5_moda_ref1991to2020_199804.nc,SPI12_gamma_global_era5_moda_ref1991to2020_199804.nc,FALSE,TRUE,199804,1998,4
Data Raw/Clima/Drought/SPI12_gamma_global_era5_moda_ref1991to2020_199805.nc,SPI12_gamma_global_era5_moda_ref1991to2020_199805.nc,FALSE,TRUE,199805,1998,5
Data Raw/Clima/Drought/SPI12_gamma_global_era5_moda_ref1991to2020_199806.nc,SPI12_gamma_global_era5_moda_ref1991to2020_199806.nc,FALSE,TRUE,199806,1998,6
Data Raw/Clima/Drought/SPI12_gamma_global_era5_moda_ref1991to2020_199807.nc,SPI12_gamma_global_era5_moda_ref1991to2020_199807.nc,FALSE,TRUE,199807,1998,7
Data Raw/Clima/Drought/SPI12_gamma_global_era5_moda_ref1991to2020_199808.nc,SPI12_gamma_global_era5_moda_ref1991to2020_199808.nc,FALSE,TRUE,199808,1998,8
Data Raw/Clima/Drought/SPI12_gamma_global_era5_moda_ref1991to2020_199809.nc,SPI12_gamma_global_era5_moda_ref1991to2020_199809.nc,FALSE,TRUE,199809,1998,9
Data Raw/Clima/Drought/SPI12_gamma_global_era5_moda_ref1991to2020_199810.nc,SPI12_gamma_global_era5_moda_ref1991to2020_199810.nc,FALSE,TRUE,199810,1998,10
Data Raw/Clima/Drought/SPI12_gamma_global_era5_moda_ref1991to2020_199811.nc,SPI12_gamma_global_era5_moda_ref1991to2020_199811.nc,FALSE,TRUE,199811,1998,11
Data Raw/Clima/Drought/SPI12_gamma_global_era5_moda_ref1991to2020_199812.nc,SPI12_gamma_global_era5_moda_ref1991to2020_199812.nc,FALSE,TRUE,199812,1998,12
Data Raw/Clima/Drought/SPI12_gamma_global_era5_moda_ref1991to2020_199901.nc,SPI12_gamma_global_era5_moda_ref1991to2020_199901.nc,FALSE,TRUE,199901,1999,1
Data Raw/Clima/Drought/SPI12_gamma_global_era5_moda_ref1991to2020_199902.nc,SPI12_gamma_global_era5_moda_ref1991to2020_199902.nc,FALSE,TRUE,199902,1999,2
Data Raw/Clima/Drought/SPI12_gamma_global_era5_moda_ref1991to2020_199903.nc,SPI12_gamma_global_era5_moda_ref1991to2020_199903.nc,FALSE,TRUE,199903,1999,3
Data Raw/Clima/Drought/SPI12_gamma_global_era5_moda_ref1991to2020_199904.nc,SPI12_gamma_global_era5_moda_ref1991to2020_199904.nc,FALSE,TRUE,199904,1999,4
Data Raw/Clima/Drought/SPI12_gamma_global_era5_moda_ref1991to2020_199905.nc,SPI12_gamma_global_era5_moda_ref1991to2020_199905.nc,FALSE,TRUE,199905,1999,5
Data Raw/Clima/Drought/SPI12_gamma_global_era5_moda_ref1991to2020_199906.nc,SPI12_gamma_global_era5_moda_ref1991to2020_199906.nc,FALSE,TRUE,199906,1999,6
Data Raw/Clima/Drought/SPI12_gamma_global_era5_moda_ref1991to2020_199907.nc,SPI12_gamma_global_era5_moda_ref1991to2020_199907.nc,FALSE,TRUE,199907,1999,7
Data Raw/Clima/Drought/SPI12_gamma_global_era5_moda_ref1991to2020_199908.nc,SPI12_gamma_global_era5_moda_ref1991to2020_199908.nc,FALSE,TRUE,199908,1999,8
Data Raw/Clima/Drought/SPI12_gamma_global_era5_moda_ref1991to2020_199909.nc,SPI12_gamma_global_era5_moda_ref1991to2020_199909.nc,FALSE,TRUE,199909,1999,9
Data Raw/Clima/Drought/SPI12_gamma_global_era5_moda_ref1991to2020_199910.nc,SPI12_gamma_global_era5_moda_ref1991to2020_199910.nc,FALSE,TRUE,199910,1999,10
Data Raw/Clima/Drought/SPI12_gamma_global_era5_moda_ref1991to2020_199911.nc,SPI12_gamma_global_era5_moda_ref1991to2020_199911.nc,FALSE,TRUE,199911,1999,11
Data Raw/Clima/Drought/SPI12_gamma_global_era5_moda_ref1991to2020_199912.nc,SPI12_gamma_global_era5_moda_ref1991to2020_199912.nc,FALSE,TRUE,199912,1999,12
Data Raw/Clima/Drought/SPI12_gamma_global_era5_moda_ref1991to2020_200001.nc,SPI12_gamma_global_era5_moda_ref1991to2020_200001.nc,FALSE,TRUE,200001,2000,1
Data Raw/Clima/Drought/SPI12_gamma_global_era5_moda_ref1991to2020_200002.nc,SPI12_gamma_global_era5_moda_ref1991to2020_200002.nc,FALSE,TRUE,200002,2000,2
Data Raw/Clima/Drought/SPI12_gamma_global_era5_moda_ref1991to2020_200003.nc,SPI12_gamma_global_era5_moda_ref1991to2020_200003.nc,FALSE,TRUE,200003,2000,3
Data Raw/Clima/Drought/SPI12_gamma_global_era5_moda_ref1991to2020_200004.nc,SPI12_gamma_global_era5_moda_ref1991to2020_200004.nc,FALSE,TRUE,200004,2000,4
Data Raw/Clima/Drought/SPI12_gamma_global_era5_moda_ref1991to2020_200005.nc,SPI12_gamma_global_era5_moda_ref1991to2020_200005.nc,FALSE,TRUE,200005,2000,5
Data Raw/Clima/Drought/SPI12_gamma_global_era5_moda_ref1991to2020_200006.nc,SPI12_gamma_global_era5_moda_ref1991to2020_200006.nc,FALSE,TRUE,200006,2000,6
Data Raw/Clima/Drought/SPI12_gamma_global_era5_moda_ref1991to2020_200007.nc,SPI12_gamma_global_era5_moda_ref1991to2020_200007.nc,FALSE,TRUE,200007,2000,7
Data Raw/Clima/Drought/SPI12_gamma_global_era5_moda_ref1991to2020_200008.nc,SPI12_gamma_global_era5_moda_ref1991to2020_200008.nc,FALSE,TRUE,200008,2000,8
Data Raw/Clima/Drought/SPI12_gamma_global_era5_moda_ref1991to2020_200009.nc,SPI12_gamma_global_era5_moda_ref1991to2020_200009.nc,FALSE,TRUE,200009,2000,9
Data Raw/Clima/Drought/SPI12_gamma_global_era5_moda_ref1991to2020_200010.nc,SPI12_gamma_global_era5_moda_ref1991to2020_200010.nc,FALSE,TRUE,200010,2000,10
Data Raw/Clima/Drought/SPI12_gamma_global_era5_moda_ref1991to2020_200011.nc,SPI12_gamma_global_era5_moda_ref1991to2020_200011.nc,FALSE,TRUE,200011,2000,11
Data Raw/Clima/Drought/SPI12_gamma_global_era5_moda_ref1991to2020_200012.nc,SPI12_gamma_global_era5_moda_ref1991to2020_200012.nc,FALSE,TRUE,200012,2000,12
Data Raw/Clima/Drought/SPI12_gamma_global_era5_moda_ref1991to2020_200101.nc,SPI12_gamma_global_era5_moda_ref1991to2020_200101.nc,FALSE,TRUE,200101,2001,1
Data Raw/Clima/Drought/SPI12_gamma_global_era5_moda_ref1991to2020_200102.nc,SPI12_gamma_global_era5_moda_ref1991to2020_200102.nc,FALSE,TRUE,200102,2001,2
Data Raw/Clima/Drought/SPI12_gamma_global_era5_moda_ref1991to2020_200103.nc,SPI12_gamma_global_era5_moda_ref1991to2020_200103.nc,FALSE,TRUE,200103,2001,3
Data Raw/Clima/Drought/SPI12_gamma_global_era5_moda_ref1991to2020_200104.nc,SPI12_gamma_global_era5_moda_ref1991to2020_200104.nc,FALSE,TRUE,200104,2001,4
Data Raw/Clima/Drought/SPI12_gamma_global_era5_moda_ref1991to2020_200105.nc,SPI12_gamma_global_era5_moda_ref1991to2020_200105.nc,FALSE,TRUE,200105,2001,5
Data Raw/Clima/Drought/SPI12_gamma_global_era5_moda_ref1991to2020_200106.nc,SPI12_gamma_global_era5_moda_ref1991to2020_200106.nc,FALSE,TRUE,200106,2001,6
Data Raw/Clima/Drought/SPI12_gamma_global_era5_moda_ref1991to2020_200107.nc,SPI12_gamma_global_era5_moda_ref1991to2020_200107.nc,FALSE,TRUE,200107,2001,7
Data Raw/Clima/Drought/SPI12_gamma_global_era5_moda_ref1991to2020_200108.nc,SPI12_gamma_global_era5_moda_ref1991to2020_200108.nc,FALSE,TRUE,200108,2001,8
Data Raw/Clima/Drought/SPI12_gamma_global_era5_moda_ref1991to2020_200109.nc,SPI12_gamma_global_era5_moda_ref1991to2020_200109.nc,FALSE,TRUE,200109,2001,9
Data Raw/Clima/Drought/SPI12_gamma_global_era5_moda_ref1991to2020_200110.nc,SPI12_gamma_global_era5_moda_ref1991to2020_200110.nc,FALSE,TRUE,200110,2001,10
Data Raw/Clima/Drought/SPI12_gamma_global_era5_moda_ref1991to2020_200111.nc,SPI12_gamma_global_era5_moda_ref1991to2020_200111.nc,FALSE,TRUE,200111,2001,11
Data Raw/Clima/Drought/SPI12_gamma_global_era5_moda_ref1991to2020_200112.nc,SPI12_gamma_global_era5_moda_ref1991to2020_200112.nc,FALSE,TRUE,200112,2001,12
Data Raw/Clima/Drought/SPI12_gamma_global_era5_moda_ref1991to2020_200201.nc,SPI12_gamma_global_era5_moda_ref1991to2020_200201.nc,FALSE,TRUE,200201,2002,1
Data Raw/Clima/Drought/SPI12_gamma_global_era5_moda_ref1991to2020_200202.nc,SPI12_gamma_global_era5_moda_ref1991to2020_200202.nc,FALSE,TRUE,200202,2002,2
Data Raw/Clima/Drought/SPI12_gamma_global_era5_moda_ref1991to2020_200203.nc,SPI12_gamma_global_era5_moda_ref1991to2020_200203.nc,FALSE,TRUE,200203,2002,3
Data Raw/Clima/Drought/SPI12_gamma_global_era5_moda_ref1991to2020_200204.nc,SPI12_gamma_global_era5_moda_ref1991to2020_200204.nc,FALSE,TRUE,200204,2002,4
Data Raw/Clima/Drought/SPI12_gamma_global_era5_moda_ref1991to2020_200205.nc,SPI12_gamma_global_era5_moda_ref1991to2020_200205.nc,FALSE,TRUE,200205,2002,5
Data Raw/Clima/Drought/SPI12_gamma_global_era5_moda_ref1991to2020_200206.nc,SPI12_gamma_global_era5_moda_ref1991to2020_200206.nc,FALSE,TRUE,200206,2002,6
Data Raw/Clima/Drought/SPI12_gamma_global_era5_moda_ref1991to2020_200207.nc,SPI12_gamma_global_era5_moda_ref1991to2020_200207.nc,FALSE,TRUE,200207,2002,7
Data Raw/Clima/Drought/SPI12_gamma_global_era5_moda_ref1991to2020_200208.nc,SPI12_gamma_global_era5_moda_ref1991to2020_200208.nc,FALSE,TRUE,200208,2002,8
Data Raw/Clima/Drought/SPI12_gamma_global_era5_moda_ref1991to2020_200209.nc,SPI12_gamma_global_era5_moda_ref1991to2020_200209.nc,FALSE,TRUE,200209,2002,9
Data Raw/Clima/Drought/SPI12_gamma_global_era5_moda_ref1991to2020_200210.nc,SPI12_gamma_global_era5_moda_ref1991to2020_200210.nc,FALSE,TRUE,200210,2002,10
Data Raw/Clima/Drought/SPI12_gamma_global_era5_moda_ref1991to2020_200211.nc,SPI12_gamma_global_era5_moda_ref1991to2020_200211.nc,FALSE,TRUE,200211,2002,11
Data Raw/Clima/Drought/SPI12_gamma_global_era5_moda_ref1991to2020_200212.nc,SPI12_gamma_global_era5_moda_ref1991to2020_200212.nc,FALSE,TRUE,200212,2002,12
Data Raw/Clima/Drought/SPI12_gamma_global_era5_moda_ref1991to2020_200301.nc,SPI12_gamma_global_era5_moda_ref1991to2020_200301.nc,FALSE,TRUE,200301,2003,1
Data Raw/Clima/Drought/SPI12_gamma_global_era5_moda_ref1991to2020_200302.nc,SPI12_gamma_global_era5_moda_ref1991to2020_200302.nc,FALSE,TRUE,200302,2003,2
Data Raw/Clima/Drought/SPI12_gamma_global_era5_moda_ref1991to2020_200303.nc,SPI12_gamma_global_era5_moda_ref1991to2020_200303.nc,FALSE,TRUE,200303,2003,3
Data Raw/Clima/Drought/SPI12_gamma_global_era5_moda_ref1991to2020_200304.nc,SPI12_gamma_global_era5_moda_ref1991to2020_200304.nc,FALSE,TRUE,200304,2003,4
Data Raw/Clima/Drought/SPI12_gamma_global_era5_moda_ref1991to2020_200305.nc,SPI12_gamma_global_era5_moda_ref1991to2020_200305.nc,FALSE,TRUE,200305,2003,5
Data Raw/Clima/Drought/SPI12_gamma_global_era5_moda_ref1991to2020_200306.nc,SPI12_gamma_global_era5_moda_ref1991to2020_200306.nc,FALSE,TRUE,200306,2003,6
Data Raw/Clima/Drought/SPI12_gamma_global_era5_moda_ref1991to2020_200307.nc,SPI12_gamma_global_era5_moda_ref1991to2020_200307.nc,FALSE,TRUE,200307,2003,7
Data Raw/Clima/Drought/SPI12_gamma_global_era5_moda_ref1991to2020_200308.nc,SPI12_gamma_global_era5_moda_ref1991to2020_200308.nc,FALSE,TRUE,200308,2003,8
Data Raw/Clima/Drought/SPI12_gamma_global_era5_moda_ref1991to2020_200309.nc,SPI12_gamma_global_era5_moda_ref1991to2020_200309.nc,FALSE,TRUE,200309,2003,9
Data Raw/Clima/Drought/SPI12_gamma_global_era5_moda_ref1991to2020_200310.nc,SPI12_gamma_global_era5_moda_ref1991to2020_200310.nc,FALSE,TRUE,200310,2003,10
Data Raw/Clima/Drought/SPI12_gamma_global_era5_moda_ref1991to2020_200311.nc,SPI12_gamma_global_era5_moda_ref1991to2020_200311.nc,FALSE,TRUE,200311,2003,11
Data Raw/Clima/Drought/SPI12_gamma_global_era5_moda_ref1991to2020_200312.nc,SPI12_gamma_global_era5_moda_ref1991to2020_200312.nc,FALSE,TRUE,200312,2003,12
Data Raw/Clima/Drought/SPI12_gamma_global_era5_moda_ref1991to2020_200401.nc,SPI12_gamma_global_era5_moda_ref1991to2020_200401.nc,FALSE,TRUE,200401,2004,1
Data Raw/Clima/Drought/SPI12_gamma_global_era5_moda_ref1991to2020_200402.nc,SPI12_gamma_global_era5_moda_ref1991to2020_200402.nc,FALSE,TRUE,200402,2004,2
Data Raw/Clima/Drought/SPI12_gamma_global_era5_moda_ref1991to2020_200403.nc,SPI12_gamma_global_era5_moda_ref1991to2020_200403.nc,FALSE,TRUE,200403,2004,3
Data Raw/Clima/Drought/SPI12_gamma_global_era5_moda_ref1991to2020_200404.nc,SPI12_gamma_global_era5_moda_ref1991to2020_200404.nc,FALSE,TRUE,200404,2004,4
Data Raw/Clima/Drought/SPI12_gamma_global_era5_moda_ref1991to2020_200405.nc,SPI12_gamma_global_era5_moda_ref1991to2020_200405.nc,FALSE,TRUE,200405,2004,5
Data Raw/Clima/Drought/SPI12_gamma_global_era5_moda_ref1991to2020_200406.nc,SPI12_gamma_global_era5_moda_ref1991to2020_200406.nc,FALSE,TRUE,200406,2004,6
Data Raw/Clima/Drought/SPI12_gamma_global_era5_moda_ref1991to2020_200407.nc,SPI12_gamma_global_era5_moda_ref1991to2020_200407.nc,FALSE,TRUE,200407,2004,7
Data Raw/Clima/Drought/SPI12_gamma_global_era5_moda_ref1991to2020_200408.nc,SPI12_gamma_global_era5_moda_ref1991to2020_200408.nc,FALSE,TRUE,200408,2004,8
Data Raw/Clima/Drought/SPI12_gamma_global_era5_moda_ref1991to2020_200409.nc,SPI12_gamma_global_era5_moda_ref1991to2020_200409.nc,FALSE,TRUE,200409,2004,9
Data Raw/Clima/Drought/SPI12_gamma_global_era5_moda_ref1991to2020_200410.nc,SPI12_gamma_global_era5_moda_ref1991to2020_200410.nc,FALSE,TRUE,200410,2004,10
Data Raw/Clima/Drought/SPI12_gamma_global_era5_moda_ref1991to2020_200411.nc,SPI12_gamma_global_era5_moda_ref1991to2020_200411.nc,FALSE,TRUE,200411,2004,11
Data Raw/Clima/Drought/SPI12_gamma_global_era5_moda_ref1991to2020_200412.nc,SPI12_gamma_global_era5_moda_ref1991to2020_200412.nc,FALSE,TRUE,200412,2004,12
Data Raw/Clima/Drought/SPI12_gamma_global_era5_moda_ref1991to2020_200501.nc,SPI12_gamma_global_era5_moda_ref1991to2020_200501.nc,FALSE,TRUE,200501,2005,1
Data Raw/Clima/Drought/SPI12_gamma_global_era5_moda_ref1991to2020_200502.nc,SPI12_gamma_global_era5_moda_ref1991to2020_200502.nc,FALSE,TRUE,200502,2005,2
Data Raw/Clima/Drought/SPI12_gamma_global_era5_moda_ref1991to2020_200503.nc,SPI12_gamma_global_era5_moda_ref1991to2020_200503.nc,FALSE,TRUE,200503,2005,3
Data Raw/Clima/Drought/SPI12_gamma_global_era5_moda_ref1991to2020_200504.nc,SPI12_gamma_global_era5_moda_ref1991to2020_200504.nc,FALSE,TRUE,200504,2005,4
Data Raw/Clima/Drought/SPI12_gamma_global_era5_moda_ref1991to2020_200505.nc,SPI12_gamma_global_era5_moda_ref1991to2020_200505.nc,FALSE,TRUE,200505,2005,5
Data Raw/Clima/Drought/SPI12_gamma_global_era5_moda_ref1991to2020_200506.nc,SPI12_gamma_global_era5_moda_ref1991to2020_200506.nc,FALSE,TRUE,200506,2005,6
Data Raw/Clima/Drought/SPI12_gamma_global_era5_moda_ref1991to2020_200507.nc,SPI12_gamma_global_era5_moda_ref1991to2020_200507.nc,FALSE,TRUE,200507,2005,7
Data Raw/Clima/Drought/SPI12_gamma_global_era5_moda_ref1991to2020_200508.nc,SPI12_gamma_global_era5_moda_ref1991to2020_200508.nc,FALSE,TRUE,200508,2005,8
Data Raw/Clima/Drought/SPI12_gamma_global_era5_moda_ref1991to2020_200509.nc,SPI12_gamma_global_era5_moda_ref1991to2020_200509.nc,FALSE,TRUE,200509,2005,9
Data Raw/Clima/Drought/SPI12_gamma_global_era5_moda_ref1991to2020_200510.nc,SPI12_gamma_global_era5_moda_ref1991to2020_200510.nc,FALSE,TRUE,200510,2005,10
Data Raw/Clima/Drought/SPI12_gamma_global_era5_moda_ref1991to2020_200511.nc,SPI12_gamma_global_era5_moda_ref1991to2020_200511.nc,FALSE,TRUE,200511,2005,11
Data Raw/Clima/Drought/SPI12_gamma_global_era5_moda_ref1991to2020_200512.nc,SPI12_gamma_global_era5_moda_ref1991to2020_200512.nc,FALSE,TRUE,200512,2005,12
Data Raw/Clima/Drought/SPI12_gamma_global_era5_moda_ref1991to2020_200601.nc,SPI12_gamma_global_era5_moda_ref1991to2020_200601.nc,FALSE,TRUE,200601,2006,1
Data Raw/Clima/Drought/SPI12_gamma_global_era5_moda_ref1991to2020_200602.nc,SPI12_gamma_global_era5_moda_ref1991to2020_200602.nc,FALSE,TRUE,200602,2006,2
Data Raw/Clima/Drought/SPI12_gamma_global_era5_moda_ref1991to2020_200603.nc,SPI12_gamma_global_era5_moda_ref1991to2020_200603.nc,FALSE,TRUE,200603,2006,3
Data Raw/Clima/Drought/SPI12_gamma_global_era5_moda_ref1991to2020_200604.nc,SPI12_gamma_global_era5_moda_ref1991to2020_200604.nc,FALSE,TRUE,200604,2006,4
Data Raw/Clima/Drought/SPI12_gamma_global_era5_moda_ref1991to2020_200605.nc,SPI12_gamma_global_era5_moda_ref1991to2020_200605.nc,FALSE,TRUE,200605,2006,5
Data Raw/Clima/Drought/SPI12_gamma_global_era5_moda_ref1991to2020_200606.nc,SPI12_gamma_global_era5_moda_ref1991to2020_200606.nc,FALSE,TRUE,200606,2006,6
Data Raw/Clima/Drought/SPI12_gamma_global_era5_moda_ref1991to2020_200607.nc,SPI12_gamma_global_era5_moda_ref1991to2020_200607.nc,FALSE,TRUE,200607,2006,7
Data Raw/Clima/Drought/SPI12_gamma_global_era5_moda_ref1991to2020_200608.nc,SPI12_gamma_global_era5_moda_ref1991to2020_200608.nc,FALSE,TRUE,200608,2006,8
Data Raw/Clima/Drought/SPI12_gamma_global_era5_moda_ref1991to2020_200609.nc,SPI12_gamma_global_era5_moda_ref1991to2020_200609.nc,FALSE,TRUE,200609,2006,9
Data Raw/Clima/Drought/SPI12_gamma_global_era5_moda_ref1991to2020_200610.nc,SPI12_gamma_global_era5_moda_ref1991to2020_200610.nc,FALSE,TRUE,200610,2006,10
Data Raw/Clima/Drought/SPI12_gamma_global_era5_moda_ref1991to2020_200611.nc,SPI12_gamma_global_era5_moda_ref1991to2020_200611.nc,FALSE,TRUE,200611,2006,11
Data Raw/Clima/Drought/SPI12_gamma_global_era5_moda_ref1991to2020_200612.nc,SPI12_gamma_global_era5_moda_ref1991to2020_200612.nc,FALSE,TRUE,200612,2006,12
Data Raw/Clima/Drought/SPI12_gamma_global_era5_moda_ref1991to2020_200701.nc,SPI12_gamma_global_era5_moda_ref1991to2020_200701.nc,FALSE,TRUE,200701,2007,1
Data Raw/Clima/Drought/SPI12_gamma_global_era5_moda_ref1991to2020_200702.nc,SPI12_gamma_global_era5_moda_ref1991to2020_200702.nc,FALSE,TRUE,200702,2007,2
Data Raw/Clima/Drought/SPI12_gamma_global_era5_moda_ref1991to2020_200703.nc,SPI12_gamma_global_era5_moda_ref1991to2020_200703.nc,FALSE,TRUE,200703,2007,3
Data Raw/Clima/Drought/SPI12_gamma_global_era5_moda_ref1991to2020_200704.nc,SPI12_gamma_global_era5_moda_ref1991to2020_200704.nc,FALSE,TRUE,200704,2007,4
Data Raw/Clima/Drought/SPI12_gamma_global_era5_moda_ref1991to2020_200705.nc,SPI12_gamma_global_era5_moda_ref1991to2020_200705.nc,FALSE,TRUE,200705,2007,5
Data Raw/Clima/Drought/SPI12_gamma_global_era5_moda_ref1991to2020_200706.nc,SPI12_gamma_global_era5_moda_ref1991to2020_200706.nc,FALSE,TRUE,200706,2007,6
Data Raw/Clima/Drought/SPI12_gamma_global_era5_moda_ref1991to2020_200707.nc,SPI12_gamma_global_era5_moda_ref1991to2020_200707.nc,FALSE,TRUE,200707,2007,7
Data Raw/Clima/Drought/SPI12_gamma_global_era5_moda_ref1991to2020_200708.nc,SPI12_gamma_global_era5_moda_ref1991to2020_200708.nc,FALSE,TRUE,200708,2007,8
Data Raw/Clima/Drought/SPI12_gamma_global_era5_moda_ref1991to2020_200709.nc,SPI12_gamma_global_era5_moda_ref1991to2020_200709.nc,FALSE,TRUE,200709,2007,9
Data Raw/Clima/Drought/SPI12_gamma_global_era5_moda_ref1991to2020_200710.nc,SPI12_gamma_global_era5_moda_ref1991to2020_200710.nc,FALSE,TRUE,200710,2007,10
Data Raw/Clima/Drought/SPI12_gamma_global_era5_moda_ref1991to2020_200711.nc,SPI12_gamma_global_era5_moda_ref1991to2020_200711.nc,FALSE,TRUE,200711,2007,11
Data Raw/Clima/Drought/SPI12_gamma_global_era5_moda_ref1991to2020_200712.nc,SPI12_gamma_global_era5_moda_ref1991to2020_200712.nc,FALSE,TRUE,200712,2007,12
Data Raw/Clima/Drought/SPI12_gamma_global_era5_moda_ref1991to2020_200801.nc,SPI12_gamma_global_era5_moda_ref1991to2020_200801.nc,FALSE,TRUE,200801,2008,1
Data Raw/Clima/Drought/SPI12_gamma_global_era5_moda_ref1991to2020_200802.nc,SPI12_gamma_global_era5_moda_ref1991to2020_200802.nc,FALSE,TRUE,200802,2008,2
Data Raw/Clima/Drought/SPI12_gamma_global_era5_moda_ref1991to2020_200803.nc,SPI12_gamma_global_era5_moda_ref1991to2020_200803.nc,FALSE,TRUE,200803,2008,3
Data Raw/Clima/Drought/SPI12_gamma_global_era5_moda_ref1991to2020_200804.nc,SPI12_gamma_global_era5_moda_ref1991to2020_200804.nc,FALSE,TRUE,200804,2008,4
Data Raw/Clima/Drought/SPI12_gamma_global_era5_moda_ref1991to2020_200805.nc,SPI12_gamma_global_era5_moda_ref1991to2020_200805.nc,FALSE,TRUE,200805,2008,5
Data Raw/Clima/Drought/SPI12_gamma_global_era5_moda_ref1991to2020_200806.nc,SPI12_gamma_global_era5_moda_ref1991to2020_200806.nc,FALSE,TRUE,200806,2008,6
Data Raw/Clima/Drought/SPI12_gamma_global_era5_moda_ref1991to2020_200807.nc,SPI12_gamma_global_era5_moda_ref1991to2020_200807.nc,FALSE,TRUE,200807,2008,7
Data Raw/Clima/Drought/SPI12_gamma_global_era5_moda_ref1991to2020_200808.nc,SPI12_gamma_global_era5_moda_ref1991to2020_200808.nc,FALSE,TRUE,200808,2008,8
Data Raw/Clima/Drought/SPI12_gamma_global_era5_moda_ref1991to2020_200809.nc,SPI12_gamma_global_era5_moda_ref1991to2020_200809.nc,FALSE,TRUE,200809,2008,9
Data Raw/Clima/Drought/SPI12_gamma_global_era5_moda_ref1991to2020_200810.nc,SPI12_gamma_global_era5_moda_ref1991to2020_200810.nc,FALSE,TRUE,200810,2008,10
Data Raw/Clima/Drought/SPI12_gamma_global_era5_moda_ref1991to2020_200811.nc,SPI12_gamma_global_era5_moda_ref1991to2020_200811.nc,FALSE,TRUE,200811,2008,11
Data Raw/Clima/Drought/SPI12_gamma_global_era5_moda_ref1991to2020_200812.nc,SPI12_gamma_global_era5_moda_ref1991to2020_200812.nc,FALSE,TRUE,200812,2008,12
Data Raw/Clima/Drought/SPI12_gamma_global_era5_moda_ref1991to2020_200901.nc,SPI12_gamma_global_era5_moda_ref1991to2020_200901.nc,FALSE,TRUE,200901,2009,1
Data Raw/Clima/Drought/SPI12_gamma_global_era5_moda_ref1991to2020_200902.nc,SPI12_gamma_global_era5_moda_ref1991to2020_200902.nc,FALSE,TRUE,200902,2009,2
Data Raw/Clima/Drought/SPI12_gamma_global_era5_moda_ref1991to2020_200903.nc,SPI12_gamma_global_era5_moda_ref1991to2020_200903.nc,FALSE,TRUE,200903,2009,3
Data Raw/Clima/Drought/SPI12_gamma_global_era5_moda_ref1991to2020_200904.nc,SPI12_gamma_global_era5_moda_ref1991to2020_200904.nc,FALSE,TRUE,200904,2009,4
Data Raw/Clima/Drought/SPI12_gamma_global_era5_moda_ref1991to2020_200905.nc,SPI12_gamma_global_era5_moda_ref1991to2020_200905.nc,FALSE,TRUE,200905,2009,5
Data Raw/Clima/Drought/SPI12_gamma_global_era5_moda_ref1991to2020_200906.nc,SPI12_gamma_global_era5_moda_ref1991to2020_200906.nc,FALSE,TRUE,200906,2009,6
Data Raw/Clima/Drought/SPI12_gamma_global_era5_moda_ref1991to2020_200907.nc,SPI12_gamma_global_era5_moda_ref1991to2020_200907.nc,FALSE,TRUE,200907,2009,7
Data Raw/Clima/Drought/SPI12_gamma_global_era5_moda_ref1991to2020_200908.nc,SPI12_gamma_global_era5_moda_ref1991to2020_200908.nc,FALSE,TRUE,200908,2009,8
Data Raw/Clima/Drought/SPI12_gamma_global_era5_moda_ref1991to2020_200909.nc,SPI12_gamma_global_era5_moda_ref1991to2020_200909.nc,FALSE,TRUE,200909,2009,9
Data Raw/Clima/Drought/SPI12_gamma_global_era5_moda_ref1991to2020_200910.nc,SPI12_gamma_global_era5_moda_ref1991to2020_200910.nc,FALSE,TRUE,200910,2009,10
Data Raw/Clima/Drought/SPI12_gamma_global_era5_moda_ref1991to2020_200911.nc,SPI12_gamma_global_era5_moda_ref1991to2020_200911.nc,FALSE,TRUE,200911,2009,11
Data Raw/Clima/Drought/SPI12_gamma_global_era5_moda_ref1991to2020_200912.nc,SPI12_gamma_global_era5_moda_ref1991to2020_200912.nc,FALSE,TRUE,200912,2009,12
Data Raw/Clima/Drought/SPI12_gamma_global_era5_moda_ref1991to2020_201001.nc,SPI12_gamma_global_era5_moda_ref1991to2020_201001.nc,FALSE,TRUE,201001,2010,1
Data Raw/Clima/Drought/SPI12_gamma_global_era5_moda_ref1991to2020_201002.nc,SPI12_gamma_global_era5_moda_ref1991to2020_201002.nc,FALSE,TRUE,201002,2010,2
Data Raw/Clima/Drought/SPI12_gamma_global_era5_moda_ref1991to2020_201003.nc,SPI12_gamma_global_era5_moda_ref1991to2020_201003.nc,FALSE,TRUE,201003,2010,3
Data Raw/Clima/Drought/SPI12_gamma_global_era5_moda_ref1991to2020_201004.nc,SPI12_gamma_global_era5_moda_ref1991to2020_201004.nc,FALSE,TRUE,201004,2010,4
Data Raw/Clima/Drought/SPI12_gamma_global_era5_moda_ref1991to2020_201005.nc,SPI12_gamma_global_era5_moda_ref1991to2020_201005.nc,FALSE,TRUE,201005,2010,5
Data Raw/Clima/Drought/SPI12_gamma_global_era5_moda_ref1991to2020_201006.nc,SPI12_gamma_global_era5_moda_ref1991to2020_201006.nc,FALSE,TRUE,201006,2010,6
Data Raw/Clima/Drought/SPI12_gamma_global_era5_moda_ref1991to2020_201007.nc,SPI12_gamma_global_era5_moda_ref1991to2020_201007.nc,FALSE,TRUE,201007,2010,7
Data Raw/Clima/Drought/SPI12_gamma_global_era5_moda_ref1991to2020_201008.nc,SPI12_gamma_global_era5_moda_ref1991to2020_201008.nc,FALSE,TRUE,201008,2010,8
Data Raw/Clima/Drought/SPI12_gamma_global_era5_moda_ref1991to2020_201009.nc,SPI12_gamma_global_era5_moda_ref1991to2020_201009.nc,FALSE,TRUE,201009,2010,9
Data Raw/Clima/Drought/SPI12_gamma_global_era5_moda_ref1991to2020_201010.nc,SPI12_gamma_global_era5_moda_ref1991to2020_201010.nc,FALSE,TRUE,201010,2010,10
Data Raw/Clima/Drought/SPI12_gamma_global_era5_moda_ref1991to2020_201011.nc,SPI12_gamma_global_era5_moda_ref1991to2020_201011.nc,FALSE,TRUE,201011,2010,11
Data Raw/Clima/Drought/SPI12_gamma_global_era5_moda_ref1991to2020_201012.nc,SPI12_gamma_global_era5_moda_ref1991to2020_201012.nc,FALSE,TRUE,201012,2010,12
Data Raw/Clima/Drought/SPI12_gamma_global_era5_moda_ref1991to2020_201101.nc,SPI12_gamma_global_era5_moda_ref1991to2020_201101.nc,FALSE,TRUE,201101,2011,1
Data Raw/Clima/Drought/SPI12_gamma_global_era5_moda_ref1991to2020_201102.nc,SPI12_gamma_global_era5_moda_ref1991to2020_201102.nc,FALSE,TRUE,201102,2011,2
Data Raw/Clima/Drought/SPI12_gamma_global_era5_moda_ref1991to2020_201103.nc,SPI12_gamma_global_era5_moda_ref1991to2020_201103.nc,FALSE,TRUE,201103,2011,3
Data Raw/Clima/Drought/SPI12_gamma_global_era5_moda_ref1991to2020_201104.nc,SPI12_gamma_global_era5_moda_ref1991to2020_201104.nc,FALSE,TRUE,201104,2011,4
Data Raw/Clima/Drought/SPI12_gamma_global_era5_moda_ref1991to2020_201105.nc,SPI12_gamma_global_era5_moda_ref1991to2020_201105.nc,FALSE,TRUE,201105,2011,5
Data Raw/Clima/Drought/SPI12_gamma_global_era5_moda_ref1991to2020_201106.nc,SPI12_gamma_global_era5_moda_ref1991to2020_201106.nc,FALSE,TRUE,201106,2011,6
Data Raw/Clima/Drought/SPI12_gamma_global_era5_moda_ref1991to2020_201107.nc,SPI12_gamma_global_era5_moda_ref1991to2020_201107.nc,FALSE,TRUE,201107,2011,7
Data Raw/Clima/Drought/SPI12_gamma_global_era5_moda_ref1991to2020_201108.nc,SPI12_gamma_global_era5_moda_ref1991to2020_201108.nc,FALSE,TRUE,201108,2011,8
Data Raw/Clima/Drought/SPI12_gamma_global_era5_moda_ref1991to2020_201109.nc,SPI12_gamma_global_era5_moda_ref1991to2020_201109.nc,FALSE,TRUE,201109,2011,9
Data Raw/Clima/Drought/SPI12_gamma_global_era5_moda_ref1991to2020_201110.nc,SPI12_gamma_global_era5_moda_ref1991to2020_201110.nc,FALSE,TRUE,201110,2011,10
Data Raw/Clima/Drought/SPI12_gamma_global_era5_moda_ref1991to2020_201111.nc,SPI12_gamma_global_era5_moda_ref1991to2020_201111.nc,FALSE,TRUE,201111,2011,11
Data Raw/Clima/Drought/SPI12_gamma_global_era5_moda_ref1991to2020_201112.nc,SPI12_gamma_global_era5_moda_ref1991to2020_201112.nc,FALSE,TRUE,201112,2011,12
Data Raw/Clima/Drought/SPI12_gamma_global_era5_moda_ref1991to2020_201201.nc,SPI12_gamma_global_era5_moda_ref1991to2020_201201.nc,FALSE,TRUE,201201,2012,1
Data Raw/Clima/Drought/SPI12_gamma_global_era5_moda_ref1991to2020_201202.nc,SPI12_gamma_global_era5_moda_ref1991to2020_201202.nc,FALSE,TRUE,201202,2012,2
Data Raw/Clima/Drought/SPI12_gamma_global_era5_moda_ref1991to2020_201203.nc,SPI12_gamma_global_era5_moda_ref1991to2020_201203.nc,FALSE,TRUE,201203,2012,3
Data Raw/Clima/Drought/SPI12_gamma_global_era5_moda_ref1991to2020_201204.nc,SPI12_gamma_global_era5_moda_ref1991to2020_201204.nc,FALSE,TRUE,201204,2012,4
Data Raw/Clima/Drought/SPI12_gamma_global_era5_moda_ref1991to2020_201205.nc,SPI12_gamma_global_era5_moda_ref1991to2020_201205.nc,FALSE,TRUE,201205,2012,5
Data Raw/Clima/Drought/SPI12_gamma_global_era5_moda_ref1991to2020_201206.nc,SPI12_gamma_global_era5_moda_ref1991to2020_201206.nc,FALSE,TRUE,201206,2012,6
Data Raw/Clima/Drought/SPI12_gamma_global_era5_moda_ref1991to2020_201207.nc,SPI12_gamma_global_era5_moda_ref1991to2020_201207.nc,FALSE,TRUE,201207,2012,7
Data Raw/Clima/Drought/SPI12_gamma_global_era5_moda_ref1991to2020_201208.nc,SPI12_gamma_global_era5_moda_ref1991to2020_201208.nc,FALSE,TRUE,201208,2012,8
Data Raw/Clima/Drought/SPI12_gamma_global_era5_moda_ref1991to2020_201209.nc,SPI12_gamma_global_era5_moda_ref1991to2020_201209.nc,FALSE,TRUE,201209,2012,9
Data Raw/Clima/Drought/SPI12_gamma_global_era5_moda_ref1991to2020_201210.nc,SPI12_gamma_global_era5_moda_ref1991to2020_201210.nc,FALSE,TRUE,201210,2012,10
Data Raw/Clima/Drought/SPI12_gamma_global_era5_moda_ref1991to2020_201211.nc,SPI12_gamma_global_era5_moda_ref1991to2020_201211.nc,FALSE,TRUE,201211,2012,11
Data Raw/Clima/Drought/SPI12_gamma_global_era5_moda_ref1991to2020_201212.nc,SPI12_gamma_global_era5_moda_ref1991to2020_201212.nc,FALSE,TRUE,201212,2012,12
Data Raw/Clima/Drought/SPI12_gamma_global_era5_moda_ref1991to2020_201301.nc,SPI12_gamma_global_era5_moda_ref1991to2020_201301.nc,FALSE,TRUE,201301,2013,1
Data Raw/Clima/Drought/SPI12_gamma_global_era5_moda_ref1991to2020_201302.nc,SPI12_gamma_global_era5_moda_ref1991to2020_201302.nc,FALSE,TRUE,201302,2013,2
Data Raw/Clima/Drought/SPI12_gamma_global_era5_moda_ref1991to2020_201303.nc,SPI12_gamma_global_era5_moda_ref1991to2020_201303.nc,FALSE,TRUE,201303,2013,3
Data Raw/Clima/Drought/SPI12_gamma_global_era5_moda_ref1991to2020_201304.nc,SPI12_gamma_global_era5_moda_ref1991to2020_201304.nc,FALSE,TRUE,201304,2013,4
Data Raw/Clima/Drought/SPI12_gamma_global_era5_moda_ref1991to2020_201305.nc,SPI12_gamma_global_era5_moda_ref1991to2020_201305.nc,FALSE,TRUE,201305,2013,5
Data Raw/Clima/Drought/SPI12_gamma_global_era5_moda_ref1991to2020_201306.nc,SPI12_gamma_global_era5_moda_ref1991to2020_201306.nc,FALSE,TRUE,201306,2013,6
Data Raw/Clima/Drought/SPI12_gamma_global_era5_moda_ref1991to2020_201307.nc,SPI12_gamma_global_era5_moda_ref1991to2020_201307.nc,FALSE,TRUE,201307,2013,7
Data Raw/Clima/Drought/SPI12_gamma_global_era5_moda_ref1991to2020_201308.nc,SPI12_gamma_global_era5_moda_ref1991to2020_201308.nc,FALSE,TRUE,201308,2013,8
Data Raw/Clima/Drought/SPI12_gamma_global_era5_moda_ref1991to2020_201309.nc,SPI12_gamma_global_era5_moda_ref1991to2020_201309.nc,FALSE,TRUE,201309,2013,9
Data Raw/Clima/Drought/SPI12_gamma_global_era5_moda_ref1991to2020_201310.nc,SPI12_gamma_global_era5_moda_ref1991to2020_201310.nc,FALSE,TRUE,201310,2013,10
Data Raw/Clima/Drought/SPI12_gamma_global_era5_moda_ref1991to2020_201311.nc,SPI12_gamma_global_era5_moda_ref1991to2020_201311.nc,FALSE,TRUE,201311,2013,11
Data Raw/Clima/Drought/SPI12_gamma_global_era5_moda_ref1991to2020_201312.nc,SPI12_gamma_global_era5_moda_ref1991to2020_201312.nc,FALSE,TRUE,201312,2013,12
Data Raw/Clima/Drought/SPI12_gamma_global_era5_moda_ref1991to2020_201401.nc,SPI12_gamma_global_era5_moda_ref1991to2020_201401.nc,FALSE,TRUE,201401,2014,1
Data Raw/Clima/Drought/SPI12_gamma_global_era5_moda_ref1991to2020_201402.nc,SPI12_gamma_global_era5_moda_ref1991to2020_201402.nc,FALSE,TRUE,201402,2014,2
Data Raw/Clima/Drought/SPI12_gamma_global_era5_moda_ref1991to2020_201403.nc,SPI12_gamma_global_era5_moda_ref1991to2020_201403.nc,FALSE,TRUE,201403,2014,3
Data Raw/Clima/Drought/SPI12_gamma_global_era5_moda_ref1991to2020_201404.nc,SPI12_gamma_global_era5_moda_ref1991to2020_201404.nc,FALSE,TRUE,201404,2014,4
Data Raw/Clima/Drought/SPI12_gamma_global_era5_moda_ref1991to2020_201405.nc,SPI12_gamma_global_era5_moda_ref1991to2020_201405.nc,FALSE,TRUE,201405,2014,5
Data Raw/Clima/Drought/SPI12_gamma_global_era5_moda_ref1991to2020_201406.nc,SPI12_gamma_global_era5_moda_ref1991to2020_201406.nc,FALSE,TRUE,201406,2014,6
Data Raw/Clima/Drought/SPI12_gamma_global_era5_moda_ref1991to2020_201407.nc,SPI12_gamma_global_era5_moda_ref1991to2020_201407.nc,FALSE,TRUE,201407,2014,7
Data Raw/Clima/Drought/SPI12_gamma_global_era5_moda_ref1991to2020_201408.nc,SPI12_gamma_global_era5_moda_ref1991to2020_201408.nc,FALSE,TRUE,201408,2014,8
Data Raw/Clima/Drought/SPI12_gamma_global_era5_moda_ref1991to2020_201409.nc,SPI12_gamma_global_era5_moda_ref1991to2020_201409.nc,FALSE,TRUE,201409,2014,9
Data Raw/Clima/Drought/SPI12_gamma_global_era5_moda_ref1991to2020_201410.nc,SPI12_gamma_global_era5_moda_ref1991to2020_201410.nc,FALSE,TRUE,201410,2014,10
Data Raw/Clima/Drought/SPI12_gamma_global_era5_moda_ref1991to2020_201411.nc,SPI12_gamma_global_era5_moda_ref1991to2020_201411.nc,FALSE,TRUE,201411,2014,11
Data Raw/Clima/Drought/SPI12_gamma_global_era5_moda_ref1991to2020_201412.nc,SPI12_gamma_global_era5_moda_ref1991to2020_201412.nc,FALSE,TRUE,201412,2014,12
Data Raw/Clima/Drought/SPI12_gamma_global_era5_moda_ref1991to2020_201501.nc,SPI12_gamma_global_era5_moda_ref1991to2020_201501.nc,FALSE,TRUE,201501,2015,1
Data Raw/Clima/Drought/SPI12_gamma_global_era5_moda_ref1991to2020_201502.nc,SPI12_gamma_global_era5_moda_ref1991to2020_201502.nc,FALSE,TRUE,201502,2015,2
Data Raw/Clima/Drought/SPI12_gamma_global_era5_moda_ref1991to2020_201503.nc,SPI12_gamma_global_era5_moda_ref1991to2020_201503.nc,FALSE,TRUE,201503,2015,3
Data Raw/Clima/Drought/SPI12_gamma_global_era5_moda_ref1991to2020_201504.nc,SPI12_gamma_global_era5_moda_ref1991to2020_201504.nc,FALSE,TRUE,201504,2015,4
Data Raw/Clima/Drought/SPI12_gamma_global_era5_moda_ref1991to2020_201505.nc,SPI12_gamma_global_era5_moda_ref1991to2020_201505.nc,FALSE,TRUE,201505,2015,5
Data Raw/Clima/Drought/SPI12_gamma_global_era5_moda_ref1991to2020_201506.nc,SPI12_gamma_global_era5_moda_ref1991to2020_201506.nc,FALSE,TRUE,201506,2015,6
Data Raw/Clima/Drought/SPI12_gamma_global_era5_moda_ref1991to2020_201507.nc,SPI12_gamma_global_era5_moda_ref1991to2020_201507.nc,FALSE,TRUE,201507,2015,7
Data Raw/Clima/Drought/SPI12_gamma_global_era5_moda_ref1991to2020_201508.nc,SPI12_gamma_global_era5_moda_ref1991to2020_201508.nc,FALSE,TRUE,201508,2015,8
Data Raw/Clima/Drought/SPI12_gamma_global_era5_moda_ref1991to2020_201509.nc,SPI12_gamma_global_era5_moda_ref1991to2020_201509.nc,FALSE,TRUE,201509,2015,9
Data Raw/Clima/Drought/SPI12_gamma_global_era5_moda_ref1991to2020_201510.nc,SPI12_gamma_global_era5_moda_ref1991to2020_201510.nc,FALSE,TRUE,201510,2015,10
Data Raw/Clima/Drought/SPI12_gamma_global_era5_moda_ref1991to2020_201511.nc,SPI12_gamma_global_era5_moda_ref1991to2020_201511.nc,FALSE,TRUE,201511,2015,11
Data Raw/Clima/Drought/SPI12_gamma_global_era5_moda_ref1991to2020_201512.nc,SPI12_gamma_global_era5_moda_ref1991to2020_201512.nc,FALSE,TRUE,201512,2015,12
Data Raw/Clima/Drought/SPI12_gamma_global_era5_moda_ref1991to2020_201601.nc,SPI12_gamma_global_era5_moda_ref1991to2020_201601.nc,FALSE,TRUE,201601,2016,1
Data Raw/Clima/Drought/SPI12_gamma_global_era5_moda_ref1991to2020_201602.nc,SPI12_gamma_global_era5_moda_ref1991to2020_201602.nc,FALSE,TRUE,201602,2016,2
Data Raw/Clima/Drought/SPI12_gamma_global_era5_moda_ref1991to2020_201603.nc,SPI12_gamma_global_era5_moda_ref1991to2020_201603.nc,FALSE,TRUE,201603,2016,3
Data Raw/Clima/Drought/SPI12_gamma_global_era5_moda_ref1991to2020_201604.nc,SPI12_gamma_global_era5_moda_ref1991to2020_201604.nc,FALSE,TRUE,201604,2016,4
Data Raw/Clima/Drought/SPI12_gamma_global_era5_moda_ref1991to2020_201605.nc,SPI12_gamma_global_era5_moda_ref1991to2020_201605.nc,FALSE,TRUE,201605,2016,5
Data Raw/Clima/Drought/SPI12_gamma_global_era5_moda_ref1991to2020_201606.nc,SPI12_gamma_global_era5_moda_ref1991to2020_201606.nc,FALSE,TRUE,201606,2016,6
Data Raw/Clima/Drought/SPI12_gamma_global_era5_moda_ref1991to2020_201607.nc,SPI12_gamma_global_era5_moda_ref1991to2020_201607.nc,FALSE,TRUE,201607,2016,7
Data Raw/Clima/Drought/SPI12_gamma_global_era5_moda_ref1991to2020_201608.nc,SPI12_gamma_global_era5_moda_ref1991to2020_201608.nc,FALSE,TRUE,201608,2016,8
Data Raw/Clima/Drought/SPI12_gamma_global_era5_moda_ref1991to2020_201609.nc,SPI12_gamma_global_era5_moda_ref1991to2020_201609.nc,FALSE,TRUE,201609,2016,9
Data Raw/Clima/Drought/SPI12_gamma_global_era5_moda_ref1991to2020_201610.nc,SPI12_gamma_global_era5_moda_ref1991to2020_201610.nc,FALSE,TRUE,201610,2016,10
Data Raw/Clima/Drought/SPI12_gamma_global_era5_moda_ref1991to2020_201611.nc,SPI12_gamma_global_era5_moda_ref1991to2020_201611.nc,FALSE,TRUE,201611,2016,11
Data Raw/Clima/Drought/SPI12_gamma_global_era5_moda_ref1991to2020_201612.nc,SPI12_gamma_global_era5_moda_ref1991to2020_201612.nc,FALSE,TRUE,201612,2016,12
Data Raw/Clima/Drought/SPI12_gamma_global_era5_moda_ref1991to2020_201701.nc,SPI12_gamma_global_era5_moda_ref1991to2020_201701.nc,FALSE,TRUE,201701,2017,1
Data Raw/Clima/Drought/SPI12_gamma_global_era5_moda_ref1991to2020_201702.nc,SPI12_gamma_global_era5_moda_ref1991to2020_201702.nc,FALSE,TRUE,201702,2017,2
Data Raw/Clima/Drought/SPI12_gamma_global_era5_moda_ref1991to2020_201703.nc,SPI12_gamma_global_era5_moda_ref1991to2020_201703.nc,FALSE,TRUE,201703,2017,3
Data Raw/Clima/Drought/SPI12_gamma_global_era5_moda_ref1991to2020_201704.nc,SPI12_gamma_global_era5_moda_ref1991to2020_201704.nc,FALSE,TRUE,201704,2017,4
Data Raw/Clima/Drought/SPI12_gamma_global_era5_moda_ref1991to2020_201705.nc,SPI12_gamma_global_era5_moda_ref1991to2020_201705.nc,FALSE,TRUE,201705,2017,5
Data Raw/Clima/Drought/SPI12_gamma_global_era5_moda_ref1991to2020_201706.nc,SPI12_gamma_global_era5_moda_ref1991to2020_201706.nc,FALSE,TRUE,201706,2017,6
Data Raw/Clima/Drought/SPI12_gamma_global_era5_moda_ref1991to2020_201707.nc,SPI12_gamma_global_era5_moda_ref1991to2020_201707.nc,FALSE,TRUE,201707,2017,7
Data Raw/Clima/Drought/SPI12_gamma_global_era5_moda_ref1991to2020_201708.nc,SPI12_gamma_global_era5_moda_ref1991to2020_201708.nc,FALSE,TRUE,201708,2017,8
Data Raw/Clima/Drought/SPI12_gamma_global_era5_moda_ref1991to2020_201709.nc,SPI12_gamma_global_era5_moda_ref1991to2020_201709.nc,FALSE,TRUE,201709,2017,9
Data Raw/Clima/Drought/SPI12_gamma_global_era5_moda_ref1991to2020_201710.nc,SPI12_gamma_global_era5_moda_ref1991to2020_201710.nc,FALSE,TRUE,201710,2017,10
Data Raw/Clima/Drought/SPI12_gamma_global_era5_moda_ref1991to2020_201711.nc,SPI12_gamma_global_era5_moda_ref1991to2020_201711.nc,FALSE,TRUE,201711,2017,11
Data Raw/Clima/Drought/SPI12_gamma_global_era5_moda_ref1991to2020_201712.nc,SPI12_gamma_global_era5_moda_ref1991to2020_201712.nc,FALSE,TRUE,201712,2017,12
Data Raw/Clima/Drought/SPI12_gamma_global_era5_moda_ref1991to2020_201801.nc,SPI12_gamma_global_era5_moda_ref1991to2020_201801.nc,FALSE,TRUE,201801,2018,1
Data Raw/Clima/Drought/SPI12_gamma_global_era5_moda_ref1991to2020_201802.nc,SPI12_gamma_global_era5_moda_ref1991to2020_201802.nc,FALSE,TRUE,201802,2018,2
Data Raw/Clima/Drought/SPI12_gamma_global_era5_moda_ref1991to2020_201803.nc,SPI12_gamma_global_era5_moda_ref1991to2020_201803.nc,FALSE,TRUE,201803,2018,3
Data Raw/Clima/Drought/SPI12_gamma_global_era5_moda_ref1991to2020_201804.nc,SPI12_gamma_global_era5_moda_ref1991to2020_201804.nc,FALSE,TRUE,201804,2018,4
Data Raw/Clima/Drought/SPI12_gamma_global_era5_moda_ref1991to2020_201805.nc,SPI12_gamma_global_era5_moda_ref1991to2020_201805.nc,FALSE,TRUE,201805,2018,5
Data Raw/Clima/Drought/SPI12_gamma_global_era5_moda_ref1991to2020_201806.nc,SPI12_gamma_global_era5_moda_ref1991to2020_201806.nc,FALSE,TRUE,201806,2018,6
Data Raw/Clima/Drought/SPI12_gamma_global_era5_moda_ref1991to2020_201807.nc,SPI12_gamma_global_era5_moda_ref1991to2020_201807.nc,FALSE,TRUE,201807,2018,7
Data Raw/Clima/Drought/SPI12_gamma_global_era5_moda_ref1991to2020_201808.nc,SPI12_gamma_global_era5_moda_ref1991to2020_201808.nc,FALSE,TRUE,201808,2018,8
Data Raw/Clima/Drought/SPI12_gamma_global_era5_moda_ref1991to2020_201809.nc,SPI12_gamma_global_era5_moda_ref1991to2020_201809.nc,FALSE,TRUE,201809,2018,9
Data Raw/Clima/Drought/SPI12_gamma_global_era5_moda_ref1991to2020_201810.nc,SPI12_gamma_global_era5_moda_ref1991to2020_201810.nc,FALSE,TRUE,201810,2018,10
Data Raw/Clima/Drought/SPI12_gamma_global_era5_moda_ref1991to2020_201811.nc,SPI12_gamma_global_era5_moda_ref1991to2020_201811.nc,FALSE,TRUE,201811,2018,11
Data Raw/Clima/Drought/SPI12_gamma_global_era5_moda_ref1991to2020_201812.nc,SPI12_gamma_global_era5_moda_ref1991to2020_201812.nc,FALSE,TRUE,201812,2018,12
Data Raw/Clima/Drought/SPI12_gamma_global_era5_moda_ref1991to2020_201901.nc,SPI12_gamma_global_era5_moda_ref1991to2020_201901.nc,FALSE,TRUE,201901,2019,1
Data Raw/Clima/Drought/SPI12_gamma_global_era5_moda_ref1991to2020_201902.nc,SPI12_gamma_global_era5_moda_ref1991to2020_201902.nc,FALSE,TRUE,201902,2019,2
Data Raw/Clima/Drought/SPI12_gamma_global_era5_moda_ref1991to2020_201903.nc,SPI12_gamma_global_era5_moda_ref1991to2020_201903.nc,FALSE,TRUE,201903,2019,3
Data Raw/Clima/Drought/SPI12_gamma_global_era5_moda_ref1991to2020_201904.nc,SPI12_gamma_global_era5_moda_ref1991to2020_201904.nc,FALSE,TRUE,201904,2019,4
Data Raw/Clima/Drought/SPI12_gamma_global_era5_moda_ref1991to2020_201905.nc,SPI12_gamma_global_era5_moda_ref1991to2020_201905.nc,FALSE,TRUE,201905,2019,5
Data Raw/Clima/Drought/SPI12_gamma_global_era5_moda_ref1991to2020_201906.nc,SPI12_gamma_global_era5_moda_ref1991to2020_201906.nc,FALSE,TRUE,201906,2019,6
Data Raw/Clima/Drought/SPI12_gamma_global_era5_moda_ref1991to2020_201907.nc,SPI12_gamma_global_era5_moda_ref1991to2020_201907.nc,FALSE,TRUE,201907,2019,7
Data Raw/Clima/Drought/SPI12_gamma_global_era5_moda_ref1991to2020_201908.nc,SPI12_gamma_global_era5_moda_ref1991to2020_201908.nc,FALSE,TRUE,201908,2019,8
Data Raw/Clima/Drought/SPI12_gamma_global_era5_moda_ref1991to2020_201909.nc,SPI12_gamma_global_era5_moda_ref1991to2020_201909.nc,FALSE,TRUE,201909,2019,9
Data Raw/Clima/Drought/SPI12_gamma_global_era5_moda_ref1991to2020_201910.nc,SPI12_gamma_global_era5_moda_ref1991to2020_201910.nc,FALSE,TRUE,201910,2019,10
Data Raw/Clima/Drought/SPI12_gamma_global_era5_moda_ref1991to2020_201911.nc,SPI12_gamma_global_era5_moda_ref1991to2020_201911.nc,FALSE,TRUE,201911,2019,11
Data Raw/Clima/Drought/SPI12_gamma_global_era5_moda_ref1991to2020_201912.nc,SPI12_gamma_global_era5_moda_ref1991to2020_201912.nc,FALSE,TRUE,201912,2019,12
Data Raw/Clima/Drought/SPI12_gamma_global_era5_moda_ref1991to2020_202001.nc,SPI12_gamma_global_era5_moda_ref1991to2020_202001.nc,FALSE,TRUE,202001,2020,1
Data Raw/Clima/Drought/SPI12_gamma_global_era5_moda_ref1991to2020_202002.nc,SPI12_gamma_global_era5_moda_ref1991to2020_202002.nc,FALSE,TRUE,202002,2020,2
Data Raw/Clima/Drought/SPI12_gamma_global_era5_moda_ref1991to2020_202003.nc,SPI12_gamma_global_era5_moda_ref1991to2020_202003.nc,FALSE,TRUE,202003,2020,3
Data Raw/Clima/Drought/SPI12_gamma_global_era5_moda_ref1991to2020_202004.nc,SPI12_gamma_global_era5_moda_ref1991to2020_202004.nc,FALSE,TRUE,202004,2020,4
Data Raw/Clima/Drought/SPI12_gamma_global_era5_moda_ref1991to2020_202005.nc,SPI12_gamma_global_era5_moda_ref1991to2020_202005.nc,FALSE,TRUE,202005,2020,5
Data Raw/Clima/Drought/SPI12_gamma_global_era5_moda_ref1991to2020_202006.nc,SPI12_gamma_global_era5_moda_ref1991to2020_202006.nc,FALSE,TRUE,202006,2020,6
Data Raw/Clima/Drought/SPI12_gamma_global_era5_moda_ref1991to2020_202007.nc,SPI12_gamma_global_era5_moda_ref1991to2020_202007.nc,FALSE,TRUE,202007,2020,7
Data Raw/Clima/Drought/SPI12_gamma_global_era5_moda_ref1991to2020_202008.nc,SPI12_gamma_global_era5_moda_ref1991to2020_202008.nc,FALSE,TRUE,202008,2020,8
Data Raw/Clima/Drought/SPI12_gamma_global_era5_moda_ref1991to2020_202009.nc,SPI12_gamma_global_era5_moda_ref1991to2020_202009.nc,FALSE,TRUE,202009,2020,9
Data Raw/Clima/Drought/SPI12_gamma_global_era5_moda_ref1991to2020_202010.nc,SPI12_gamma_global_era5_moda_ref1991to2020_202010.nc,FALSE,TRUE,202010,2020,10
Data Raw/Clima/Drought/SPI12_gamma_global_era5_moda_ref1991to2020_202011.nc,SPI12_gamma_global_era5_moda_ref1991to2020_202011.nc,FALSE,TRUE,202011,2020,11
Data Raw/Clima/Drought/SPI12_gamma_global_era5_moda_ref1991to2020_202012.nc,SPI12_gamma_global_era5_moda_ref1991to2020_202012.nc,FALSE,TRUE,202012,2020,12
Data Raw/Clima/Drought/SPI12_gamma_global_era5_moda_ref1991to2020_202101.nc,SPI12_gamma_global_era5_moda_ref1991to2020_202101.nc,FALSE,TRUE,202101,2021,1
Data Raw/Clima/Drought/SPI12_gamma_global_era5_moda_ref1991to2020_202102.nc,SPI12_gamma_global_era5_moda_ref1991to2020_202102.nc,FALSE,TRUE,202102,2021,2
Data Raw/Clima/Drought/SPI12_gamma_global_era5_moda_ref1991to2020_202103.nc,SPI12_gamma_global_era5_moda_ref1991to2020_202103.nc,FALSE,TRUE,202103,2021,3
Data Raw/Clima/Drought/SPI12_gamma_global_era5_moda_ref1991to2020_202104.nc,SPI12_gamma_global_era5_moda_ref1991to2020_202104.nc,FALSE,TRUE,202104,2021,4
Data Raw/Clima/Drought/SPI12_gamma_global_era5_moda_ref1991to2020_202105.nc,SPI12_gamma_global_era5_moda_ref1991to2020_202105.nc,FALSE,TRUE,202105,2021,5
Data Raw/Clima/Drought/SPI12_gamma_global_era5_moda_ref1991to2020_202106.nc,SPI12_gamma_global_era5_moda_ref1991to2020_202106.nc,FALSE,TRUE,202106,2021,6
Data Raw/Clima/Drought/SPI12_gamma_global_era5_moda_ref1991to2020_202107.nc,SPI12_gamma_global_era5_moda_ref1991to2020_202107.nc,FALSE,TRUE,202107,2021,7
Data Raw/Clima/Drought/SPI12_gamma_global_era5_moda_ref1991to2020_202108.nc,SPI12_gamma_global_era5_moda_ref1991to2020_202108.nc,FALSE,TRUE,202108,2021,8
Data Raw/Clima/Drought/SPI12_gamma_global_era5_moda_ref1991to2020_202109.nc,SPI12_gamma_global_era5_moda_ref1991to2020_202109.nc,FALSE,TRUE,202109,2021,9
Data Raw/Clima/Drought/SPI12_gamma_global_era5_moda_ref1991to2020_202110.nc,SPI12_gamma_global_era5_moda_ref1991to2020_202110.nc,FALSE,TRUE,202110,2021,10
Data Raw/Clima/Drought/SPI12_gamma_global_era5_moda_ref1991to2020_202111.nc,SPI12_gamma_global_era5_moda_ref1991to2020_202111.nc,FALSE,TRUE,202111,2021,11
Data Raw/Clima/Drought/SPI12_gamma_global_era5_moda_ref1991to2020_202112.nc,SPI12_gamma_global_era5_moda_ref1991to2020_202112.nc,FALSE,TRUE,202112,2021,12
Data Raw/Clima/Drought/SPI12_gamma_global_era5_moda_ref1991to2020_202201.nc,SPI12_gamma_global_era5_moda_ref1991to2020_202201.nc,FALSE,TRUE,202201,2022,1
Data Raw/Clima/Drought/SPI12_gamma_global_era5_moda_ref1991to2020_202202.nc,SPI12_gamma_global_era5_moda_ref1991to2020_202202.nc,FALSE,TRUE,202202,2022,2
Data Raw/Clima/Drought/SPI12_gamma_global_era5_moda_ref1991to2020_202203.nc,SPI12_gamma_global_era5_moda_ref1991to2020_202203.nc,FALSE,TRUE,202203,2022,3
Data Raw/Clima/Drought/SPI12_gamma_global_era5_moda_ref1991to2020_202204.nc,SPI12_gamma_global_era5_moda_ref1991to2020_202204.nc,FALSE,TRUE,202204,2022,4
Data Raw/Clima/Drought/SPI12_gamma_global_era5_moda_ref1991to2020_202205.nc,SPI12_gamma_global_era5_moda_ref1991to2020_202205.nc,FALSE,TRUE,202205,2022,5
Data Raw/Clima/Drought/SPI12_gamma_global_era5_moda_ref1991to2020_202206.nc,SPI12_gamma_global_era5_moda_ref1991to2020_202206.nc,FALSE,TRUE,202206,2022,6
Data Raw/Clima/Drought/SPI12_gamma_global_era5_moda_ref1991to2020_202207.nc,SPI12_gamma_global_era5_moda_ref1991to2020_202207.nc,FALSE,TRUE,202207,2022,7
Data Raw/Clima/Drought/SPI12_gamma_global_era5_moda_ref1991to2020_202208.nc,SPI12_gamma_global_era5_moda_ref1991to2020_202208.nc,FALSE,TRUE,202208,2022,8
Data Raw/Clima/Drought/SPI12_gamma_global_era5_moda_ref1991to2020_202209.nc,SPI12_gamma_global_era5_moda_ref1991to2020_202209.nc,FALSE,TRUE,202209,2022,9
Data Raw/Clima/Drought/SPI12_gamma_global_era5_moda_ref1991to2020_202210.nc,SPI12_gamma_global_era5_moda_ref1991to2020_202210.nc,FALSE,TRUE,202210,2022,10
Data Raw/Clima/Drought/SPI12_gamma_global_era5_moda_ref1991to2020_202211.nc,SPI12_gamma_global_era5_moda_ref1991to2020_202211.nc,FALSE,TRUE,202211,2022,11
Data Raw/Clima/Drought/SPI12_gamma_global_era5_moda_ref1991to2020_202212.nc,SPI12_gamma_global_era5_moda_ref1991to2020_202212.nc,FALSE,TRUE,202212,2022,12
Data Raw/Clima/Drought/SPI12_gamma_global_era5_moda_ref1991to2020_202301.nc,SPI12_gamma_global_era5_moda_ref1991to2020_202301.nc,FALSE,TRUE,202301,2023,1
Data Raw/Clima/Drought/SPI12_gamma_global_era5_moda_ref1991to2020_202302.nc,SPI12_gamma_global_era5_moda_ref1991to2020_202302.nc,FALSE,TRUE,202302,2023,2
Data Raw/Clima/Drought/SPI12_gamma_global_era5_moda_ref1991to2020_202303.nc,SPI12_gamma_global_era5_moda_ref1991to2020_202303.nc,FALSE,TRUE,202303,2023,3
Data Raw/Clima/Drought/SPI12_gamma_global_era5_moda_ref1991to2020_202304.nc,SPI12_gamma_global_era5_moda_ref1991to2020_202304.nc,FALSE,TRUE,202304,2023,4
Data Raw/Clima/Drought/SPI12_gamma_global_era5_moda_ref1991to2020_202305.nc,SPI12_gamma_global_era5_moda_ref1991to2020_202305.nc,FALSE,TRUE,202305,2023,5
Data Raw/Clima/Drought/SPI12_gamma_global_era5_moda_ref1991to2020_202306.nc,SPI12_gamma_global_era5_moda_ref1991to2020_202306.nc,FALSE,TRUE,202306,2023,6
Data Raw/Clima/Drought/SPI12_gamma_global_era5_moda_ref1991to2020_202307.nc,SPI12_gamma_global_era5_moda_ref1991to2020_202307.nc,FALSE,TRUE,202307,2023,7
Data Raw/Clima/Drought/SPI12_gamma_global_era5_moda_ref1991to2020_202308.nc,SPI12_gamma_global_era5_moda_ref1991to2020_202308.nc,FALSE,TRUE,202308,2023,8
Data Raw/Clima/Drought/SPI12_gamma_global_era5_moda_ref1991to2020_202309.nc,SPI12_gamma_global_era5_moda_ref1991to2020_202309.nc,FALSE,TRUE,202309,2023,9
Data Raw/Clima/Drought/SPI12_gamma_global_era5_moda_ref1991to2020_202310.nc,SPI12_gamma_global_era5_moda_ref1991to2020_202310.nc,FALSE,TRUE,202310,2023,10
Data Raw/Clima/Drought/SPI12_gamma_global_era5_moda_ref1991to2020_202311.nc,SPI12_gamma_global_era5_moda_ref1991to2020_202311.nc,FALSE,TRUE,202311,2023,11
Data Raw/Clima/Drought/SPI12_gamma_global_era5_moda_ref1991to2020_202312.nc,SPI12_gamma_global_era5_moda_ref1991to2020_202312.nc,FALSE,TRUE,202312,2023,12
Data Raw/Clima/Drought/SPI12_gamma_global_era5_moda_ref1991to2020_202401.nc,SPI12_gamma_global_era5_moda_ref1991to2020_202401.nc,FALSE,TRUE,202401,2024,1
Data Raw/Clima/Drought/SPI12_gamma_global_era5_moda_ref1991to2020_202402.nc,SPI12_gamma_global_era5_moda_ref1991to2020_202402.nc,FALSE,TRUE,202402,2024,2
Data Raw/Clima/Drought/SPI12_gamma_global_era5_moda_ref1991to2020_202403.nc,SPI12_gamma_global_era5_moda_ref1991to2020_202403.nc,FALSE,TRUE,202403,2024,3
Data Raw/Clima/Drought/SPI12_gamma_global_era5_moda_ref1991to2020_202404.nc,SPI12_gamma_global_era5_moda_ref1991to2020_202404.nc,FALSE,TRUE,202404,2024,4
Data Raw/Clima/Drought/SPI12_gamma_global_era5_moda_ref1991to2020_202405.nc,SPI12_gamma_global_era5_moda_ref1991to2020_202405.nc,FALSE,TRUE,202405,2024,5
Data Raw/Clima/Drought/SPI12_gamma_global_era5_moda_ref1991to2020_202406.nc,SPI12_gamma_global_era5_moda_ref1991to2020_202406.nc,FALSE,TRUE,202406,2024,6
Data Raw/Clima/Drought/SPI12_gamma_global_era5_moda_ref1991to2020_202407.nc,SPI12_gamma_global_era5_moda_ref1991to2020_202407.nc,FALSE,TRUE,202407,2024,7
Data Raw/Clima/Drought/SPI12_gamma_global_era5_moda_ref1991to2020_202408.nc,SPI12_gamma_global_era5_moda_ref1991to2020_202408.nc,FALSE,TRUE,202408,2024,8
Data Raw/Clima/Drought/SPI12_gamma_global_era5_moda_ref1991to2020_202409.nc,SPI12_gamma_global_era5_moda_ref1991to2020_202409.nc,FALSE,TRUE,202409,2024,9
Data Raw/Clima/Drought/SPI12_gamma_global_era5_moda_ref1991to2020_202410.nc,SPI12_gamma_global_era5_moda_ref1991to2020_202410.nc,FALSE,TRUE,202410,2024,10
Data Raw/Clima/Drought/SPI12_gamma_global_era5_moda_ref1991to2020_202411.nc,SPI12_gamma_global_era5_moda_ref1991to2020_202411.nc,FALSE,TRUE,202411,2024,11
Data Raw/Clima/Drought/SPI12_gamma_global_era5_moda_ref1991to2020_202412.nc,SPI12_gamma_global_era5_moda_ref1991to2020_202412.nc,FALSE,TRUE,202412,2024,12
Data Raw/Clima/Drought/SPI12_gamma_global_era5_moda_ref1991to2020_202501.nc,SPI12_gamma_global_era5_moda_ref1991to2020_202501.nc,FALSE,TRUE,202501,2025,1
Data Raw/Clima/Drought/SPI12_gamma_global_era5_moda_ref1991to2020_202502.nc,SPI12_gamma_global_era5_moda_ref1991to2020_202502.nc,FALSE,TRUE,202502,2025,2
Data Raw/Clima/Drought/SPI12_gamma_global_era5_moda_ref1991to2020_202503.nc,SPI12_gamma_global_era5_moda_ref1991to2020_202503.nc,FALSE,TRUE,202503,2025,3
Data Raw/Clima/Drought/SPI12_gamma_global_era5_moda_ref1991to2020_202504.nc,SPI12_gamma_global_era5_moda_ref1991to2020_202504.nc,FALSE,TRUE,202504,2025,4
Data Raw/Clima/Drought/SPI12_gamma_global_era5_moda_ref1991to2020_202505.nc,SPI12_gamma_global_era5_moda_ref1991to2020_202505.nc,FALSE,TRUE,202505,2025,5
Data Raw/Clima/Drought/SPI12_gamma_global_era5_moda_ref1991to2020_202506.nc,SPI12_gamma_global_era5_moda_ref1991to2020_202506.nc,FALSE,TRUE,202506,2025,6
Data Raw/Clima/Drought/SPI12_gamma_global_era5_moda_ref1991to2020_202507.nc,SPI12_gamma_global_era5_moda_ref1991to2020_202507.nc,FALSE,TRUE,202507,2025,7
Data Raw/Clima/Drought/SPI12_gamma_global_era5_moda_ref1991to2020_202508.nc,SPI12_gamma_global_era5_moda_ref1991to2020_202508.nc,FALSE,TRUE,202508,2025,8
Data Raw/Clima/Drought/SPI12_gamma_global_era5_moda_ref1991to2020_202509.nc,SPI12_gamma_global_era5_moda_ref1991to2020_202509.nc,FALSE,TRUE,202509,2025,9
Data Raw/Clima/Drought/SPI12_gamma_global_era5_moda_ref1991to2020_202510.nc,SPI12_gamma_global_era5_moda_ref1991to2020_202510.nc,FALSE,TRUE,202510,2025,10
Data Raw/Clima/Drought/SPI12_gamma_global_era5_moda_ref1991to2020_202511.nc,SPI12_gamma_global_era5_moda_ref1991to2020_202511.nc,FALSE,TRUE,202511,2025,11
Data Raw/Clima/Drought/SPI12_gamma_global_era5_moda_ref1991to2020_202512.nc,SPI12_gamma_global_era5_moda_ref1991to2020_202512.nc,FALSE,TRUE,202512,2025,12
Data Raw/Clima/Drought/SPI12_gamma_global_era5_moda_ref1991to2020_202601.nc,SPI12_gamma_global_era5_moda_ref1991to2020_202601.nc,FALSE,TRUE,202601,2026,1
Data Raw/Clima/Drought/SPI12_gamma_global_era5_moda_ref1991to2020_202602.nc,SPI12_gamma_global_era5_moda_ref1991to2020_202602.nc,FALSE,TRUE,202602,2026,2
Data Raw/Clima/Drought/SPI12_gamma_global_era5_moda_ref1991to2020_202603.nc,SPI12_gamma_global_era5_moda_ref1991to2020_202603.nc,FALSE,TRUE,202603,2026,3
